"","X1.x","CountryName","CountryCode","finalrank_comm","X1.y","rank_eng1","rank_eng2","score_edu","finalrank_edu","X1.x.x","mean_CO2","finalrank_emission","X1.y.y","finalrank_env","X1.x.x.x","Year.x","SN.ITK.DFCT","finalrank_deficit","X1.y.y.y","rank_gen","score_gen","finalrank_gen","X1.x.x.x.x","finalrank_pop1","finalrank_pop2","finalrank_pop3","score_pop","finalrank_pop","X1.y.y.y.y","Year.y","SL.EMP.WORK.ZS","finalrank_empl","X1.x.x.x.x.x","finalrank_eng1","finalrank_eng2","finalrank_eng3","finalrank_eng4","score_eng","finalrank_eng","X1.y.y.y.y.y","IC.LGL.CRED.XQ","rank.legal","VC.IHR.PSRC.P5","rank.homi","finalscore_security","X1.x.x.x.x.x.x","Year","ST.INT.DPRT","SP.POP.TOTL","finalrank_tourism","X1.y.y.y.y.y.y","finalrank_mil","finalrank_ppp","finalrank_gdp","finalrank_gdpg","finalrank_infl","score_gdp","finalrank_GDP","X1.x.x.x.x.x.x.x","SL.UEM.NEET.ZS","SP.DYN.IMRT.IN","rank.imr","rank.neet","finalscore_child","X1.y.y.y.y.y.y.y","finalrank_diversity","X1","finalrank_hpi1","finalrank_hpi2","finalrank_hpi3","score_hpi","finalrank_hpi"
"1",1,"Afghanistan","AFG",174.5,73,122,123,122.5,122,1,0.36409925,35,1,204,1,2014,155,71,1,48,48,50,1,73,125,177,125,165.5,NA,NA,NA,NA,1,61,61,61,61,61,102,1,9,4,6.450818,121,70,NA,NA,NA,NA,NA,1,80,101,184,67,132,112.8,130,1,17.3627358490566,66.3,149,54,127,31,31,1,105,40,87,77.3333333333333,126
"2",2,"Albania","ALB",99,56,36,39,37.5,36,2,1.561335,77,2,125,NA,NA,NA,NA,2,81,81,85,2,125,17,47,63,31,43,2013,40.2,98,2,1,123,41,73,59.5,94.5,2,7,7,4.028823,99,58,1,2013,3928000,2897366,10,2,73,120,114,86,69,92.4,87,2,30.54,12.5,57,88,82,147,147,2,34,23,11,22.6666666666667,23
"3",3,"Algeria","DZA",144.5,NA,NA,NA,NA,NA,3,3.312975,110,3,179,2,2014,24,16,3,32,32,34,3,30,54.5,79,54.5,16,1,2014,70.9,62,3,1,5,131,96,58.25,91,3,2,15,1.25025,38,25,89,2012,1911000,38186135,87,3,151,32,105,122,108,103.6,114,3,22.8,21.9,84,74,91,111,111,3,63,22,25,36.6666666666667,53
"4",4,"Andorra","ADO",72.5,NA,NA,NA,NA,NA,4,6.0467275,144,5,112.5,NA,NA,NA,NA,4,17,17,17,NA,NA,NA,NA,NA,NA,NA,NA,NA,NA,NA,NA,NA,NA,NA,NA,NA,NA,NA,NA,NA,NA,NA,NA,NA,NA,NA,NA,NA,NA,NA,NA,NA,NA,NA,NA,4,17.3627358490566,2.1,5,54,23,NA,NA,NA,NA,NA,NA,NA,NA
"5",5,"Angola","AGO",164,6,112,102,107,107,5,1.377831,70,6,63.5,3,2014,114,61,5,22,22,22,4,37,117,197,117,143,NA,NA,NA,NA,4,68,146,24,121,89.75,157,4,1,16,10.84578,163,103,NA,NA,NA,NA,NA,4,142,66,107,121,169,121,143,5,17.3627358490566,96,158,54,136,29,29,NA,NA,NA,NA,NA,NA
"6",6,"Antigua and Barbuda","ATG",62,NA,NA,NA,NA,NA,6,5.9175365,141,7,173.5,NA,NA,NA,NA,6,140,140,152,5,161,112.5,64,112.5,137,NA,NA,NA,NA,NA,NA,NA,NA,NA,NA,NA,5,5,11,11.22525,165,100,NA,NA,NA,NA,NA,NA,NA,NA,NA,NA,NA,NA,NA,6,17.3627358490566,5.8,27,54,37,NA,NA,NA,NA,NA,NA,NA,NA
"7",7,"Argentina","ARG",24,7,34,32,33,27.5,7,4.4521605,126,8,166.5,4,2014,6,3,7,25,25,25,6,29,75,63,55.6666666666667,18,44,2013,75.3,54,5,3,54,103,63,55.75,79,6,2,15,7.033634,128,79,2,2013,7544000,42538304,60,5,21,49.6666666666667,63,65,49.6666666666667,49.6666666666667,8,7,18.6,11.1,49,58,52,120,120,4,41,14,17,24,25.5
"8",8,"Armenia","ARM",92,74,13,9,11,10.5,8,1.5473275,76,9,155.5,5,2014,41,27,8,143,143,155,7,124,28,81,77.6666666666667,67,45,2013,57.2,81,6,1,45,72,80,49.5,62,7,5,11,2.018127,63,38,3,2013,1083000,2992192,45,6,145,134,126,43,123,114.2,134.5,8,40.9,12.6,58,95,87,141,141,5,43,37,57,45.6666666666667,78
"9",9,"Aruba","ABW",20,104,41,40,40.5,41.5,9,24.052555,199,10,207,NA,NA,NA,NA,NA,NA,NA,NA,8,202,135.5,69,135.5,182,121,2010,89.3,19,7,22,44,33,33,33,14,NA,NA,NA,NA,NA,NA,NA,NA,NA,NA,NA,NA,NA,NA,NA,NA,NA,NA,NA,NA,NA,NA,NA,NA,NA,NA,NA,NA,NA,NA,NA,NA,NA
"10",10,"Australia","AUS",21,NA,NA,NA,NA,NA,10,16.615055,191,11,123,NA,NA,NA,NA,9,51,51,53,9,4,46,10,20,3,46,2013,89.6,18,8,1,52,110,12,43.75,48,8,11,2,1.072805,33,15,4,2013,8768000,23125868,43,7,100,20,9,132,70,66.2,31,9,9.84,3,12,25,13,140,140,6,10,6,82,32.6666666666667,46.5
"11",11,"Austria","AUT",11,57,71,NA,NA,125,11,7.948838,166,12,27.5,NA,NA,NA,NA,10,39,39,41,10,123,23,24,56.6666666666667,20,2,2014,86.7,29,9,1,119,51,17,47,53.5,9,5,11,0.7143091,13,8,5,2013,10671000,8479375,12,8,22,41,18,141,59,56.2,10,10,7.7,2.9,11,18,8,145,145,7,14,5,34,17.6666666666667,9.5
"12",12,"Azerbaijan","AZE",85,1,3,4,3.5,2.5,12,3.5178025,113,13,154,6,2014,11,6,11,111,111,121,11,131,127,123,127,171,47,2013,33.5,105,10,1,26,125,75,56.75,84.5,10,2,15,2.358848,67,42,6,2013,4285000,9416801,39,9,150,65,86,107,102,102,110,11,17.3627358490566,27.9,96,54,85,129,129,NA,NA,NA,NA,NA,NA
"13",13,"Bahamas, The","BHS",106,NA,NA,NA,NA,NA,13,6.0145825,142,14,129,NA,NA,NA,NA,12,125,125,136,12,61,68,75,68,41.5,111,2011,85.4,34,11,1,18,9.5,9.5,9.5,3,11,6,8,29.70479,188,116,NA,NA,NA,NA,NA,NA,NA,NA,NA,NA,NA,NA,NA,12,17.3627358490566,9.9,45,54,47,NA,NA,NA,NA,NA,NA,NA,NA
"14",14,"Bahrain","BHR",1,105,66,54,60,61.5,14,18.191175,193,15,184,NA,NA,NA,NA,13,155,155,167,13,212,134.5,57,134.5,179,122,2010,96.8,3,12,10,48.6666666666667,133,3,48.6666666666667,58,12,1,16,0.545038,6,6,NA,NA,NA,NA,NA,10,143,100,42,121,52,91.6,85,13,17.3627358490566,5.3,25,54,36,68,68,NA,NA,NA,NA,NA,NA
"15",15,"Bangladesh","BGD",169.5,8,106,111,108.5,108,15,0.37118855,37,16,176,7,2014,118,62,14,85,85,90,14,208,30,116,118,148.5,112,2011,29.4,106,13,47,124,62,118,87.75,152,13,6,8,2.792111,78,45,NA,NA,NA,NA,NA,11,56,37,173,22,149,87.4,71,14,40.3,30.7,101,94,120,124,124,8,72,31,7,36.6666666666667,53
"16",16,"Barbados","BRB",64,NA,NA,NA,NA,NA,16,5.505258,136,17,193,8,2014,23,15,15,102,102,110.5,15,205,136.5,68,136.5,183,48,2013,83.2,42,14,22,57,39.5,39.5,39.5,27.5,14,7,7,8.441813,146,86,NA,NA,NA,NA,NA,NA,NA,NA,NA,NA,NA,NA,NA,15,17.3627358490566,12,55,54,54,NA,NA,NA,NA,NA,NA,NA,NA
"17",17,"Belarus","BLR",66,NA,NA,NA,NA,NA,17,6.61953,153,18,88.5,NA,NA,NA,NA,16,49,49,51,16,69,4,111,61.3333333333333,29,NA,NA,NA,NA,15,1,48,104,54,51.75,66,15,2,15,3.634271,94,61,7,2013,708000,9466000,75,12,65,63,90,50,67,67,33.5,16,17.3627358490566,3.4,16,54,31,100,100,9,44,21,79,48,85
"18",18,"Belgium","BEL",46,NA,NA,NA,NA,NA,18,9.419687,174,19,69.5,NA,NA,NA,NA,17,16,16,16,17,190,14,30,78,68,3,2014,85.4,34,16,1,49,54,19,30.75,11,16,4,13,1.764318,57,36,8,2013,10818000,11182817,17,13,37,34,21,155,49,59.2,15,17,12.05,3.3,15,39,19,65,65,10,19,9,70,32.6666666666667,46.5
"19",19,"Belize","BLZ",158,NA,NA,NA,NA,NA,19,1.6963065,83,20,11,9,2014,41,27,18,168,168,180.5,18,28,77.5,127,77.5,65.5,NA,NA,NA,NA,17,1,104,52.5,52.5,52.5,70,17,4,13,45.09472,198,123,NA,NA,NA,NA,NA,14,38,173,111,146,6,94.8,92.5,18,27.87,14.2,65,83,83,NA,NA,11,57,17,23,32.3333333333333,45
"20",20,"Benin","BEN",159.5,NA,NA,NA,NA,NA,20,0.5258667,41,21,38,10,2014,62,36,19,157,157,169,19,118,80,179,125.666666666667,169,123,2010,8.1,121,18,66,141,26,77.6666666666667,77.6666666666667,137,18,6,8,6.32845,120,72,NA,NA,NA,NA,NA,15,32,138,176,105,61,102.4,111,19,20,64.2,146,67,137,55,55,12,106,43,109,86,137.5
"21",21,"Bermuda","BMU",64,NA,NA,NA,NA,NA,21,6.698623,154,22,155.5,NA,NA,NA,NA,NA,NA,NA,NA,20,209,118.5,28,118.5,151.5,91,2012,82.4,44,NA,NA,NA,NA,NA,NA,NA,NA,NA,NA,NA,NA,NA,NA,NA,NA,NA,NA,NA,NA,NA,NA,NA,NA,NA,NA,NA,NA,NA,NA,NA,NA,NA,NA,NA,NA,NA,NA,NA,NA
"22",22,"Bhutan","BTN",140,NA,NA,NA,NA,NA,22,0.7216753,52,23,4.5,NA,NA,NA,NA,20,154,154,166,21,39,62,134,78.3333333333333,69.5,92,2012,27.5,108,19,38,182,110,110,110,176,19,4,13,2.470447,69,42,NA,NA,NA,NA,NA,NA,NA,NA,NA,NA,NA,NA,NA,20,17.3627358490566,27.2,95,54,84,58,58,13,75,22,44,47,81
"23",23,"Bolivia","BOL",131,58,45,56,50.5,51,23,1.573579,78,24,27.5,11,2014,128,66,21,2,2,2,22,16,88,141,81.6666666666667,78,113,2011,39.5,99,20,24,106,71,108,77.25,135.5,20,0,17,12.09497,168,109,9,2013,837000,10399931,72,16,84,94,140,49,128,99,107.5,21,17.3627358490566,30.6,100,54,88,32,32,14,85,19,73,59,101
"24",24,"Bosnia and Herzegovina","BIH",110,9,23,29,26,23,24,5.855323,140,25,133,NA,NA,NA,NA,22,77,77,80,23,96,78.5,61,78.5,71,49,2013,74.6,56,21,1,77,108,61,61.75,106.5,21,7,7,1.219298,37,20,NA,NA,NA,NA,NA,17,52,110,112,137,15,85.2,67.5,22,17.3627358490566,5.1,24,54,35,41,41,15,32,32,60,41.3333333333333,68
"25",25,"Botswana","BWA",80,10,74,78,76,76,25,2.439319,98,26,57,12,2014,197,80,23,147,147,159,24,11,83.5,156,83.5,81,124,2010,68.2,66,22,55,99,49,88,72.75,126,22,5,11,15.38586,175,110,NA,NA,NA,NA,NA,18,114,114,89,30,138,97,101.5,23,17.3627358490566,34.8,111,54,97,104,104,16,80,31,99,70,115
"26",26,"Brazil","BRA",51.5,11,54,72,63,66.5,26,2.1524045,91,27,13,13,2014,12,7,24,146,146,158,25,47,97,93,79,73,50,2013,68.7,64,23,5,132,38,71,61.5,105,23,2,15,26.54254,187,119,10,2013,8666000,204259377,90,19,74,7,66,93,130,74,47,24,19.62,14.6,67,65,71,70,70,17,53,12,21,28.6666666666667,36
"27",27,"Brunei Darussalam","BRN",72.5,75,32,45,38.5,38.5,27,23.132615,198,28,3,14,2014,16,9,NA,NA,NA,NA,26,104,74,44,74,54.5,NA,NA,NA,NA,24,36,2,135,15,47,53.5,24,4,13,0.4735111,5,4,NA,NA,NA,NA,NA,20,126,118,29,181,3,91.4,83.5,25,17.3627358490566,8.6,40,54,44,NA,NA,NA,NA,NA,NA,NA,NA
"28",28,"Bulgaria","BGR",56,76,72,28,50,50,28,6.3406335,147,29,31,NA,NA,NA,NA,25,83,83,87,27,86,54,83,74.3333333333333,56.5,4,2014,87.5,26,25,1,79,59,42,45.25,50,25,9,4,1.500183,48,24,11,2013,3930000,7265115,33,21,89,78,82,114,36,79.8,56,26,20.24,9.3,43,68,56,114,114,18,42,37,86,55,94.5
"29",29,"Burkina Faso","BFA",176,NA,NA,NA,NA,NA,29,0.11382685,14,30,112.5,15,2014,167,73,26,122,122,132.5,28,84,133.5,183,133.5,177.5,NA,NA,NA,NA,26,94,167,130.5,130.5,130.5,185.5,26,6,8,0.7205289,14,6,NA,NA,NA,NA,NA,22,69,128,180,78,12,93.4,88,27,17.3627358490566,60.9,144,54,123,40,40,19,110,38,94,80.6666666666667,130
"30",30,"Burundi","BDI",203,NA,NA,NA,NA,NA,30,0.020946005,1,31,173.5,NA,NA,NA,NA,27,42,42,44,29,195,192,189,192,203,125,2010,5.9,122,27,97,188,142.5,142.5,142.5,193,27,2,15,4.194306,101,65,NA,NA,NA,NA,NA,23,112,158,200,140,161,154.2,157,28,17.3627358490566,54.1,138,54,117,108,108,20,113,42,103,86,137.5
"31",31,"Cabo Verde","CPV",96,59,69,82,75.5,75,31,0.7286463,53,32,189.5,16,2014,71,40,28,78,78,81.5,30,139,122,105,122,160,NA,NA,NA,NA,28,39,91,65,65,65,114,28,2,15,10.64076,162,101,NA,NA,NA,NA,NA,24,8,170,125,133,53,97.8,104,29,17.3627358490566,20.7,83,54,76,NA,NA,NA,NA,NA,NA,NA,NA
"32",32,"Cambodia","KHM",107,NA,NA,NA,NA,NA,32,0.29981195,31,33,16,17,2014,111,60,29,84,84,88,31,112,25,142,93,96.5,93,2012,35.8,102,29,74,155,15,123,91.75,160.5,29,11,2,1.837102,60,31,12,2013,872000,15078564,85,25,91,107,171,18,96,96.6,100,30,7.8,24.6,92,19,56,131,131,21,76,39,58,57.6666666666667,99
"33",33,"Cameroon","CMR",165,106,108,101,104.5,104,33,0.29690955,30,34,82,18,2014,66,37,30,37,37,39,32,72,132,192,132,176,126,2010,20.3,112,30,53,160,17,119,87.25,150.5,30,6,8,2.770201,76,43,NA,NA,NA,NA,NA,26,71,98,162,96,58,97,101.5,31,10.79,57.1,142,30,101,6,6,22,112,37,98,82.3333333333333,132
"34",34,"Canada","CAN",83.5,NA,NA,NA,NA,NA,34,14.36243,188,35,116,NA,NA,NA,NA,31,59,59,61,33,10,40,18,22.6666666666667,4,5,2014,91.2,12,31,1,89,60,7,39.25,26,31,9,4,1.439368,45,22,13,2013,32977000,35158304,18,27,45,15,16,120,35,46.2,6,32,13.29,4.3,20,42,25,60,60,23,15,5,68,29.3333333333333,37
"35",35,"Caribbean small states","CSS",102.5,107,82,71,76.5,77,35,9.84873,175,36,42.5,19,2014,57.53753,33,32,94,94,100.5,34,35,73.5,112,73.5,51,NA,NA,NA,NA,32,18,42,122,60.6666666666667,60.6666666666667,100,32,5.461538,10,34.14234,193,120,NA,NA,NA,NA,NA,28,25,81,74,158,64,80.4,57,33,17.3627358490566,16.76787,71,54,67,NA,NA,NA,NA,NA,NA,NA,NA
"36",36,"Cayman Islands","CYM",15,NA,NA,NA,NA,NA,36,10.23919,176,37,121.5,NA,NA,NA,NA,NA,NA,NA,NA,NA,NA,NA,NA,NA,NA,51,2013,91.5,11,NA,NA,NA,NA,NA,NA,NA,NA,NA,NA,NA,NA,NA,NA,NA,NA,NA,NA,NA,NA,NA,NA,NA,NA,NA,NA,NA,NA,NA,NA,NA,NA,NA,NA,NA,NA,NA,NA,NA,NA
"37",37,"Central African Republic","CAF",199,108,123,121,122,121,37,0.061263075,5,38,58,20,2014,287,93,194,131,131,142.5,35,14,107.5,201,107.5,128.5,NA,NA,NA,NA,33,95,162,128.5,128.5,128.5,183.5,33,6,8,13.64892,173,105,98,2010,38000,4710678,99,29,125,167,195,193,68,149.6,156,34,17.3627358490566,91.5,157,54,135,20,20,NA,NA,NA,NA,NA,NA
"38",38,"Chad","TCD",199,12,119,120,119.5,118.5,38,0.043646485,2,39,131,21,2014,264,91,33,113,113,123,36,17,79,199,98.3333333333333,108,NA,NA,NA,NA,34,98,184,141,141,141,192,34,6,8,9.413453,154,92,14,2013,86000,13145788,100,30,153,127,170,51,50,110.2,128,35,17.3627358490566,85,155,54,133,23,23,24,119,37,111,89,140
"39",39,"Chile","CHL",37.5,77,30,41,35.5,33,39,4.431585,125,41,115,22,2014,24,16,34,110,110,120,38,45,92,20,52.3333333333333,14,114,2011,68.5,65,35,4,112,57,53,56.5,82,35,4,13,3.141414,83,53,15,2013,2999000,17575833,61,31,106,45,55,54,75,67,33.5,36,11.79,7,32,33,28,83,83,25,24,13,29,22,20
"40",40,"China","CHN",120,109,26,49,37.5,36,40,6.4413955,148,42,102.5,23,2014,85,49,35,68,68,71,39,146,73,67,95.3333333333333,102,52,2013,87.9,25,36,1,83,96,59,59.75,96.5,36,4,13,0.8211078,20,13,16,2013,98185000,1357380000,78,32,105,2,96,4,84,58.2,13,37,17.3627358490566,9.2,42,54,46,138,138,26,40,28,57,41.6666666666667,69
"41",41,"Colombia","COL",89,78,64,63,63.5,68,41,1.63601,81,43,26,24,2014,81,47,36,86,86,92,40,64,98,98,86.6666666666667,87.5,53,2013,47.4,91,37,12,103,69,100,71,124,37,12,1,31.84154,190,113,17,2013,3605000,47342363,74,33,135,29,83,48,74,73.8,46,38,22.01,13.6,64,72,75,47,47,27,54,17,2,24.3333333333333,27
"42",42,"Comoros","COM",189,13,95,94,94.5,92.5,42,0.20458715,24,44,162,NA,NA,NA,NA,37,170,170,183.5,41,194,179.5,165,179.5,202,NA,NA,NA,NA,38,41,136,88.5,88.5,88.5,154,38,6,8,8.013106,139,81,NA,NA,NA,NA,NA,NA,NA,NA,NA,NA,NA,NA,NA,39,17.3627358490566,55.1,140,54,119,NA,NA,28,92,37,74,67.6666666666667,111.5
"43",43,"Congo, Dem. Rep.","ZAR",193,60,102,97,99.5,99.5,43,0.049815375,3,45,42.5,NA,NA,NA,NA,38,151,151,163,42,53,74,182,103,118,NA,NA,NA,NA,39,89,187,1,132,102.25,173,39,6,8,13.47591,172,104,NA,NA,NA,NA,NA,34,58,106,198,35,156,110.6,129,40,17.3627358490566,74.5,154,54,132,NA,NA,NA,NA,NA,NA,NA,NA
"44",44,"Congo, Rep.","COG",143,79,107,90,98.5,97,44,0.5057853,40,46,7,25,2014,223,85,39,156,156,168,43,21,66,171,86,84,NA,NA,NA,NA,40,63,137,34,124,89.5,156,40,6,8,10.54171,161,96,18,2013,180000,4394334,92,35,131,130,134,84,87,113.2,131,41,17.3627358490566,33.2,105,54,92,NA,NA,NA,NA,NA,NA,NA,NA
"45",45,"Costa Rica","CRI",58.5,80,42,38,40,40,45,1.685076,82,47,25,26,2014,41,27,40,30,30,31,44,117,91,39,82.3333333333333,80,54,2013,75.5,53,41,5,125,33,78,60.25,99,41,10,3,8.385671,144,81,19,2013,790000,4706433,62,NA,NA,NA,NA,NA,NA,NA,NA,42,17.81,8.5,39,56,45,121,121,29,29,7,1,12.3333333333333,5
"46",46,"Cote d'Ivoire","CIV",139,61,120,119,119.5,118.5,46,0.3026146,32,48,61.5,27,2014,103,55,41,150,150,162,45,90,144,198,144,190.5,94,2012,18.1,115,42,51,157,14,120,85.5,146,42,6,8,12.43672,170,102,NA,NA,NA,NA,NA,36,82,95,158,77,57,93.8,91,43,17.3627358490566,66.6,150,54,128,NA,NA,30,117,39,107,87.6666666666667,139
"47",47,"Croatia","HRV",86,81,20,18,19,18,47,4.765176,130,49,102.5,NA,NA,NA,NA,42,56,56,58,46,97,30,51,59.3333333333333,23,6,2014,84.4,39,43,1,88,75,52,54,73,43,5,11,1.07106,32,19,20,2013,2927000,4255689,25,37,93,85,58,172,32,88,74,44,19.33,3.6,18,63,37,99,99,31,26,19,37,27.3333333333333,32.5
"48",48,"Cuba","CUB",171,62,9,6,7.5,5,48,3.2823035,109,50,124,28,2014,9,4,43,3,3,3,47,126,82,38,82,79,115,2011,77.3,52,44,1,84,89,93,66.75,116,NA,NA,NA,NA,NA,NA,21,2013,287000,11362505,95,38,139,58,95,82,93.5,93.5,89.5,45,17.3627358490566,4,19,54,32,126,126,NA,NA,NA,NA,NA,NA
"49",49,"Cyprus","CYP",96,82,16,24,20,19,49,6.859642,156,51,102.5,NA,NA,NA,NA,44,131,131,142.5,49,138,44,36,72.6666666666667,49,7,2014,82.1,45,45,1,51,111,49,53,71,44,7,7,1.036776,31,17,93,2011,1026000,1141652,20,39,97,124,35,187,14,91.4,83.5,46,17.01,2.5,8,52,24,103,103,32,22,17,33,24,25.5
"50",50,"Czech Republic","CZE",29,NA,NA,NA,NA,NA,50,10.52223,179,52,54.5,NA,NA,NA,NA,45,85,85,90,50,143,6,46,65,35,8,2014,82,46,46,1,62,68,30,40.25,32.5,45,7,7,0.9279126,26,13,22,2013,5304000,10514272,35,40,41,48,48,138,29,60.8,19,47,8.11,2.8,10,20,9,110,110,33,23,15,51,29.6666666666667,38.5
"51",51,"Denmark","DNK",13,NA,NA,NA,NA,NA,51,7.8214935,164,53,86,NA,NA,NA,NA,46,20,20,20,51,142,18,33,64.3333333333333,33.5,9,2014,91.1,13,47,1,105,58,32,49,59.5,46,8,6,0.7498858,17,7,23,2013,6977000,5614932,14,41,70,55,10,162,34,66.2,31,48,5.78,2.9,11,11,5,144,144,34,21,4,27,17.3333333333333,7.5
"52",52,"Djibouti","DJI",187,NA,NA,NA,NA,NA,52,0.59214385,45,54,208,29,2014,143,68,47,128,128,139,52,60,83,170,104.333333333333,120,NA,NA,NA,NA,48,54,118,86,86,86,147.5,47,1,16,7.020745,127,79,NA,NA,NA,NA,NA,NA,NA,NA,NA,NA,NA,NA,NA,49,17.3627358490566,54.2,139,54,118,57,57,35,98,36,100,78,128
"53",53,"Dominica","DMA",54,NA,NA,NA,NA,NA,53,1.826315,85,55,90,NA,NA,NA,NA,48,75,75,78,NA,NA,NA,NA,NA,NA,NA,NA,NA,NA,49,19,66,42.5,42.5,42.5,40,48,6,8,8.404288,145,86,NA,NA,NA,NA,NA,NA,NA,NA,NA,NA,NA,NA,NA,50,17.3627358490566,19.6,80,54,73,NA,NA,NA,NA,NA,NA,NA,NA
"54",54,"Dominican Republic","DOM",127,14,76,74,75,74,54,2.170661,93,56,52,30,2014,104,56,49,79,79,83,53,168,86,102,118.666666666667,154,55,2013,54.5,85,50,9,73,101,90,68.25,120,49,1,16,22.03825,184,118,24,2013,436000,10281408,91,42,15,74,100,46,121,71.2,43,51,21.29,25.7,93,71,96,98,98,36,61,33,36,43.3333333333333,73.5
"55",55,"Ecuador","ECU",118,15,59,65,62,65,55,2.32366,97,57,9,31,2014,72,41,50,8,8,8,54,83,87,66,78.6666666666667,72,56,2013,56.8,82,51,11,74,97,94,69,122,50,1,16,12.41258,169,109,25,2013,1138000,15661312,77,43,128,64,103,57,97,89.8,79,52,3.8,18.4,76,5,37,48,48,37,50,19,9,26,29
"56",56,"Egypt, Arab Rep.","EGY",110,16,87,96,91.5,90,56,2.564966,102,58,172,32,2014,14,8,195,172,172,186.5,55,114,117.5,121,117.5,145,57,2013,61.1,78,52,1,43,117,83,61,102,51,2,15,3.417854,89,57,26,2013,5782000,87613909,80,44,103,23,138,149,164,115.4,137,53,27.86,20.3,82,82,96,NA,NA,NA,NA,NA,NA,NA,NA
"57",57,"El Salvador","SLV",87.5,17,78,80,79,79.5,57,1.0742685,62,59,149.5,33,2014,93,52,51,31,31,33,56,180,81,110,123.666666666667,162,58,2013,53.5,87,53,16,116,31,102,66.25,115,52,9,4,39.79261,196,118,NA,NA,NA,NA,NA,45,46,105,119,113,39,84.4,64,54,5.67,14.4,66,10,34,127,127,39,56,21,15,30.6666666666667,41
"58",58,"Equatorial Guinea","GNQ",163,18,65,50,57.5,57.5,58,7.664152,161,60,40,NA,NA,NA,NA,52,66,66,69,57,49,118,187,118,148.5,NA,NA,NA,NA,54,42,111,76.5,76.5,76.5,132.5,53,6,8,3.564265,92,56,NA,NA,NA,NA,NA,46,42,122,46,189,141,108,123.5,55,17.3627358490566,68.2,151,54,129,NA,NA,NA,NA,NA,NA,NA,NA
"59",59,"Eritrea","ERI",204.5,19,89,99,94,91,59,0.10909445,12,61,168,NA,NA,NA,NA,53,73,73,76,58,78,120.5,163,120.5,157,NA,NA,NA,NA,55,69,169,13,134,96.25,167.5,54,0,17,7.755835,135,85,NA,NA,NA,NA,NA,NA,NA,NA,NA,NA,NA,NA,NA,56,17.3627358490566,34.1,109,54,95,49,49,NA,NA,NA,NA,NA,NA
"60",60,"Estonia","EST",5,83,4,2,3,1,60,13.91154,187,62,21,NA,NA,NA,NA,54,67,67,70,59,51,36,59,48.6666666666667,13,10,2014,90.9,15,56,1,101,9,27,34.5,15,55,7,7,4.080404,100,59,27,2013,1166000,1317997,21,47,101,112,50,36,79,75.6,49,57,11.66,2.3,6,32,14,77,77,40,29,24,94,49,87
"61",61,"Ethiopia","ETH",202,NA,NA,NA,NA,NA,61,0.079767345,7,63,118,34,2014,261,90,192,47,47,49,60,120,37,161,106,123.5,59,2013,10,120,57,77,185,2,135,99.75,171,56,3,14,8.052455,140,87,NA,NA,NA,NA,NA,48,29,75,193,5,174,95.2,95,58,1.12,41.4,121,2,65,28,28,41,91,32,53,58.6666666666667,100
"62",62,"Faeroe Islands","FRO",16.5,NA,NA,NA,NA,NA,62,12.353945,185,64,206,NA,NA,NA,NA,NA,NA,NA,NA,61,54,36.5,19,36.5,8,NA,NA,NA,NA,NA,NA,NA,NA,NA,NA,NA,NA,NA,NA,NA,NA,NA,NA,NA,NA,NA,NA,NA,NA,NA,NA,NA,NA,NA,NA,NA,NA,NA,NA,NA,NA,NA,NA,NA,NA,NA,NA,NA,NA
"63",63,"Fiji","FJI",124.5,NA,NA,NA,NA,NA,63,1.4650365,73,65,76,35,2014,30,17,55,117,117,127,62,74,101,128,101,115,NA,NA,NA,NA,58,48,68,58,58,58,89.5,57,5,11,3.014216,81,49,90,2012,132000,880487,65,49,79,159,113,100,91,108.4,125,59,17.3627358490566,19.1,79,54,72,66,66,NA,NA,NA,NA,NA,NA
"64",64,"Finland","FIN",10,NA,NA,NA,NA,NA,64,10.847445,181,66,22.5,NA,NA,NA,NA,56,9,9,9,63,36,10,25,23.6666666666667,6,11,2014,86,31,59,1,127,27,6,40.25,32.5,58,7,7,1.717968,54,30,28,2013,8562000,5438972,7,50,72,59,19,164,47,72.2,45,60,10.17,1.9,3,28,10,142,142,42,17,4,31,17.3333333333333,7.5
"65",65,"France","FRA",72.5,NA,NA,NA,NA,NA,65,5.340875,134,67,54.5,NA,NA,NA,NA,57,54,54,56,64,135,35,12,60.6666666666667,27,12,2014,88.5,22,60,1,70,35,22,32,12,59,4,13,1.202896,35,21,29,2013,26243000,65925498,41,51,115,8,24,148,16,62.2,22,61,10.66,3.5,17,29,17,117,117,43,11,12,35,19.3333333333333,13.5
"66",66,"French Polynesia","PYF",115,NA,NA,NA,NA,NA,66,3.2323585,108,68,153,NA,NA,NA,NA,NA,NA,NA,NA,65,100,80,60,80,75.5,NA,NA,NA,NA,61,48,56,52,52,52,67.5,NA,NA,NA,NA,NA,NA,30,2013,80000,276766,47,NA,NA,NA,NA,NA,NA,NA,NA,NA,NA,NA,NA,NA,NA,NA,NA,NA,NA,NA,NA,NA,NA
"67",67,"Gabon","GAB",98,63,91,87,89,87,67,1.436806,72,69,12,36,2014,22,14,58,116,116,126,66,13,86,159,86,84,127,2010,65.4,73,62,26,154,25,101,76.5,132.5,60,6,8,9.409994,152,90,NA,NA,NA,NA,NA,52,62,119,68,42,54,69,37.5,62,17.3627358490566,36.1,115,54,100,11,11,44,87,39,95,73.6666666666667,123
"68",68,"Gambia, The","GMB",124.5,20,116,116,116,115,68,0.2602546,28,70,112.5,37,2014,37,23,59,149,149,161,67,156,167,178,167,199,95,2012,23.5,109,63,70,138,104,104,104,174,61,4,13,9.603269,155,95,NA,NA,NA,NA,NA,53,53,171,190,170,119,140.6,154,63,17.3627358490566,47.9,133,54,114,NA,NA,NA,NA,NA,NA,NA,NA
"69",69,"Georgia","GEO",79,21,18,8,13,12.5,69,1.617926,79,71,126,38,2014,74,43,60,139,139,151,68,102,65,94,87,90,60,2013,38.4,100,64,1,109,67,79,64,111.5,62,9,4,4.260968,102,58,31,2013,3220000,4487200,24,54,130,116,132,20,90,97.6,103,64,17.3627358490566,10.6,47,54,48,86,86,45,43,36,32,37,55.5
"70",70,"Germany","DEU",33,NA,NA,NA,NA,NA,70,9.048825,171,72,36,NA,NA,NA,NA,61,24,24,24,69,169,22,22,71,46,13,2014,89,20,65,1,69,78,23,42.75,43,63,6,8,0.7034825,12,5,NA,NA,NA,NA,NA,55,63,5,23,94,20,41,3.5,65,6.36,3.1,13,15,7,148,148,46,17,11,39,22.3333333333333,21.5
"71",71,"Ghana","GHA",119,110,98,100,99,98,71,0.40991045,39,73,66,39,2014,24,16,62,142,142,154,70,132,152.5,173,152.5,197,128,2010,18.2,114,66,44,139,28,117,82,145,64,7,7,1.709705,53,29,NA,NA,NA,NA,NA,56,11,83,153,13,170,86,70,66,17.3627358490566,42.8,123,54,105,13,13,47,94,28,81,67.6666666666667,111.5
"72",72,"Greece","GRC",69.5,22,31,37,34,30.5,72,7.665489,162,74,67.5,NA,NA,NA,NA,63,71,71,74,71,110,56,27,64.3333333333333,33.5,14,2014,64,75,67,1,75,93,36,51.25,65,65,3,14,1.37369,42,27,32,2013,4594000,11027549,40,57,120,50,39,191,18,83.6,62,67,19.15,3.6,18,61,36,152,152,48,17,29,71,39,61.5
"73",73,"Greenland","GRL",83.5,NA,NA,NA,NA,NA,73,12.052055,184,75,118,NA,NA,NA,NA,NA,NA,NA,NA,72,1,60,119,60,25,NA,NA,NA,NA,NA,NA,NA,NA,NA,NA,NA,NA,NA,NA,NA,NA,NA,NA,NA,NA,NA,NA,NA,NA,NA,NA,NA,NA,NA,NA,NA,NA,NA,NA,NA,NA,NA,NA,NA,NA,NA,NA,NA,NA
"74",74,"Grenada","GRD",94,NA,NA,NA,NA,NA,74,2.4476895,99,76,138,NA,NA,NA,NA,64,30,30,31,73,184,144,104,144,190.5,NA,NA,NA,NA,68,22,58,40,40,40,30,66,6,8,13.31234,171,103,NA,NA,NA,NA,NA,NA,NA,NA,NA,NA,NA,NA,NA,68,17.3627358490566,10.8,48,54,49,NA,NA,NA,NA,NA,NA,NA,NA
"75",75,"Guatemala","GTM",129,23,88,93,90.5,88,75,0.7598373,54,78,41,40,2014,92,51,65,123,123,134,75,149,96,115,120,156,61,2013,44.5,93,69,33,152,20,113,79.5,140,67,9,4,34.57425,194,117,33,2013,1171000,15690793,76,58,6,80,133,118,104,88.2,75.5,69,29.83,24.3,91,87,106,84,84,49,67,22,22,37,55.5
"76",76,"Guinea","GIN",186,111,124,124,124,123,76,0.22759465,27,79,59,41,2014,128,66,66,74,74,77,76,76,41,184,100.333333333333,114,96,2012,4.1,123,70,78,159,118.5,118.5,118.5,180,68,6,8,9.027547,149,89,NA,NA,NA,NA,NA,59,134,146,192,173,172,163.4,159,70,17.3627358490566,61,145,54,124,45,45,50,107,41,101,83,133.5
"77",77,"Guinea-Bissau","GNB",192,24,111,114,112.5,113,77,0.14633265,17,80,6,42,2014,120,63,67,119,119,129,77,82,93,194,123,161,NA,NA,NA,NA,71,45,180,112.5,112.5,112.5,177,69,6,8,10.28675,158,94,NA,NA,NA,NA,NA,60,96,176,187,157,37,130.6,149,71,17.3627358490566,60.3,143,54,122,15,15,NA,NA,NA,NA,NA,NA
"78",78,"Guyana","GUY",146,NA,NA,NA,NA,NA,78,2.320293,96,81,60,43,2014,68,39,68,27,27,27,78,9,77.5,146,77.5,65.5,NA,NA,NA,NA,72,31,121,76,76,76,131,70,3,14,19.46301,181,115,NA,NA,NA,NA,NA,61,60,163,124,27,76,90,80,72,17.3627358490566,32,103,54,90,56,56,NA,NA,NA,NA,NA,NA
"79",79,"Haiti","HTI",177,NA,NA,NA,NA,NA,79,0.21496135,26,82,204,44,2014,523,96,69,167,167,179,79,192,102,168,154,198,NA,NA,NA,NA,73,67,171,11,136,96.25,167.5,71,2,15,10.1612,156,97,NA,NA,NA,NA,NA,NA,NA,NA,NA,NA,NA,NA,NA,73,17.3627358490566,52.2,135,54,116,149,149,51,93,34,44,57,97
"80",80,"Honduras","HND",141.5,2,84,79,81.5,81,80,1.092109,63,83,50,45,2014,84,48,70,58,58,60,80,92,99,106,99,111,129,2010,44.3,94,74,30,144,36,106,79,138.5,72,9,4,84.29273,201,121,34,2013,471000,7849059,84,62,48,111,143,99,126,105.4,120,74,41.43,17.4,73,96,100,132,132,52,68,35,52,51.6666666666667,90
"81",81,"Hong Kong SAR, China","HKG",6,NA,NA,NA,NA,NA,81,5.4307495,135,NA,NA,NA,NA,NA,NA,NA,NA,NA,NA,81,213,107,1,107,126,62,2013,89.9,16,75,1,13,109,33,39,24,73,8,6,0.8786156,22,10,35,2013,84414000,7187500,1,NA,NA,NA,NA,NA,NA,NA,NA,NA,NA,NA,NA,NA,NA,NA,NA,NA,NA,NA,NA,NA,NA
"82",82,"Hungary","HUN",48,25,51,20,35.5,33,82,4.96887,132,84,72,NA,NA,NA,NA,71,145,145,157,82,128,24,70,74,54.5,15,2014,88.7,21,76,1,59,56,50,41.5,36.5,74,10,3,2.665719,73,39,36,2013,15997000,9893082,5,63,34,57,60,111,86,69.6,39,75,13.62,5.3,25,44,30,130,130,54,33,32,55,40,64.5
"83",83,"Iceland","ISL",35.5,NA,NA,NA,NA,NA,83,6.032679,143,85,164,NA,NA,NA,NA,72,12,12,12,83,5,9,4,6,1,16,2014,87.1,28,77,1,161,5,1,42,38,75,5,11,0.3050962,3,2,37,2013,365000,323764,15,64,2,148,20,150,103,84.6,66,76,5.81,1.6,2,12,3,NA,NA,55,4,3,32,13,6
"84",84,"India","IND",156,84,96,104,100,101,84,1.6238715,80,86,149.5,46,2014,109,59,73,135,135,147,84,196,170,144,170,200,130,2010,18.1,115,78,32,126,64,104,81.5,144,76,6,8,3.341697,88,53,38,2013,16626000,1279498874,97,65,122,3,157,14,163,91.8,86,77,27.18,37.9,117,81,123,17,17,56,79,32,40,50.3333333333333,89
"85",85,"Indonesia","IDN",117,85,53,67,60,61.5,85,2.056191,89,87,69.5,47,2014,59,35,74,99,99,106,85,145,50,138,111,133.5,63,2013,36.5,101,79,14,122,52,105,73.25,127,77,5,11,0.554136,7,4,39,2013,7973000,251268276,94,66,20,10,127,33,125,63,24,78,24.15,22.8,87,75,94,24,24,57,70,23,14,35.6666666666667,50
"86",86,"Iran, Islamic Rep.","IRN",135,64,70,84,77,78,86,7.750087,163,88,169.5,48,2014,33,19,75,169,169,182,86,71,58,74,67.6666666666667,40,17,2014,55.9,83,80,1,10,130,67,52,67.5,78,2,15,4.772256,111,71,NA,NA,NA,NA,NA,67,121,18,92,166,176,114.6,136,79,34.35,13.4,62,92,88,NA,NA,NA,NA,NA,NA,NA,NA
"87",87,"Iraq","IRQ",153.5,26,104,91,97.5,96,87,3.906035,118,89,204,49,2014,190,79,76,52,52,54,87,105,19,131,85,82,NA,NA,NA,NA,81,1,16,120,89,56.5,82,79,1,16,7.966569,138,87,NA,NA,NA,NA,NA,68,132,33,98,64,95,84.4,64,80,17.3627358490566,26.5,94,54,83,69,69,59,73,31,54,52.6666666666667,91.5
"88",88,"Ireland","IRL",69.5,NA,NA,NA,NA,NA,88,8.345455,168,90,141.5,NA,NA,NA,NA,77,105,105,115,88,87,32,22,47,11,18,2014,82.7,43,82,1,47,88,34,42.5,40,80,7,7,1.109343,34,18,40,2013,6579000,4598294,9,69,10,60,15,110,4,39.8,2,81,15.18,3,12,47,23,134,134,60,18,8,38,21.3333333333333,18
"89",89,"Israel","ISR",49,NA,NA,NA,NA,NA,89,8.99454,170,91,143,NA,NA,NA,NA,78,64,64,67,89,191,77,11,93,96.5,64,2013,87.4,27,83,1,53,118,24,49,59.5,81,6,8,1.749355,55,32,41,2013,4757000,8059500,31,70,155,54,33,101,45,77.6,51,82,15.7,3.2,14,49,26,156,156,61,9,7,43,19.6666666666667,16
"90",90,"Italy","ITA",35.5,27,7,19,13,12.5,90,6.7704665,155,92,67.5,NA,NA,NA,NA,79,38,38,40,90,164,48,9,73.6666666666667,52.5,19,2014,75.3,54,84,1,67,79,39,46.5,52,82,2,15,0.8140364,19,14,42,2013,27798000,60233948,38,71,92,11,31,185,33,70.4,40,83,22.04,2.9,11,73,39,155,155,62,3,21,47,23.6666666666667,24
"91",91,"Jamaica","JAM",121,28,81,77,79,79.5,91,2.7725335,103,93,129,50,2014,56,32,80,129,129,140,91,173,137,101,137,185,97,2012,59.2,79,85,20,76,80,99,68.75,121,83,10,3,42.88136,197,118,NA,NA,NA,NA,NA,72,28,133,106,171,158,119.2,140,84,28.8,13.5,63,86,84,135,135,63,45,24,10,26.3333333333333,30
"92",92,"Japan","JPN",31,NA,NA,NA,NA,NA,92,9.2095095,173,94,45.5,NA,NA,NA,NA,81,148,148,160,92,188,95,2,95,101,65,2013,88,24,86,1,37,113,21,43,45,84,4,13,0.2887328,2,3,43,2013,17473000,127338621,66,73,36,4,25,109,2,35.2,1,85,3.91,2,4,6,1,157,157,64,2,18,45,21.6666666666667,19
"93",93,"Jordan","JOR",60.5,65,43,34,38.5,38.5,93,3.5521935,114,95,199,51,2014,12,7,82,134,134,146,93,95,39,97,77,62.5,98,2012,84.1,40,87,5,28,119,72,56,80,85,0,17,2.445427,68,44,44,2013,1498000,6460000,54,74,149,87,109,151,106,120.4,142,86,24.6,15.4,69,76,82,79,79,NA,NA,NA,NA,NA,NA
"94",94,"Kazakhstan","KAZ",34,NA,NA,NA,NA,NA,94,15.47829,190,96,193,52,2014,18,11,83,55,55,57,94,12,7,124,47.6666666666667,12,66,2013,69.4,63,88,1,15,128,41,46.25,51,86,4,13,7.820038,136,83,45,2013,10144000,17035275,30,75,39,42,67,29,137,62.8,23,87,17.3627358490566,12.6,58,54,57,46,46,65,62,20,90,57.3333333333333,98
"95",95,"Kenya","KEN",138,NA,NA,NA,NA,NA,95,0.3177723,33,97,152,53,2014,156,72,84,88,88,94,95,103,138.5,174,138.5,186,67,2013,96.4,4,89,80,163,10,126,94.75,164,87,7,7,6.600446,123,73,NA,NA,NA,NA,NA,76,88,76,165,69,150,109.6,126,88,17.3627358490566,35.5,113,54,98,12,12,66,99,33,66,66,106
"96",96,"Kiribati","KIR",190.5,NA,NA,NA,NA,NA,96,0.6014653,46,98,98,54,2014,23,15,85,153,153,165,96,144,147,150,147,193,131,2010,40.5,97,90,48,27,37.5,37.5,37.5,20,88,4,13,7.932784,137,84,NA,NA,NA,NA,NA,NA,NA,NA,NA,NA,NA,NA,NA,89,17.3627358490566,43.6,126,54,107,NA,NA,NA,NA,NA,NA,NA,NA
"97",97,"Korea, Dem. Rep.","PRK",204.5,NA,NA,NA,NA,NA,97,2.973008,106,99,129,55,2014,303,94,86,104,104,114,97,163,146,129,146,192,NA,NA,NA,NA,91,75,80,85,109,87.25,150.5,NA,NA,NA,NA,NA,NA,NA,NA,NA,NA,NA,NA,NA,NA,NA,NA,NA,NA,NA,90,17.3627358490566,19.7,81,54,74,NA,NA,NA,NA,NA,NA,NA,NA
"98",98,"Korea, Rep.","KOR",44,NA,NA,NA,NA,NA,98,11.655175,182,100,71,56,2014,6,3,87,103,103,113,98,200,107.5,15,107.5,128.5,68,2013,72.6,59,92,1,17,84,13,28.75,10,89,5,11,0.8413619,21,12,46,2013,14846000,50219669,46,77,124,13,37,70,63,61.4,21,91,18.8,2.9,11,59,31,NA,NA,NA,NA,NA,NA,NA,NA
"99",99,"Kuwait","KWT",4,29,40,47,43.5,45,99,28.898045,200,101,180,57,2014,17,10,88,173,173,188,100,165,125,85,125,165.5,116,2011,96.8,3,94,10,7.5,7.5,5,7.5,2,91,2,15,1.948551,62,40,NA,NA,NA,NA,NA,78,138,53,22,186,93,98.4,105,92,17.3627358490566,7.3,34,54,41,39,39,NA,NA,NA,NA,NA,NA
"100",100,"Kyrgyz Republic","KGZ",93,NA,NA,NA,NA,NA,100,1.16453,66,102,177.5,58,2014,41,27,89,70,70,73,101,50,13,126,63,31,69,2013,52.7,88,95,1,93,65,81,60,98,92,8,6,5.374548,116,69,47,2013,1401000,5719600,51,79,136,140,166,90,154,137.2,152,93,21.23,19,78,70,83,NA,NA,NA,NA,NA,NA,NA,NA
"101",101,"Lao PDR","LAO",173,NA,NA,NA,NA,NA,101,0.19607975,22,103,17,59,2014,154,70,90,62,62,64.5,102,48,60,151,86.3333333333333,86,132,2010,15.6,118,96,40,175,107.5,107.5,107.5,175,93,6,8,7.234306,129,77,NA,NA,NA,NA,NA,80,4,117,156,10,127,82.8,59.5,94,17.3627358490566,50.7,134,54,115,NA,NA,NA,NA,NA,NA,NA,NA
"102",102,"Latvia","LVA",42.5,86,14,1,7.5,5,102,3.8750145,117,104,29,NA,NA,NA,NA,91,95,95,102,103,52,49,96,65.6666666666667,38,20,2014,88.4,23,97,1,130,39,58,57,86,94,9,4,3.454322,90,51,94,2011,3257000,2012647,4,81,35,108,57,45,13,51.6,9,95,12.01,6.9,31,38,30,61,61,68,39,27,96,54,93
"103",103,"Lebanon","LBN",96,NA,NA,NA,NA,NA,103,4.6503625,128,105,191,60,2014,35,21,92,168,168,180.5,104,197,116,35,116,141.5,NA,NA,NA,NA,98,1,40,116,62,54.75,76.5,95,2,15,4.680293,107,69,NA,NA,NA,NA,NA,82,148,86,76,124,89,104.6,118,96,17.3627358490566,7.1,33,54,40,22,22,69,27,34,78,46.3333333333333,80
"104",104,"Lesotho","LSO",148,NA,NA,NA,NA,NA,104,1.1028795,64,106,201.5,61,2014,78,46,93,62,62,64.5,105,89,100,202,130.333333333333,175,NA,NA,NA,NA,99,84,35,59.5,59.5,59.5,94.5,96,5,11,38.03037,195,122,NA,NA,NA,NA,NA,83,118,162,167,47,116,122,144,97,17.3627358490566,69.2,152,54,130,119,119,70,114,31,98,81,131
"105",105,"Liberia","LBR",178,NA,NA,NA,NA,NA,105,0.2106621,25,107,127,62,2014,220,84,94,141,141,153,106,66,121,176,121,158,133,2010,18.1,115,100,96,181,138.5,138.5,138.5,191,97,8,6,3.307679,86,49,NA,NA,NA,NA,NA,84,23,169,196,62,151,120.2,141,98,14.5,52.8,137,46,110,5,5,71,101,33,76,70,115
"106",106,"Libya","LBY",87.5,30,6,75,40.5,41.5,106,8.373807,169,108,209,NA,NA,NA,NA,95,109,109,119,107,7,60.5,114,60.5,26,NA,NA,NA,NA,101,1,19,129,45,48.5,56.5,98,0,17,2.52462,72,47,NA,NA,NA,NA,NA,85,156,73,77,104,139,109.8,127,99,17.3627358490566,11.4,51,54,51,139,139,NA,NA,NA,NA,NA,NA
"107",107,"Liechtenstein","LIE",50,NA,NA,NA,NA,NA,107,1.511237,74,109,15,NA,NA,NA,NA,96,85,85,90,108,170,88.5,7,88.5,92.5,NA,NA,NA,NA,NA,NA,NA,NA,NA,NA,NA,NA,NA,NA,NA,NA,NA,NA,NA,NA,NA,NA,NA,NA,NA,NA,NA,NA,NA,NA,NA,NA,NA,NA,NA,NA,NA,NA,NA,NA,NA,NA,NA,NA
"108",108,"Lithuania","LTU",25.5,87,12,3,7.5,5,108,4.4282885,124,110,61.5,NA,NA,NA,NA,97,69,69,72,109,70,47,92,69.6666666666667,44,21,2014,87.9,25,102,1,100,61,57,54.75,76.5,99,6,8,6.762417,125,74,48,2013,1764000,2957689,29,86,127,88,54,19,41,65.8,29,100,9.91,3.3,15,26,16,105,105,72,38,20,84,47.3333333333333,82.5
"109",109,"Luxembourg","LUX",3,NA,NA,NA,NA,NA,109,21.266475,197,111,35,NA,NA,NA,NA,98,46,46,48,110,167,45,13,75,58,22,2014,91.1,13,103,1,34,87,8,32.5,13,100,3,14,0.191361,1,3,NA,NA,NA,NA,NA,87,9,104,3,134,55,61,20,101,6.26,1.5,1,14,4,NA,NA,73,8,8,110,42,70.5
"110",110,"Macao SAR, China","MAC",9,88,22,46,34,30.5,110,2.187977,94,NA,NA,NA,NA,NA,NA,NA,NA,NA,NA,111,216,124,32,124,163,70,2013,93.2,8,104,23,4,13.5,13.5,13.5,4,NA,NA,NA,NA,NA,NA,49,2013,1446000,568056,2,NA,NA,NA,NA,NA,NA,NA,NA,NA,NA,NA,NA,NA,NA,NA,NA,NA,NA,NA,NA,NA,NA
"111",111,"Macedonia, FYR","MKD",76.5,31,58,36,47,48,111,4.3451855,123,112,105,NA,NA,NA,NA,99,30,30,31,112,109,90,71,90,94,23,2014,73.3,58,105,1,81,81,55,54.5,74.5,101,6,8,1.036663,30,17,NA,NA,NA,NA,NA,88,59,129,108,95,60,90.2,81,102,25.15,4.8,23,79,49,NA,NA,NA,NA,NA,NA,NA,NA
"112",112,"Madagascar","MDG",195.5,NA,NA,NA,NA,NA,112,0.10598808,11,113,158,63,2014,208,82,100,82,82,86,113,63,69,155,95.6666666666667,104,100,2012,11.2,119,106,90,165,127.5,127.5,127.5,182,102,3,14,0.616712,10,8,NA,NA,NA,NA,NA,89,17,113,194,179,148,130.2,148,103,5,35.9,114,7,63,10,10,NA,NA,NA,NA,NA,NA
"113",113,"Malawi","MWI",194,112,114,109,111.5,111,113,0.0807055,8,114,65,64,2014,148,69,101,102,102,110.5,114,153,85,172,136.666666666667,184,NA,NA,NA,NA,107,96,166,131,131,131,187.5,103,5,11,1.786799,58,35,NA,NA,NA,NA,NA,90,55,149,199,112,175,138,153,104,16.7,43.4,125,51,104,14,14,75,100,39,77,72,120
"114",114,"Malaysia","MYS",32,113,62,66,64,69,114,7.9428875,165,115,34,65,2014,23,15,102,144,144,156,115,115,97.5,80,97.5,106,24,2014,75.1,55,108,1,46,114,48,52.25,69,104,7,7,1.909758,61,34,NA,NA,NA,NA,NA,91,85,26,70,37,65,56.6,11,105,1.15,6,29,3,11,59,59,76,36,17,36,29.6666666666667,38.5
"115",115,"Maldives","MDV",40,NA,NA,NA,NA,NA,115,2.9276845,105,NA,NA,66,2014,40,26,103,163,163,175,116,211,133.5,56,133.5,177.5,134,2010,65.4,73,109,1,30,15.5,15.5,15.5,6.5,105,2,15,0.8816822,23,17,NA,NA,NA,NA,NA,NA,NA,NA,NA,NA,NA,NA,NA,106,56.4,7.4,35,99,73,NA,NA,NA,NA,NA,NA,NA,NA
"116",116,"Mali","MLI",112,89,121,122,121.5,120,116,0.080716495,9,116,177.5,67,2014,23,15,104,152,152,164,117,23,104.5,186,104.5,121,NA,NA,NA,NA,110,79,172,125.5,125.5,125.5,181,106,6,8,11.20666,164,98,NA,NA,NA,NA,NA,92,81,131,181,153,40,117.2,138,107,13.47,74.5,154,43,122,30,30,NA,NA,NA,NA,NA,NA
"117",117,"Malta","MLT",41,90,50,64,57,56,117,6.175409,146,117,195,NA,NA,NA,NA,105,127,127,138,118,210,118,26,118,148.5,25,2014,86.2,30,111,1,23,127,43,48.5,56.5,107,2,15,1.630752,52,33,50,2013,363000,423374,22,93,14,150,45,106,27,68.4,36,108,11.44,5.1,24,31,20,NA,NA,77,22,19,42,27.6666666666667,34
"118",118,"Marshall Islands","MHL",184,NA,NA,NA,NA,NA,118,1.956313,88,118,107,NA,NA,NA,NA,106,170,170,183.5,NA,NA,NA,NA,NA,NA,NA,NA,NA,NA,NA,NA,NA,NA,NA,NA,NA,108,10,3,3.822049,96,55,NA,NA,NA,NA,NA,NA,NA,NA,NA,NA,NA,NA,NA,109,17.3627358490566,29.6,99,54,87,NA,NA,NA,NA,NA,NA,NA,NA
"119",119,"Mauritania","MRT",155,NA,NA,NA,NA,NA,119,0.6112489,47,119,201.5,68,2014,41,27,107,61,61,63,119,8,87,166,87,90,NA,NA,NA,NA,112,83,115,99,99,99,170,109,2,15,11.36275,167,106,NA,NA,NA,NA,NA,94,129,147,161,75,113,125,146,110,17.3627358490566,65.1,147,54,125,54,54,78,97,29,93,73,121.5
"120",120,"Mauritius","MUS",81.5,91,68,76,72,72,120,3.129577,107,120,185,69,2014,36,22,108,138,138,150,120,204,52,86,114,140,101,2012,79.4,49,113,1,32,82,74,47.25,55,110,6,8,2.748843,74,42,51,2013,250000,1258653,58,95,3,135,80,60,99,75.4,48,111,17.3627358490566,11.8,54,54,53,53,53,79,44,23,50,39,61.5
"121",121,"Mexico","MEX",132,32,60,59,59.5,60,121,3.8140995,116,121,84,70,2014,32,18,109,19,19,19,121,85,89,58,77.3333333333333,64,71,2013,67,70,114,6,55,100,76,59.25,92,111,10,3,18.91426,180,107,52,2013,15911000,123740109,67,96,13,12,73,102,98,59.6,16,112,20,11.3,50,67,60,71,71,80,45,7,2,18,11
"122",122,"Moldova","MDA",104,33,1,17,9,8,123,1.392241,71,124,175,NA,NA,NA,NA,111,76,76,79,123,136,16,137,96.3333333333333,105,26,2014,67.3,69,115,1,39,112,87,59.75,96.5,113,8,6,5.020185,115,68,53,2013,157000,3558566,89,97,5,143,144,17,129,87.6,72,114,28.64,13.6,64,85,84,78,78,NA,NA,NA,NA,NA,NA
"123",123,"Monaco","MCO",72.5,NA,NA,NA,NA,NA,NA,NA,NA,125,110,NA,NA,NA,NA,112,78,78,81.5,NA,NA,NA,NA,NA,NA,NA,NA,NA,NA,NA,NA,NA,NA,NA,NA,NA,NA,NA,NA,NA,NA,NA,NA,NA,NA,NA,NA,NA,NA,NA,NA,NA,NA,NA,NA,115,17.3627358490566,2.8,10,54,27,NA,NA,NA,NA,NA,NA,NA,NA
"124",124,"Mongolia","MNG",130,114,61,30,45.5,47,124,5.579241,138,126,144.5,71,2014,173,76,113,114,114,124,124,2,42,135,59.6666666666667,24,102,2012,47.5,90,116,25,29,115,85,63.5,109.5,114,5,11,7.45245,131,78,NA,NA,NA,NA,NA,98,26,123,120,3,171,88.6,77,116,1.46,19,78,4,38,118,118,81,71,28,108,69,113
"125",125,"Montenegro","MNE",27,92,39,26,32.5,26,125,4.156606,121,127,45.5,NA,NA,NA,NA,114,98,98,105,125,68,38,77,61,28,103,2012,82.4,44,117,1,134,45,38,54.5,74.5,115,12,1,1.604337,51,24,NA,NA,NA,NA,NA,99,95,155,87,116,42,99,107.5,117,17.3627358490566,4.3,20,54,33,NA,NA,82,31,28,62,40.3333333333333,66.5
"126",126,"Morocco","MAR",57,93,105,107,106,105.5,126,1.7403745,84,128,141.5,72,2014,34,20,115,101,101,108,126,98,98.5,99,98.5,109,104,2012,43.7,95,118,1,65,99,103,67,117,116,2,15,1.323339,40,26,54,2013,2194000,33452686,81,100,141,56,136,85,8,85.2,67.5,118,17.3627358490566,23.7,90,54,81,90,90,83,58,29,27,38,59
"127",127,"Mozambique","MOZ",181,NA,NA,NA,NA,NA,127,0.1246976,15,129,47,73,2014,204,81,116,15,15,15,127,55,125,195,125,165.5,NA,NA,NA,NA,119,85,179,3,116,95.75,166,117,1,16,3.650813,95,63,NA,NA,NA,NA,NA,101,31,126,188,38,136,103.8,115,119,10.12,56.7,141,27,99,25,25,84,111,29,70,70,115
"128",128,"Myanmar","MMR",197,34,80,68,74,73,128,0.18700995,21,130,94.5,74,2014,122,64,117,159,159,171,128,108,130,152,130,174,NA,NA,NA,NA,120,56,164,16,129,91.25,158,118,2,15,2.517791,71,45,NA,NA,NA,NA,NA,102,144,108,163,7,118,108,123.5,120,17.3627358490566,39.5,119,54,102,NA,NA,85,83,34,64,60.3333333333333,102
"129",129,"Namibia","NAM",133,NA,NA,NA,NA,NA,129,1.3442395,69,131,76,75,2014,278,92,118,10,10,10,129,3,80,157,80,75.5,72,2013,63.6,76,121,59,114,50,86,77.25,135.5,119,5,11,17.46463,179,112,NA,NA,NA,NA,NA,103,140,136,104,63,124,113.4,132,121,32.01,32.8,104,91,120,36,36,86,81,30,80,63.6666666666667,104
"130",130,"Nepal","NPL",157,94,100,112,106,105.5,130,0.1603062,19,132,91,76,2014,87,50,119,43,43,45,130,159,34,133,108.666666666667,130,NA,NA,NA,NA,122,35,173,7,131,86.5,149,120,6,8,2.874071,80,46,55,2013,983000,27834981,93,104,86,97,179,66,159,117.4,139,122,9.2,29.4,98,22,62,43,43,87,74,36,34,48,85
"131",131,"Netherlands","NLD",29,NA,NA,NA,NA,NA,131,10.506905,178,133,81,NA,NA,NA,NA,120,21,21,21,131,199,15,21,78.3333333333333,69.5,27,2014,83.3,41,123,1,38,107,25,42.75,43,121,3,14,0.7403917,16,11,56,2013,18094000,16804432,16,105,61,25,14,163,38,60.2,17.5,123,5.02,3.2,14,8,5,151,151,88,13,2,16,10.3333333333333,3
"132",132,"New Caledonia","NCL",100,35,25,42,33.5,29,132,15.426695,189,134,20,NA,NA,NA,NA,NA,NA,NA,NA,132,26,39,52,39,10,NA,NA,NA,NA,124,48,33,40.5,40.5,40.5,34,NA,NA,NA,NA,NA,NA,57,2013,121000,262000,37,NA,NA,NA,NA,NA,NA,NA,NA,NA,NA,NA,NA,NA,NA,NA,NA,NA,NA,NA,NA,NA,NA
"133",133,"New Zealand","NZL",47,NA,NA,NA,NA,NA,133,7.2107355,157,135,49,NA,NA,NA,NA,121,34,34,36,133,34,25.5,17,25.5,7,73,2013,84.7,37,125,1,113,46,14,43.5,46.5,122,12,1,1.036016,29,11,58,2013,2193000,4442100,36,106,64,71,32,125,44,67.2,35,124,11.86,4.7,22,34,21,102,102,89,16,6,31,17.6666666666667,9.5
"134",134,"Nicaragua","NIC",126,NA,NA,NA,NA,NA,134,0.82472595,55,136,53,77,2014,123,65,122,11,11,11,134,77,79.5,82,79.5,74,135,2010,46,92,126,34,143,29,110,79,138.5,123,1,16,11.3329,166,106,59,2013,994000,5945646,63,107,16,125,146,53,140,96,97,125,17.3627358490566,18.8,77,54,70,95,95,90,52,26,6,28,35
"135",135,"Niger","NER",201,66,125,125,125,124,135,0.083506335,10,137,163,78,2014,67,38,123,124,124,135,135,27,27,175,76.3333333333333,60,NA,NA,NA,NA,127,92,170,131,131,131,187.5,124,6,8,4.716067,110,66,NA,NA,NA,NA,NA,108,51,144,197,79,10,96.2,99,126,17.3627358490566,57.1,142,54,121,52,52,91,103,39,97,79.6666666666667,129
"136",136,"Nigeria","NGA",136,NA,NA,NA,NA,NA,136,0.53602565,42,138,140,79,2014,38,24,124,165,165,177,136,158,177,196,177,201,NA,NA,NA,NA,128,52,174,12,128,91.5,159,125,6,8,10.27662,157,93,NA,NA,NA,NA,NA,109,7,21,139,74,167,81.6,58,127,17.3627358490566,69.4,153,54,131,18,18,92,116,22,76,71.3333333333333,119
"137",137,"Norway","NOR",23,NA,NA,NA,NA,NA,137,10.4045345,177,140,99.5,NA,NA,NA,NA,125,14,14,14,137,24,3,16,14.3333333333333,2,28,2014,92.8,9,129,1,148,47,2,49.5,62,126,5,11,0.9244112,25,16,NA,NA,NA,NA,NA,110,77,47,4,160,30,63.6,26,128,5.47,2,4,9,2,146,146,93,10,3,11,8,1
"138",138,"Oman","OMN",16.5,3,44,69,56.5,55,138,19.66325,195,141,182,NA,NA,NA,NA,126,174,174,189,138,22,38,54,38,9,136,2010,96.3,5,130,10,59.3333333333333,137,31,59.3333333333333,93,127,1,16,1.209071,36,24,60,2013,3153000,3906912,23,111,159,68,47,192,67,106.6,121,129,17.3627358490566,9.9,45,54,47,91,91,94,33,11,83,42.3333333333333,72
"139",139,"Other small states","OSS",128,115,99,95,97,95,139,1.531726,75,142,51,80,2014,128.9532,67,127,93,93,99,139,18,93.5,169,93.5,98,NA,NA,NA,NA,131,49,129,44,74,74,128,128,4.222222,12,NA,NA,125,NA,NA,NA,NA,NA,112,99,62,110,91,112,94.8,92.5,130,17.3627358490566,45.47887,130,54,111,NA,NA,NA,NA,NA,NA,NA,NA
"140",140,"Pacific island small states","PSS",147,NA,NA,NA,NA,NA,140,1.1059235,65,143,94.5,81,2014,44.03216,29,128,166,166,178,140,59,94.5,130,94.5,100,NA,NA,NA,NA,132,57,94,75.5,75.5,75.5,130,129,8.333333,5,3.478026,91,53,NA,NA,NA,NA,NA,NA,NA,NA,NA,NA,NA,NA,NA,131,17.3627358490566,22.29326,86,54,77,NA,NA,NA,NA,NA,NA,NA,NA
"141",141,"Pakistan","PAK",166.5,67,113,115,114,114,141,0.94926425,59,144,165,82,2014,169,74,129,80,80,84,141,171,20,148,113,138.5,NA,NA,NA,NA,133,17,133,42,115,76.75,134,130,3,14,7.750212,134,82,NA,NA,NA,NA,NA,113,137,24,164,127,166,123.6,145,132,17.3627358490566,65.8,148,54,126,73,73,95,90,28,30,49.3333333333333,88
"142",142,"Panama","PAN",51.5,116,73,58,65.5,70,143,2.537164,101,146,38,83,2014,73,42,131,90,90,96,142,79,95,49,74.3333333333333,56.5,29,2014,67.3,69,135,22,96,74,77,67.25,118,132,7,7,17.15242,177,108,61,2013,619000,3805683,64,NA,NA,NA,NA,NA,NA,NA,NA,134,17.58,14.6,67,55,64,80,80,97,41,12,5,19.3333333333333,13.5
"143",143,"Papua New Guinea","PNG",188,37,115,108,111.5,111,144,0.71403995,51,147,86,NA,NA,NA,NA,132,171,171,185,143,31,99,167,99,111,NA,NA,NA,NA,136,87,145,116,116,116,178,133,3,14,10.39518,159,99,NA,NA,NA,NA,NA,114,12,139,145,15,117,85.6,69,135,17.3627358490566,44.5,128,54,109,1,1,NA,NA,NA,NA,NA,NA
"144",144,"Paraguay","PRY",113,4,57,53,55,53,145,0.82959115,56,148,106,84,2014,75,44,133,112,112,122,144,32,90,108,76.6666666666667,61,30,2014,55.6,84,137,8,150,22,92,68,119,134,2,15,8.894034,147,92,62,2013,440000,6465669,79,115,67,103,117,16,111,82.8,59.5,136,12.28,17.5,74,40,59,143,143,98,66,19,73,52.6666666666667,91.5
"145",145,"Peru","PER",122,68,56,61,58.5,59,146,1.8764775,87,149,24,85,2014,58,34,134,72,72,75,145,46,82,87,71.6666666666667,47,105,2012,48.2,89,138,21,107,73,98,74.75,129,135,8,6,6.653681,124,73,63,2013,2364000,30565461,73,116,68,46,97,34,80,65,27,137,15.34,13.1,61,48,54,51,51,99,51,21,19,30.3333333333333,40
"146",146,"Philippines","PHL",110,NA,NA,NA,NA,NA,147,0.8729904,58,150,146,86,2014,78,46,135,50,50,52,146,187,78,140,135,180.5,74,2013,58.2,80,139,28,110,43,107,72,125,136,3,14,9.312997,151,93,NA,NA,NA,NA,NA,117,54,28,141,28,94,69,37.5,138,24.78,22.2,85,77,94,137,137,100,71,30,18,39.6666666666667,63
"147",147,"Poland","POL",25.5,38,2,5,3.5,2.5,148,8.3353295,167,151,48,NA,NA,NA,NA,136,65,65,68,147,137,31,53,73.6666666666667,52.5,31,2014,78.6,50,140,1,63,106,51,55.25,78,137,7,7,0.7818633,18,9,64,2013,10050000,38040196,50,118,102,22,59,72,62,63.4,25,139,11.98,4.5,21,36,22,153,153,101,28,19,49,32,43.5
"148",148,"Portugal","PRT",76.5,95,29,55,42,43,149,4.6999725,129,152,73.5,NA,NA,NA,NA,137,36,36,38,148,130,55,31,72,48,32,2014,80.3,48,141,1,102,66,44,53.25,72,138,2,15,1.344241,41,27,NA,NA,NA,NA,NA,119,104,51,44,177,22,79.6,55,140,12.28,3,12,40,18,154,154,102,19,31,63,37.6666666666667,57.5
"149",149,"Puerto Rico","PRI",91,117,52,70,61,63,NA,NA,NA,153,88.5,NA,NA,NA,NA,NA,NA,NA,NA,149,193,118,43,118,148.5,106,2012,84.4,39,142,22,11,16.5,16.5,16.5,8,139,10,3,26.4944,186,111,65,2013,839000,3595839,53,NA,NA,NA,NA,NA,NA,NA,NA,NA,NA,NA,NA,NA,NA,NA,NA,NA,NA,NA,NA,NA,NA
"150",150,"Qatar","QAT",8,5,55,35,45,46,150,43.329005,202,154,200,NA,NA,NA,NA,138,175,175,192.5,150,154,99.5,45,99.5,113,75,2013,99.3,1,143,10,50.3333333333333,137,4,50.3333333333333,64,140,1,16,8.055669,141,89,NA,NA,NA,NA,NA,120,83,52,5,81,19,48,7,141,17.3627358490566,6.8,30,54,39,NA,NA,NA,NA,NA,NA,NA,NA
"151",151,"Romania","ROM",102.5,96,46,25,35.5,33,151,4.064485,119,155,73.5,NA,NA,NA,NA,139,120,120,130,151,111,12,84,69,43,33,2014,67.9,67,144,1,92,70,68,57.75,88,141,10,3,1.54767,50,25,66,2013,11364000,19983693,32,121,66,44,78,103,101,78.4,53,142,17.01,9.7,44,52,46,112,112,104,42,28,43,37.6666666666667,57.5
"152",152,"Russian Federation","RUS",18.5,118,21,12,16.5,17,152,12.422885,186,156,63.5,NA,NA,NA,NA,140,121,121,131,152,15,71,118,68,41.5,76,2013,92.7,10,145,1,31,105,29,41.5,36.5,142,6,8,9.000348,148,88,67,2013,54069000,143506911,44,122,146,6,64,87,143,89.2,78,143,11.99,8.2,37,37,33,NA,NA,NA,NA,NA,NA,NA,NA
"153",153,"Rwanda","RWA",180,69,103,105,104,103,153,0.06011429,4,157,135.5,87,2014,248,88,141,1,1,1,153,198,94,162,151.333333333333,196,107,2012,17.8,116,146,88,176,132,132,132,189,143,11,2,4.613937,106,60,NA,NA,NA,NA,NA,123,50,142,183,31,109,103,112,144,17.3627358490566,31.1,102,54,89,133,133,106,89,42,88,73,121.5
"154",154,"Samoa","WSM",166.5,97,35,21,28,25,154,1.1779905,67,158,102.5,88,2014,20,12,142,161,161,173,154,88,95.5,103,95.5,103,108,2012,64.1,74,147,1,98,49.5,49.5,49.5,62,144,5,11,3.171355,84,52,68,2013,51000,190390,49,NA,NA,NA,NA,NA,NA,NA,NA,145,38.2,15,68,93,93,NA,NA,NA,NA,NA,NA,NA,NA
"155",155,"Sao Tome and Principe","STP",161,NA,NA,NA,NA,NA,155,0.58365795,44,159,133,89,2014,42,28,144,94,94,100.5,156,157,26,147,110,132,NA,NA,NA,NA,148,46,131,88.5,88.5,88.5,154,146,0,17,3.33479,87,57,NA,NA,NA,NA,NA,NA,NA,NA,NA,NA,NA,NA,NA,147,17.3627358490566,34.6,110,54,96,NA,NA,NA,NA,NA,NA,NA,NA
"156",156,"Saudi Arabia","SAU",18.5,39,38,57,47.5,49,156,18.52504,194,160,121.5,90,2014,10,5,145,87,87,93,157,25,58,91,58,21,77,2013,94.6,6,149,10,1,136,18,41.25,35,147,2,15,6.242683,119,75,69,2013,19154000,30201051,27,124,158,16,41,76,100,78.2,52,148,18.42,12.5,57,57,59,67,67,NA,NA,NA,NA,NA,NA
"157",157,"Senegal","SEN",141.5,40,118,118,118,117,157,0.6134109,48,161,31,91,2014,108,58,146,6,6,6,158,99,68,149,105.333333333333,122,117,2011,22.3,110,150,50,142,30,122,86,147.5,148,6,8,8.062457,142,84,NA,NA,NA,NA,NA,125,87,115,169,145,9,105,119,149,17.3627358490566,41.7,122,54,104,34,34,107,82,41,78,67,109
"158",158,"Serbia","SRB",75,98,33,33,33,27.5,158,6.545566,151,162,133,NA,NA,NA,NA,147,29,29,29,159,107,21,73,67,39,78,2013,67.6,68,151,1,87,91,47,56.5,82,149,5,11,1.450236,46,28,NA,NA,NA,NA,NA,126,108,84,99,136,142,113.8,133,150,19.54,5.9,28,64,43,NA,NA,108,40,28,42,36.6666666666667,53
"159",159,"Seychelles","SYC",39,119,47,60,53.5,52,159,7.2576435,158,163,83,NA,NA,NA,NA,148,4,4,4,160,160,125,90,125,165.5,118,2011,85.8,33,152,1,7,4,4,4,1,150,2,15,2.19279,65,41,91,2012,54000,89900,28,127,27,177,61,21,71.5,71.5,44,151,20,11.7,53,67,62,NA,NA,NA,NA,NA,NA,NA,NA
"160",160,"Sierra Leone","SLE",179,41,117,117,117,116,160,0.13887515,16,164,94.5,92,2014,190,79,149,133,133,145,161,113,43,200,118.666666666667,154,NA,NA,NA,NA,153,93,168,130.5,130.5,130.5,185.5,151,5,11,1.824312,59,36,92,2012,104000,6178859,96,128,24,152,185,6,71.5,87.7,73,152,17.3627358490566,87.1,156,54,134,27,27,109,118,34,105,85.6666666666667,135.5
"161",161,"Singapore","SGP",7,42,8,43,25.5,22,161,3.487699,111,165,161,NA,NA,NA,NA,150,60,60,62,162,214,111,8,111,133.5,79,2013,85.1,35,154,1,8,121,16,36.5,19,152,8,6,0.3129141,4,1,70,2013,8647000,5399200,6,129,133,39,12,32,85,60.2,17.5,153,18.9,2.1,5,60,28,97,97,NA,NA,NA,NA,NA,NA
"162",162,"Slovak Republic","SVK",45,NA,NA,NA,NA,NA,162,6.544753,150,166,22.5,NA,NA,NA,NA,151,92,92,98,163,129,5,62,65.3333333333333,36.5,34,2014,84.6,38,155,1,60,53,40,38.5,22,153,7,7,1.434542,44,23,71,2013,2129000,5413393,42,130,43,70,51,83,43,58,12,154,12.8,5.8,27,41,29,NA,NA,NA,NA,NA,NA,NA,NA
"163",163,"Slovenia","SVN",60.5,43,11,11,11,10.5,163,7.5174325,160,167,1,NA,NA,NA,NA,152,23,23,23,164,122,2,34,52.6666666666667,15,35,2014,81.4,47,156,1,85,48,26,40,30,154,3,14,0.5812842,8,6,72,2013,2612000,2059953,11,131,57,99,40,165,24,77,50,155,9.42,2.1,5,24,8,123,123,111,20,17,65,34,49
"164",164,"Small states","SST",123,120,94,88,91,89,164,3.496741,112,168,38,93,2014,105.5094,57,153,106,106,116,165,20,87,154,87,90,NA,NA,NA,NA,157,43,108,92,81,81,143,155,5.55,9,15.82745,176,109,NA,NA,NA,NA,NA,132,75,49,101,128,88,88.2,75.5,156,17.3627358490566,39.56158,120,54,103,NA,NA,NA,NA,NA,NA,NA,NA
"165",165,"Solomon Islands","SLB",182,NA,NA,NA,NA,NA,165,0.3723188,38,169,92,94,2014,77,45,154,172,172,186.5,166,40,91.5,143,91.5,95,NA,NA,NA,NA,158,81,153,117,117,117,179,156,10,3,NA,NA,127,NA,NA,NA,NA,NA,NA,NA,NA,NA,NA,NA,NA,NA,157,17.3627358490566,23.6,89,54,80,NA,NA,NA,NA,NA,NA,NA,NA
"166",166,"Somalia","SOM",199,NA,NA,NA,NA,NA,166,0.06130957,6,170,193,NA,NA,NA,NA,155,118,118,128,167,33,113,193,113,138.5,NA,NA,NA,NA,159,71,186,128.5,128.5,128.5,183.5,NA,NA,NA,NA,NA,NA,NA,NA,NA,NA,NA,133,1,95,189,95,95,95,94,158,17.3627358490566,85,155,54,133,16,16,NA,NA,NA,NA,NA,NA
"167",167,"South Africa","ZAF",53,70,49,62,55.5,54,167,9.107185,172,171,171,95,2014,16,9,156,7,7,7,168,65,103,188,118.666666666667,154,36,2014,85.9,32,160,29,82,90,46,61.75,106.5,157,5,11,31.86366,191,119,73,2013,5168000,53157490,70,134,47,27,85,135,122,83.2,61,159,31.31,33.6,106,89,120,8,8,112,96,28,101,75,124
"168",168,"South Sudan","SSD",185,NA,NA,NA,NA,NA,NA,NA,NA,NA,NA,NA,NA,NA,NA,157,53,53,55,NA,NA,NA,NA,NA,NA,NA,NA,NA,NA,NA,NA,NA,NA,NA,NA,NA,158,2,15,14.41558,174,111,NA,NA,NA,NA,NA,135,157,121,160,194,177,161.8,158,160,17.3627358490566,60.3,143,54,122,NA,NA,NA,NA,NA,NA,NA,NA
"169",169,"Spain","ESP",64,44,24,31,27.5,24,168,5.8032755,139,173,44,NA,NA,NA,NA,158,13,13,13,169,116,53,6,58.3333333333333,22,37,2014,82.4,44,161,1,78,63,35,44.25,49,159,5,11,0.6260568,11,6,74,2013,11246000,46620045,52,136,33,14,34,180,31,58.4,14,161,17.14,3.5,17,53,31,82,82,114,6,15,13,11.3333333333333,4
"170",170,"Sri Lanka","LKA",134,121,67,73,70,71,169,0.6890832,50,174,78.5,96,2014,216,83,159,164,164,176,170,185,61,89,111.666666666667,135,80,2013,53.8,86,162,27,149,32,114,80.5,142,160,3,14,2.790799,77,48,75,2013,1262000,20483000,83,137,119,61,131,8,133,90.4,82,162,0.46,8.4,38,1,15,93,93,115,40,36,23,33,48
"171",171,"St. Kitts and Nevis","KNA",42.5,NA,NA,NA,NA,NA,170,5.0120825,133,175,144.5,NA,NA,NA,NA,160,122,122,132.5,NA,NA,NA,NA,NA,NA,NA,NA,NA,NA,NA,NA,NA,NA,NA,NA,NA,161,5,11,33.42504,192,120,NA,NA,NA,NA,NA,NA,NA,NA,NA,NA,NA,NA,NA,163,17.3627358490566,8.4,38,54,43,NA,NA,NA,NA,NA,NA,NA,NA
"172",172,"St. Lucia","LCA",108,NA,NA,NA,NA,NA,171,2.2721255,95,176,147,NA,NA,NA,NA,161,102,102,110.5,171,182,129,76,129,173,NA,NA,NA,NA,163,22,20,21,21,21,9,162,5,11,21.57453,183,114,NA,NA,NA,NA,NA,NA,NA,NA,NA,NA,NA,NA,NA,164,17.3627358490566,12.7,59,54,58,NA,NA,NA,NA,NA,NA,NA,NA
"173",173,"St. Vincent and the Grenadines","VCT",101,NA,NA,NA,NA,NA,172,2.1634,92,177,97,97,2014,41,27,162,126,126,137,173,177,142,107,142,188.5,NA,NA,NA,NA,164,37,41,39,39,39,24,163,5,11,25.51362,185,116,NA,NA,NA,NA,NA,NA,NA,NA,NA,NA,NA,NA,NA,165,17.3627358490566,16.6,70,54,66,NA,NA,NA,NA,NA,NA,NA,NA
"174",174,"Sudan","SDN",153.5,45,92,98,95,94,173,0.34564975,34,178,159.5,119,2011,176,77,163,40,40,42,174,43,103.5,164,103.5,119,NA,NA,NA,NA,165,72,151,18,127,92,162,164,3,14,6.542221,122,76,NA,NA,NA,NA,NA,NA,NA,NA,NA,NA,NA,NA,NA,166,17.3627358490566,47.6,132,54,113,NA,NA,NA,NA,NA,NA,NA,NA
"175",175,"Suriname","SUR",55,122,63,52,57.5,57.5,174,4.13567,120,179,18,98,2014,59,35,193,137,137,149,175,6,63,120,63,31,81,2013,2.9,124,166,1,86,43.5,43.5,43.5,46.5,165,2,15,9.280288,150,93,NA,NA,NA,NA,NA,NA,NA,NA,NA,NA,NA,NA,NA,167,17.3627358490566,19,78,54,71,NA,NA,116,60,15,59,44.6666666666667,76
"176",176,"Swaziland","SWZ",150.5,123,86,86,86,85,175,0.86737775,57,180,149.5,99,2014,186,78,164,160,160,172,176,94,148.5,203,148.5,194,NA,NA,NA,NA,167,62,128,95,95,95,165,166,4,13,17.43288,178,113,76,2013,1573000,1250641,13,138,109,153,123,144,135,132.8,151,168,17.3627358490566,44.5,128,54,109,115,115,117,115,30,104,83,133.5
"177",177,"Sweden","SWE",14,NA,NA,NA,NA,NA,176,5.5622105,137,181,31,NA,NA,NA,NA,165,5,5,5,177,44,11,14,23,5,38,2014,89.7,17,168,1,140,21,9,42.75,43,167,6,8,0.9166511,24,12,77,2013,15917000,9600379,3,139,49,38,11,115,5,43.6,5,169,7.16,2.4,7,16,6,128,128,118,7,3,48,19.3333333333333,13.5
"178",178,"Switzerland","CHE",12,NA,NA,NA,NA,NA,177,4.7888645,131,182,56,NA,NA,NA,NA,166,41,41,43,178,162,29,5,65.3333333333333,36.5,39,2014,84.9,36,169,1,95,37,20,38.25,21,168,6,8,0.7261854,15,7,78,2013,12403000,8089346,8,140,19,36,7,142,1,41,3.5,170,7.27,3.4,16,17,12,63,63,119,5,1,21,9,2
"179",179,"Syrian Arab Republic","SYR",152,46,83,81,82,82,178,2.854366,104,183,197,NA,NA,NA,NA,167,132,132,144,179,134,106,78,106,123.5,119,2011,62.6,77,170,13,22,124,97,64,111.5,169,1,16,2.150223,64,41,99,2010,6259000,21789415,48,NA,NA,NA,NA,NA,NA,NA,NA,171,17.3627358490566,11.1,49,54,50,NA,NA,NA,NA,NA,NA,NA,NA
"180",180,"Tajikistan","TJK",144.5,47,10,7,8.5,7,179,0.36641025,36,184,186,100,2014,245,87,168,91,91,97,180,81,106.5,132,106.5,125,NA,NA,NA,NA,171,1,147,23,82,63.25,108,170,1,16,1.462197,47,32,79,2013,15000,8111894,101,141,40,137,172,25,93.5,93.5,89.5,172,17.3627358490566,38.5,118,54,101,76,76,121,77,31,22,43.3333333333333,73.5
"181",181,"Tanzania","TZA",190.5,71,97,92,94.5,92.5,180,0.15249675,18,185,10,101,2014,258,89,169,26,26,26,181,80,59,158,99,111,82,2013,16.2,117,172,91,178,6,133,102,172,171,5,11,8.193912,143,87,NA,NA,NA,NA,NA,142,30,79,174,58,165,101.2,109,173,31.8,35.2,112,90,126,2,2,122,86,38,77,67,109
"182",182,"Thailand","THA",81.5,124,79,44,61.5,64,181,4.502459,127,186,78.5,102,2014,49,31,170,162,162,174,182,141,64,88,97.6666666666667,107,83,2013,41.4,96,173,1,97,77,70,61.25,104,172,3,14,4.904347,114,72,80,2013,5970000,67451422,71,143,78,19,102,55,77,66.2,31,174,13.81,10.5,46,45,42,92,92,123,45,14,8,22.3333333333333,21.5
"183",183,"Timor-Leste","TMP",195.5,125,110,113,111.5,111,182,0.16779015,20,187,86,103,2014,197,80,171,18,18,18,183,106,125.5,145,125.5,168,138,2010,28.3,107,NA,NA,NA,NA,NA,NA,NA,173,0,17,3.612951,93,62,NA,NA,NA,NA,NA,144,117,175,168,41,157,131.6,150,175,17.3627358490566,44.7,129,54,110,NA,NA,NA,NA,NA,NA,NA,NA
"184",184,"Togo","TGO",183,99,109,110,109.5,109,183,0.2942753,29,188,118,104,2014,102,54,172,96,96,103,184,140,84,181,135,180.5,NA,NA,NA,NA,174,73,156,8,130,91.75,160.5,174,6,8,9.411765,153,91,NA,NA,NA,NA,NA,145,94,154,186,89,48,114.2,134.5,176,9,52.3,136,21,90,7,7,124,102,45,110,85.6666666666667,135.5
"185",185,"Tonga","TON",150.5,100,28,16,22,20,184,1.0562225,61,189,149.5,NA,NA,NA,NA,173,175,175,192.5,185,147,128,109,128,172,NA,NA,NA,NA,175,15,14,14.5,14.5,14.5,5,175,10,3,0.9488389,27,11,NA,NA,NA,NA,NA,NA,NA,NA,NA,NA,NA,NA,NA,177,17.3627358490566,14.4,66,54,62,NA,NA,NA,NA,NA,NA,NA,NA
"186",186,"Trinidad and Tobago","TTO",37.5,48,27,23,25,21,185,37.738945,201,190,76,105,2014,67,38,174,45,45,47,186,174,149.5,125,149.5,195,84,2013,77.9,51,176,2,6,134,28,42.5,40,176,7,7,30.2171,189,116,100,2010,273000,1348240,57,146,18,109,49,159,145,96,97,178,52.52,18.2,75,98,102,50,50,125,69,14,102,61.6666666666667,103
"187",187,"Tunisia","TUN",78,101,77,89,83,83,186,2.4690375,100,191,183,106,2014,5,2,175,35,35,37,187,91,51,100,80.6666666666667,77,85,2013,72,61,177,1,72,95,91,64.75,113,177,2,15,3.067736,82,54,95,2011,2303000,10886500,56,147,90,77,115,129,110,104.2,117,179,25.4,12.1,56,80,75,74,74,126,47,34,56,45.6666666666667,78
"188",188,"Turkey","TUR",116,49,37,48,42.5,44,187,4.25213,122,192,181,107,2014,2,1,176,115,115,125,188,121,67,72,86.6666666666667,87.5,40,2014,66.1,71,178,1,71,94,66,58,89.5,178,3,14,4.348625,105,67,81,2013,7526000,75010202,69,148,116,17,69,39,152,78.6,54,180,24.79,11.6,52,78,69,113,113,127,46,25,55,42,70.5
"189",189,"Turkmenistan","TKM",114,50,15,13,14,14,188,11.77089,183,193,187,108,2014,21,13,177,57,57,59,189,19,86,153,86,84,NA,NA,NA,NA,179,1,35,35,69,35,16,NA,NA,NA,NA,NA,NA,NA,NA,NA,NA,NA,NA,NA,NA,NA,NA,NA,NA,NA,181,17.3627358490566,43.7,127,54,108,96,96,128,84,23,106,71,117.5
"190",190,"Uganda","UGA",174.5,72,101,103,102,102,190,0.10959195,13,196,137,109,2014,172,75,179,28,28,28,190,155,76,185,138.666666666667,187,86,2013,19.6,113,181,86,183,134.5,134.5,134.5,190,179,6,8,10.52469,160,95,82,2013,378000,36573387,98,149,107,96,182,97,160,128.4,147,183,5.91,37.7,116,13,68,4,4,129,109,35,89,77.6666666666667,127
"191",191,"Ukraine","UKR",68,51,19,10,14.5,15,191,6.450252,149,197,166.5,NA,NA,NA,NA,180,136,136,148,191,101,1,117,73,50,41,2014,84.1,40,182,1,25,76,56,39.5,27.5,180,8,6,4.317026,103,61,83,2013,23761000,45489600,34,150,123,40,128,98,131,104,116,184,19.98,7.7,36,66,49,94,94,130,49,28,55,44,75
"192",192,"United Arab Emirates","ARE",2,NA,NA,NA,NA,NA,192,20.2774,196,198,139,110,2014,22,14,181,97,97,104,192,127,88.5,50,88.5,92.5,NA,NA,NA,NA,183,10,3,132,11,39,24,181,2,15,0.6136677,9,8,NA,NA,NA,NA,NA,151,154,30,28,130,11,70.6,41,185,17.3627358490566,5.9,28,54,38,33,33,NA,NA,NA,NA,NA,NA
"193",193,"United Kingdom","GBR",22,NA,NA,NA,NA,NA,193,7.4636925,159,199,94.5,NA,NA,NA,NA,182,44,44,46,193,175,33,23,77,62.5,42,2014,84.4,39,184,1,36,86,37,40,30,182,7,7,0.9571372,28,15,84,2013,58510000,64106779,19,152,113,9,26,126,81,71,42,186,11.87,3.5,17,35,18,109,109,131,21,9,28,19.3333333333333,13.5
"194",194,"United States","USA",67,NA,NA,NA,NA,NA,194,17.252505,192,200,80,NA,NA,NA,NA,183,89,89,95,194,57,70,42,56.3333333333333,19,87,2013,93.4,7,185,1,50,83,10,36,17.5,183,11,2,3.824631,97,55,85,2013,61569000,316497531,59,153,147,1,13,119,46,65.2,28,187,16.49,5.6,26,50,34,85,85,NA,NA,NA,NA,NA,NA
"195",195,"Uruguay","URY",29,52,48,27,37.5,36,195,2.104403,90,201,189.5,111,2014,24,16,184,107,107,117,195,38,72,55,55,17,88,2013,72.4,60,186,5,135,40,64,61,102,184,4,13,7.711195,133,80,86,2013,2281000,3407969,26,154,98,92,53,26,153,84.4,64,188,20.51,8.7,41,69,55,125,125,133,35,16,12,21,17
"196",196,"Uzbekistan","UZB",137,53,5,15,10,9,196,3.8040945,115,202,188,112,2014,39,25,185,108,108,118,196,93,116,139,116,141.5,NA,NA,NA,NA,187,1,21,123,84,57.25,87,185,6,8,3.263962,85,50,101,2010,1610000,30243200,86,NA,NA,NA,NA,NA,NA,NA,NA,189,17.3627358490566,33.9,108,54,94,87,87,134,78,18,41,45.6666666666667,78
"197",197,"Vanuatu","VUT",169.5,54,85,83,84,84,197,0.5439285,43,203,159.5,113,2014,46,30,186,175,175,192.5,197,42,57,113,70.6666666666667,45,NA,NA,NA,NA,188,76,117,96.5,96.5,96.5,169,186,10,3,2.845013,79,42,87,2013,26000,253165,68,NA,NA,NA,NA,NA,NA,NA,NA,190,17.3627358490566,23.1,88,54,79,NA,NA,135,64,15,3,27.3333333333333,32.5
"198",198,"Venezuela, RB","VEN",105,102,75,51,63,66.5,198,6.614045,152,204,8,114,2014,12,7,187,100,100,107,198,56,75.5,95,75.5,59,89,2013,59.2,79,189,1,64,102,60,56.75,84.5,187,1,16,53.61968,200,124,88,2013,1931000,30276045,82,155,44,31,65,174,179,98.6,106,191,19.19,12.9,60,62,64,NA,NA,NA,NA,NA,NA,NA,NA
"199",199,"Vietnam","VNM",58.5,NA,NA,NA,NA,NA,199,1.866792,86,205,112.5,115,2014,99,53,188,63,63,66,199,178,63,65,102,116.5,90,2013,34.8,103,190,7,120,55,95,69.25,123,188,7,7,1.511913,49,27,NA,NA,NA,NA,NA,156,111,35,148,24,162,96,97,192,9.34,17.3,72,23,45,122,122,137,48,22,4,24.6666666666667,28
"200",200,"Yemen, Rep.","YEM",159.5,55,93,106,99.5,99.5,200,1.0050138,60,207,198,116,2014,176,77,189,175,175,192.5,201,75,117.5,160,117.5,145,139,2010,65.9,72,191,58,12,126,125,80.25,141,189,0,17,6.999206,126,79,NA,NA,NA,NA,NA,157,152,82,159,190,145.75,145.75,155,193,48.1,33.8,107,97,128,NA,NA,NA,NA,NA,NA,NA,NA
"201",201,"Zambia","ZMB",168,NA,NA,NA,NA,NA,201,0.20226415,23,208,2,117,2014,408,95,190,130,130,141,202,41,101,180,107.333333333333,127,109,2012,20.4,111,192,82,177,4,111,93.5,163,190,7,7,6.158742,118,70,NA,NA,NA,NA,NA,158,76,102,151,40,147,103.2,113,194,28.3,43.3,124,84,132,35,35,139,104,29,61,64.6666666666667,105
"202",202,"Zimbabwe","ZWE",149,103,90,85,87.5,86,202,0.6688853,49,209,33,118,2014,244,86,191,33,33,35,203,62,126,190,126,170,110,2012,34,104,193,65,158,19,112,88.5,154,191,5,11,7.530804,132,79,97,2011,693000,14898092,88,159,110,132,175,11,107,107,122,195,17.3627358490566,46.6,131,54,112,101,101,140,108,28,77,71,117.5
"203",203,"Micronesia, Fed. Sts.","FSM",172,NA,NA,NA,NA,NA,122,1.204091,68,122,108.5,NA,NA,NA,NA,110,175,175,192.5,122,148,142,136,142,188.5,NA,NA,NA,NA,NA,NA,NA,NA,NA,NA,NA,112,11,2,4.852033,113,64,NA,NA,NA,NA,NA,NA,NA,NA,NA,NA,NA,NA,NA,113,17.3627358490566,28.6,97,54,86,NA,NA,NA,NA,NA,NA,NA,NA
"204",204,"Tuvalu","TUV",162,NA,NA,NA,NA,NA,NA,NA,NA,195,169.5,NA,NA,NA,NA,178,158,158,170,NA,NA,NA,NA,NA,NA,NA,NA,NA,NA,NA,NA,NA,NA,NA,NA,NA,NA,NA,NA,NA,NA,NA,96,2011,2100,9876,55,NA,NA,NA,NA,NA,NA,NA,NA,182,17.3627358490566,22.8,87,54,78,NA,NA,NA,NA,NA,NA,NA,NA
"205",205,"San Marino","SMR",90,NA,NA,NA,NA,NA,NA,NA,NA,NA,NA,NA,NA,NA,NA,143,102,102,110.5,155,201,102,3,102,116.5,137,2010,91,14,NA,NA,NA,NA,NA,NA,NA,145,1,16,NA,NA,126,NA,NA,NA,NA,NA,NA,NA,NA,NA,NA,NA,NA,NA,146,17.3627358490566,2.6,9,54,26,NA,NA,NA,NA,NA,NA,NA,NA
"206",NA,"Palau",NA,NA,36,17,14,15.5,16,142,10.71235,180,145,4.5,NA,NA,NA,NA,130,175,175,192.5,NA,NA,NA,NA,NA,NA,NA,NA,NA,NA,134,48,24,36,36,36,17.5,131,10,3,4.824426,112,64,NA,NA,NA,NA,NA,NA,NA,NA,NA,NA,NA,NA,NA,133,17.3627358490566,14.2,65,54,61,NA,NA,NA,NA,NA,NA,NA,NA
"207",NA,"Turks and Caicos Islands",NA,NA,NA,NA,NA,NA,NA,189,6.0813175,145,194,135.5,NA,NA,NA,NA,NA,NA,NA,NA,NA,NA,NA,NA,NA,NA,NA,NA,NA,NA,180,22,9,15.5,15.5,15.5,6.5,NA,NA,NA,NA,NA,NA,NA,NA,NA,NA,NA,NA,NA,NA,NA,NA,NA,NA,NA,NA,NA,NA,NA,NA,NA,NA,NA,NA,NA,NA,NA,NA,NA
"208",NA,"American Samoa",NA,NA,NA,NA,NA,NA,NA,NA,NA,NA,4,14,NA,NA,NA,NA,NA,NA,NA,NA,NA,NA,NA,NA,NA,NA,120,2010,96.9,2,NA,NA,NA,NA,NA,NA,NA,NA,NA,NA,NA,NA,NA,NA,NA,NA,NA,NA,NA,NA,NA,NA,NA,NA,NA,NA,NA,NA,NA,NA,NA,NA,NA,NA,NA,NA,NA,NA,NA,NA
"209",NA,"Channel Islands",NA,NA,NA,NA,NA,NA,NA,NA,NA,NA,40,196,NA,NA,NA,NA,NA,NA,NA,NA,37,206,117.5,29,117.5,145,NA,NA,NA,NA,NA,NA,NA,NA,NA,NA,NA,NA,NA,NA,NA,NA,NA,NA,NA,NA,NA,NA,NA,NA,NA,NA,NA,NA,NA,NA,NA,NA,NA,NA,NA,NA,NA,NA,NA,NA,NA,NA,NA,NA
"210",NA,"Guam",NA,NA,NA,NA,NA,NA,NA,NA,NA,NA,77,99.5,NA,NA,NA,NA,NA,NA,NA,NA,74,183,112,41,112,136,NA,NA,NA,NA,NA,NA,NA,NA,NA,NA,NA,NA,NA,NA,NA,NA,NA,NA,NA,NA,NA,NA,NA,NA,NA,NA,NA,NA,NA,NA,NA,NA,NA,NA,NA,NA,NA,NA,NA,NA,NA,NA,NA,NA
"211",NA,"Middle income",NA,NA,NA,NA,NA,NA,NA,NA,NA,NA,123,108.5,NA,NA,NA,NA,NA,NA,NA,NA,NA,NA,NA,NA,NA,NA,NA,NA,NA,NA,NA,NA,NA,NA,NA,NA,NA,NA,NA,NA,NA,NA,NA,NA,NA,NA,NA,NA,NA,NA,NA,NA,NA,NA,NA,NA,NA,NA,NA,NA,NA,NA,NA,NA,NA,NA,NA,NA,NA,NA
"212",NA,"Northern Mariana Islands",NA,NA,NA,NA,NA,NA,NA,NA,NA,NA,139,19,NA,NA,NA,NA,NA,NA,NA,NA,NA,NA,NA,NA,NA,NA,NA,NA,NA,NA,NA,NA,NA,NA,NA,NA,NA,NA,NA,NA,NA,NA,NA,NA,NA,NA,NA,NA,NA,NA,NA,NA,NA,NA,NA,NA,NA,NA,NA,NA,NA,NA,NA,NA,NA,NA,NA,NA,NA,NA
"213",NA,"South Asia",NA,NA,NA,NA,NA,NA,NA,NA,NA,NA,172,157,NA,NA,NA,NA,NA,NA,NA,NA,NA,NA,NA,NA,NA,NA,NA,NA,NA,NA,NA,NA,NA,NA,NA,NA,NA,NA,NA,NA,NA,NA,NA,NA,NA,NA,NA,NA,NA,NA,NA,NA,NA,NA,NA,NA,NA,NA,NA,NA,NA,NA,NA,NA,NA,NA,NA,NA,NA,NA
"214",NA,"Virgin Islands (U.S.)",NA,NA,NA,NA,NA,NA,NA,NA,NA,NA,206,120,NA,NA,NA,NA,NA,NA,NA,NA,200,181,109,37,109,131,NA,NA,NA,NA,NA,NA,NA,NA,NA,NA,NA,NA,NA,NA,NA,NA,NA,NA,NA,NA,NA,NA,NA,NA,NA,NA,NA,NA,NA,NA,NA,NA,NA,NA,NA,NA,NA,NA,NA,NA,NA,NA,NA,NA
"215",NA,"Curacao",NA,NA,NA,NA,NA,NA,NA,NA,NA,NA,NA,NA,NA,NA,NA,NA,NA,NA,NA,NA,48,189,118.5,48,118.5,151.5,NA,NA,NA,NA,NA,NA,NA,NA,NA,NA,NA,NA,NA,NA,NA,NA,NA,NA,NA,NA,NA,NA,NA,NA,NA,NA,NA,NA,NA,NA,NA,NA,NA,NA,NA,NA,NA,NA,NA,NA,NA,NA,NA,NA
"216",NA,"Kosovo",NA,NA,NA,NA,NA,NA,NA,NA,NA,NA,NA,NA,NA,NA,NA,NA,NA,NA,NA,NA,99,152,8,122,94,99,99,2012,74.5,57,93,1,90,98,65,63.5,109.5,90,8,6,2.218965,66,37,NA,NA,NA,NA,NA,NA,NA,NA,NA,NA,NA,NA,NA,NA,NA,NA,NA,NA,NA,NA,NA,NA,NA,NA,NA,NA,NA
"217",NA,"St. Martin (French part)",NA,NA,NA,NA,NA,NA,NA,NA,NA,NA,NA,NA,NA,NA,NA,NA,NA,NA,NA,NA,172,203,121.5,40,121.5,159,NA,NA,NA,NA,NA,NA,NA,NA,NA,NA,NA,NA,NA,NA,NA,NA,NA,NA,NA,NA,NA,NA,NA,NA,NA,NA,NA,NA,NA,NA,NA,NA,NA,NA,NA,NA,NA,NA,NA,NA,NA,NA,NA,NA
"218",NA,"Democratic Republic of Congo",NA,NA,NA,NA,NA,NA,NA,NA,NA,NA,NA,NA,NA,NA,NA,NA,NA,NA,NA,NA,NA,NA,NA,NA,NA,NA,NA,NA,NA,NA,NA,NA,NA,NA,NA,NA,NA,NA,NA,NA,NA,NA,NA,NA,NA,NA,NA,NA,NA,NA,NA,NA,NA,NA,NA,NA,NA,NA,NA,NA,NA,NA,3,3,NA,NA,NA,NA,NA,NA
"219",NA,"Congo",NA,NA,NA,NA,NA,NA,NA,NA,NA,NA,NA,NA,NA,NA,NA,NA,NA,NA,NA,NA,NA,NA,NA,NA,NA,NA,NA,NA,NA,NA,NA,NA,NA,NA,NA,NA,NA,NA,NA,NA,NA,NA,NA,NA,NA,NA,NA,NA,NA,NA,NA,NA,NA,NA,NA,NA,NA,NA,NA,NA,NA,NA,9,9,NA,NA,NA,NA,NA,NA
"220",NA,"Yugoslavia (19431992)",NA,NA,NA,NA,NA,NA,NA,NA,NA,NA,NA,NA,NA,NA,NA,NA,NA,NA,NA,NA,NA,NA,NA,NA,NA,NA,NA,NA,NA,NA,NA,NA,NA,NA,NA,NA,NA,NA,NA,NA,NA,NA,NA,NA,NA,NA,NA,NA,NA,NA,NA,NA,NA,NA,NA,NA,NA,NA,NA,NA,NA,NA,19,19,NA,NA,NA,NA,NA,NA
"221",NA,"Ivory Coast",NA,NA,NA,NA,NA,NA,NA,NA,NA,NA,NA,NA,NA,NA,NA,NA,NA,NA,NA,NA,NA,NA,NA,NA,NA,NA,NA,NA,NA,NA,NA,NA,NA,NA,NA,NA,NA,NA,NA,NA,NA,NA,NA,NA,NA,NA,NA,NA,NA,NA,NA,NA,NA,NA,NA,NA,NA,NA,NA,NA,NA,NA,21,21,NA,NA,NA,NA,NA,NA
"222",NA,"Gambia",NA,NA,NA,NA,NA,NA,NA,NA,NA,NA,NA,NA,NA,NA,NA,NA,NA,NA,NA,NA,NA,NA,NA,NA,NA,NA,NA,NA,NA,NA,NA,NA,NA,NA,NA,NA,NA,NA,NA,NA,NA,NA,NA,NA,NA,NA,NA,NA,NA,NA,NA,NA,NA,NA,NA,NA,NA,NA,NA,NA,NA,NA,26,26,NA,NA,NA,NA,NA,NA
"223",NA,"USSR (19221991)",NA,NA,NA,NA,NA,NA,NA,NA,NA,NA,NA,NA,NA,NA,NA,NA,NA,NA,NA,NA,NA,NA,NA,NA,NA,NA,NA,NA,NA,NA,NA,NA,NA,NA,NA,NA,NA,NA,NA,NA,NA,NA,NA,NA,NA,NA,NA,NA,NA,NA,NA,NA,NA,NA,NA,NA,NA,NA,NA,NA,NA,NA,37,37,NA,NA,NA,NA,NA,NA
"224",NA,"Sudan (19552011)",NA,NA,NA,NA,NA,NA,NA,NA,NA,NA,NA,NA,NA,NA,NA,NA,NA,NA,NA,NA,NA,NA,NA,NA,NA,NA,NA,NA,NA,NA,NA,NA,NA,NA,NA,NA,NA,NA,NA,NA,NA,NA,NA,NA,NA,NA,NA,NA,NA,NA,NA,NA,NA,NA,NA,NA,NA,NA,NA,NA,NA,NA,38,38,NA,NA,NA,NA,NA,NA
"225",NA,"Kyrgyzstan",NA,NA,NA,NA,NA,NA,NA,NA,NA,NA,NA,NA,NA,NA,NA,NA,NA,NA,NA,NA,NA,NA,NA,NA,NA,NA,NA,NA,NA,NA,NA,NA,NA,NA,NA,NA,NA,NA,NA,NA,NA,NA,NA,NA,NA,NA,NA,NA,NA,NA,NA,NA,NA,NA,NA,NA,NA,NA,NA,NA,NA,NA,42,42,67,65,25,26,38.6666666666667,60
"226",NA,"Iran",NA,NA,NA,NA,NA,NA,NA,NA,NA,NA,NA,NA,NA,NA,NA,NA,NA,NA,NA,NA,NA,NA,NA,NA,NA,NA,NA,NA,NA,NA,NA,NA,NA,NA,NA,NA,NA,NA,NA,NA,NA,NA,NA,NA,NA,NA,NA,NA,NA,NA,NA,NA,NA,NA,NA,NA,NA,NA,NA,NA,NA,NA,44,44,58,43,34,67,48,85
"227",NA,"Syria",NA,NA,NA,NA,NA,NA,NA,NA,NA,NA,NA,NA,NA,NA,NA,NA,NA,NA,NA,NA,NA,NA,NA,NA,NA,NA,NA,NA,NA,NA,NA,NA,NA,NA,NA,NA,NA,NA,NA,NA,NA,NA,NA,NA,NA,NA,NA,NA,NA,NA,NA,NA,NA,NA,NA,NA,NA,NA,NA,NA,NA,NA,62,62,120,65,44,90,66.3333333333333,107
"228",NA,"Kingdom of Yugoslavia (19181943)",NA,NA,NA,NA,NA,NA,NA,NA,NA,NA,NA,NA,NA,NA,NA,NA,NA,NA,NA,NA,NA,NA,NA,NA,NA,NA,NA,NA,NA,NA,NA,NA,NA,NA,NA,NA,NA,NA,NA,NA,NA,NA,NA,NA,NA,NA,NA,NA,NA,NA,NA,NA,NA,NA,NA,NA,NA,NA,NA,NA,NA,NA,64,64,NA,NA,NA,NA,NA,NA
"229",NA,"Macedonia",NA,NA,NA,NA,NA,NA,NA,NA,NA,NA,NA,NA,NA,NA,NA,NA,NA,NA,NA,NA,NA,NA,NA,NA,NA,NA,NA,NA,NA,NA,NA,NA,NA,NA,NA,NA,NA,NA,NA,NA,NA,NA,NA,NA,NA,NA,NA,NA,NA,NA,NA,NA,NA,NA,NA,NA,NA,NA,NA,NA,NA,NA,72,72,74,37,33,72,47.3333333333333,82.5
"230",NA,"Burma",NA,NA,NA,NA,NA,NA,NA,NA,NA,NA,NA,NA,NA,NA,NA,NA,NA,NA,NA,NA,NA,NA,NA,NA,NA,NA,NA,NA,NA,NA,NA,NA,NA,NA,NA,NA,NA,NA,NA,NA,NA,NA,NA,NA,NA,NA,NA,NA,NA,NA,NA,NA,NA,NA,NA,NA,NA,NA,NA,NA,NA,NA,75,75,NA,NA,NA,NA,NA,NA
"231",NA,"Czechoslovakia (19181992)",NA,NA,NA,NA,NA,NA,NA,NA,NA,NA,NA,NA,NA,NA,NA,NA,NA,NA,NA,NA,NA,NA,NA,NA,NA,NA,NA,NA,NA,NA,NA,NA,NA,NA,NA,NA,NA,NA,NA,NA,NA,NA,NA,NA,NA,NA,NA,NA,NA,NA,NA,NA,NA,NA,NA,NA,NA,NA,NA,NA,NA,NA,81,81,NA,NA,NA,NA,NA,NA
"232",NA,"Venezuela",NA,NA,NA,NA,NA,NA,NA,NA,NA,NA,NA,NA,NA,NA,NA,NA,NA,NA,NA,NA,NA,NA,NA,NA,NA,NA,NA,NA,NA,NA,NA,NA,NA,NA,NA,NA,NA,NA,NA,NA,NA,NA,NA,NA,NA,NA,NA,NA,NA,NA,NA,NA,NA,NA,NA,NA,NA,NA,NA,NA,NA,NA,88,88,136,47,10,24,27,31
"233",NA,"Laos",NA,NA,NA,NA,NA,NA,NA,NA,NA,NA,NA,NA,NA,NA,NA,NA,NA,NA,NA,NA,NA,NA,NA,NA,NA,NA,NA,NA,NA,NA,NA,NA,NA,NA,NA,NA,NA,NA,NA,NA,NA,NA,NA,NA,NA,NA,NA,NA,NA,NA,NA,NA,NA,NA,NA,NA,NA,NA,NA,NA,NA,NA,89,89,NA,NA,NA,NA,NA,NA
"234",NA,"Russia",NA,NA,NA,NA,NA,NA,NA,NA,NA,NA,NA,NA,NA,NA,NA,NA,NA,NA,NA,NA,NA,NA,NA,NA,NA,NA,NA,NA,NA,NA,NA,NA,NA,NA,NA,NA,NA,NA,NA,NA,NA,NA,NA,NA,NA,NA,NA,NA,NA,NA,NA,NA,NA,NA,NA,NA,NA,NA,NA,NA,NA,NA,106,106,105,52,22,92,55.3333333333333,96
"235",NA,"Slovakia",NA,NA,NA,NA,NA,NA,NA,NA,NA,NA,NA,NA,NA,NA,NA,NA,NA,NA,NA,NA,NA,NA,NA,NA,NA,NA,NA,NA,NA,NA,NA,NA,NA,NA,NA,NA,NA,NA,NA,NA,NA,NA,NA,NA,NA,NA,NA,NA,NA,NA,NA,NA,NA,NA,NA,NA,NA,NA,NA,NA,NA,NA,107,107,110,30,20,46,32,43.5
"236",NA,"Taiwan",NA,NA,NA,NA,NA,NA,NA,NA,NA,NA,NA,NA,NA,NA,NA,NA,NA,NA,NA,NA,NA,NA,NA,NA,NA,NA,NA,NA,NA,NA,NA,NA,NA,NA,NA,NA,NA,NA,NA,NA,NA,NA,NA,NA,NA,NA,NA,NA,NA,NA,NA,NA,NA,NA,NA,NA,NA,NA,NA,NA,NA,NA,116,116,NA,NA,NA,NA,NA,NA
"237",NA,"Egypt",NA,NA,NA,NA,NA,NA,NA,NA,NA,NA,NA,NA,NA,NA,NA,NA,NA,NA,NA,NA,NA,NA,NA,NA,NA,NA,NA,NA,NA,NA,NA,NA,NA,NA,NA,NA,NA,NA,NA,NA,NA,NA,NA,NA,NA,NA,NA,NA,NA,NA,NA,NA,NA,NA,NA,NA,NA,NA,NA,NA,NA,NA,136,136,38,59,37,69,55,94.5
"238",NA,"Yemen",NA,NA,NA,NA,NA,NA,NA,NA,NA,NA,NA,NA,NA,NA,NA,NA,NA,NA,NA,NA,NA,NA,NA,NA,NA,NA,NA,NA,NA,NA,NA,NA,NA,NA,NA,NA,NA,NA,NA,NA,NA,NA,NA,NA,NA,NA,NA,NA,NA,NA,NA,NA,NA,NA,NA,NA,NA,NA,NA,NA,NA,NA,150,150,138,88,38,75,67,109
"239",NA,"South Korea",NA,NA,NA,NA,NA,NA,NA,NA,NA,NA,NA,NA,NA,NA,NA,NA,NA,NA,NA,NA,NA,NA,NA,NA,NA,NA,NA,NA,NA,NA,NA,NA,NA,NA,NA,NA,NA,NA,NA,NA,NA,NA,NA,NA,NA,NA,NA,NA,NA,NA,NA,NA,NA,NA,NA,NA,NA,NA,NA,NA,NA,NA,158,158,113,12,19,63,31.3333333333333,42
"240",NA,"North Korea",NA,NA,NA,NA,NA,NA,NA,NA,NA,NA,NA,NA,NA,NA,NA,NA,NA,NA,NA,NA,NA,NA,NA,NA,NA,NA,NA,NA,NA,NA,NA,NA,NA,NA,NA,NA,NA,NA,NA,NA,NA,NA,NA,NA,NA,NA,NA,NA,NA,NA,NA,NA,NA,NA,NA,NA,NA,NA,NA,NA,NA,NA,159,159,NA,NA,NA,NA,NA,NA
"241",NA,"Hong Kong",NA,NA,NA,NA,NA,NA,NA,NA,NA,NA,NA,NA,NA,NA,NA,NA,NA,NA,NA,NA,NA,NA,NA,NA,NA,NA,NA,NA,NA,NA,NA,NA,NA,NA,NA,NA,NA,NA,NA,NA,NA,NA,NA,NA,NA,NA,NA,NA,NA,NA,NA,NA,NA,NA,NA,NA,NA,NA,NA,NA,NA,NA,NA,NA,53,1,23,97,40.3333333333333,66.5
"242",NA,"Palestine",NA,NA,NA,NA,NA,NA,NA,NA,NA,NA,NA,NA,NA,NA,NA,NA,NA,NA,NA,NA,NA,NA,NA,NA,NA,NA,NA,NA,NA,NA,NA,NA,NA,NA,NA,NA,NA,NA,NA,NA,NA,NA,NA,NA,NA,NA,NA,NA,NA,NA,NA,NA,NA,NA,NA,NA,NA,NA,NA,NA,NA,NA,NA,NA,96,55,33,20,36,51
"243",NA,"Republic of Congo",NA,NA,NA,NA,NA,NA,NA,NA,NA,NA,NA,NA,NA,NA,NA,NA,NA,NA,NA,NA,NA,NA,NA,NA,NA,NA,NA,NA,NA,NA,NA,NA,NA,NA,NA,NA,NA,NA,NA,NA,NA,NA,NA,NA,NA,NA,NA,NA,NA,NA,NA,NA,NA,NA,NA,NA,NA,NA,NA,NA,NA,NA,NA,NA,103,95,40,91,75.3333333333333,125
"244",NA,"United States of America",NA,NA,NA,NA,NA,NA,NA,NA,NA,NA,NA,NA,NA,NA,NA,NA,NA,NA,NA,NA,NA,NA,NA,NA,NA,NA,NA,NA,NA,NA,NA,NA,NA,NA,NA,NA,NA,NA,NA,NA,NA,NA,NA,NA,NA,NA,NA,NA,NA,NA,NA,NA,NA,NA,NA,NA,NA,NA,NA,NA,NA,NA,NA,NA,132,25,10,85,40,64.5
