"","CountryName","CountryCode","Year","EN.POP.DNST","SI.POV.GINI","SM.POP.TOTL.ZS","SP.DYN.LE00.IN","SP.POP.TOTL"
"1","Afghanistan","AFG",2010,42.83033,NA,0.3250208,58.97083,27962207
"2","Afghanistan","AFG",2011,44.12763,NA,NA,59.32795,28809167
"3","Afghanistan","AFG",2012,45.5332,NA,NA,59.67961,29726803
"4","Afghanistan","AFG",2013,46.99706,NA,NA,60.02827,30682500
"5","Afghanistan","AFG",2014,48.44455,NA,NA,NA,31627506
"6","Albania","ALB",2010,106.3146,NA,3.058886,76.97851,2913021
"7","Albania","ALB",2011,106.0139,NA,NA,77.16322,2904780
"8","Albania","ALB",2012,105.8573,28.96,NA,77.35046,2900489
"9","Albania","ALB",2013,105.7433,NA,NA,77.53724,2897366
"10","Albania","ALB",2014,105.6378,NA,NA,NA,2894475
"11","Algeria","DZA",2010,15.13018,NA,0.6724468,73.80405,36036159
"12","Algeria","DZA",2011,15.4161,NA,NA,74.07,36717132
"13","Algeria","DZA",2012,15.71936,NA,NA,74.3241,37439427
"14","Algeria","DZA",2013,16.03287,NA,NA,74.56895,38186135
"15","Algeria","DZA",2014,16.34701,NA,NA,NA,38934334
"16","American Samoa","ASM",2010,278.18,NA,50.99216,NA,55636
"17","American Samoa","ASM",2011,276.58,NA,NA,NA,55316
"18","American Samoa","ASM",2012,276.135,NA,NA,NA,55227
"19","American Samoa","ASM",2013,276.51,NA,NA,NA,55302
"20","American Samoa","ASM",2014,277.17,NA,NA,NA,55434
"21","Andorra","ADO",2010,179.6149,NA,66.15454,NA,84419
"22","Andorra","ADO",2011,175.1617,NA,NA,NA,82326
"23","Andorra","ADO",2012,168.7574,NA,NA,NA,79316
"24","Andorra","ADO",2013,161.4936,NA,NA,NA,75902
"25","Andorra","ADO",2014,154.8638,NA,NA,NA,72786
"26","Angola","AGO",2010,17.0209,NA,0.3081392,50.65417,21219954
"27","Angola","AGO",2011,17.6003,NA,NA,51.05932,21942296
"28","Angola","AGO",2012,18.19654,NA,NA,51.464,22685632
"29","Angola","AGO",2013,18.80822,NA,NA,51.86617,23448202
"30","Angola","AGO",2014,19.43332,NA,NA,NA,24227524
"31","Antigua and Barbuda","ATG",2010,198.2568,NA,23.99092,75.30878,87233
"32","Antigua and Barbuda","ATG",2011,200.3455,NA,NA,75.46602,88152
"33","Antigua and Barbuda","ATG",2012,202.4295,NA,NA,75.6218,89069
"34","Antigua and Barbuda","ATG",2013,204.5114,NA,NA,75.77866,89985
"35","Antigua and Barbuda","ATG",2014,206.5909,NA,NA,NA,90900
"36","Argentina","ARG",2010,15.06304,44.5,3.515749,75.48498,41222875
"37","Argentina","ARG",2011,15.22117,43.57,NA,75.64905,41655616
"38","Argentina","ARG",2012,15.3818,42.49,NA,75.81624,42095224
"39","Argentina","ARG",2013,15.54371,42.28,NA,75.9861,42538304
"40","Argentina","ARG",2014,15.70511,NA,NA,NA,42980026
"41","Armenia","ARM",2010,104.0919,31.07,10.93924,74.22634,2963496
"42","Armenia","ARM",2011,104.2495,31.32,NA,74.34283,2967984
"43","Armenia","ARM",2012,104.6132,30.48,NA,74.4521,2978339
"44","Armenia","ARM",2013,105.0998,31.54,NA,74.56137,2992192
"45","Armenia","ARM",2014,105.5902,NA,NA,NA,3006154
"46","Aruba","ABW",2010,564.4278,NA,33.72934,74.95354,101597
"47","Aruba","ABW",2011,566.3111,NA,NA,75.08139,101936
"48","Aruba","ABW",2012,568.85,NA,NA,75.20576,102393
"49","Aruba","ABW",2013,571.7833,NA,NA,75.32866,102921
"50","Aruba","ABW",2014,574.6722,NA,NA,NA,103441
"51","Australia","AUS",2010,2.867859,34.94,21.385,81.69512,22031750
"52","Australia","AUS",2011,2.907986,NA,NA,81.89512,22340024
"53","Australia","AUS",2012,2.958522,NA,NA,82.04634,22728254
"54","Australia","AUS",2013,3.010279,NA,NA,82.19756,23125868
"55","Australia","AUS",2014,3.057774,NA,NA,NA,23490736
"56","Austria","AUT",2010,101.2997,30.25,15.66609,80.58049,8363404
"57","Austria","AUT",2011,101.6504,30.8,NA,80.98293,8391643
"58","Austria","AUT",2012,102.1322,30.48,NA,80.93659,8429991
"59","Austria","AUT",2013,102.7417,NA,NA,80.89024,8479375
"60","Austria","AUT",2014,103.4095,NA,NA,NA,8534492
"61","Azerbaijan","AZE",2010,109.5423,NA,2.915069,70.45029,9054332
"62","Azerbaijan","AZE",2011,110.9763,NA,NA,70.55129,9173082
"63","Azerbaijan","AZE",2012,112.4608,NA,NA,70.62495,9295784
"64","Azerbaijan","AZE",2013,113.9235,NA,NA,70.69315,9416801
"65","Azerbaijan","AZE",2014,115.3876,NA,NA,NA,9537823
"66","Bahamas, The","BHS",2010,36.04695,NA,9.258099,74.59239,360830
"67","Bahamas, The","BHS",2011,36.63447,NA,NA,74.75441,366711
"68","Bahamas, The","BHS",2012,37.2016,NA,NA,74.91446,372388
"69","Bahamas, The","BHS",2013,37.74635,NA,NA,75.07354,377841
"70","Bahamas, The","BHS",2014,38.26713,NA,NA,NA,383054
"71","Bahrain","BHR",2010,1655.274,NA,25.00581,76.12756,1261319
"72","Bahrain","BHR",2011,1702.756,NA,NA,76.26785,1306014
"73","Bahrain","BHR",2012,1731.918,NA,NA,76.40763,1333577
"74","Bahrain","BHR",2013,1752.503,NA,NA,76.54595,1349427
"75","Bahrain","BHR",2014,1768.74,NA,NA,NA,1361930
"76","Bangladesh","BGD",2010,1164.76,31.98,0.7158476,70.08029,151616777
"77","Bangladesh","BGD",2011,1178.502,NA,NA,70.47195,153405612
"78","Bangladesh","BGD",2012,1192.728,NA,NA,70.86027,155257387
"79","Bangladesh","BGD",2013,1207.324,NA,NA,71.24524,157157394
"80","Bangladesh","BGD",2014,1222.075,NA,NA,NA,159077513
"81","Barbados","BRB",2010,650.1535,NA,10.04414,74.84529,279566
"82","Barbados","BRB",2011,652.5628,NA,NA,75.00815,280602
"83","Barbados","BRB",2012,654.8372,NA,NA,75.17102,281580
"84","Barbados","BRB",2013,656.9837,NA,NA,75.33395,282503
"85","Barbados","BRB",2014,659.0233,NA,NA,NA,283380
"86","Belarus","BLR",2010,46.77181,27.72,11.48976,70.40488,9490000
"87","Belarus","BLR",2011,46.68572,26.46,NA,70.55366,9473000
"88","Belarus","BLR",2012,46.64137,26.01,NA,71.96585,9464000
"89","Belarus","BLR",2013,46.65122,NA,NA,72.47073,9466000
"90","Belarus","BLR",2014,46.67094,NA,NA,NA,9470000
"91","Belgium","BEL",2010,360.6431,28.53,8.926966,80.23415,10920272
"92","Belgium","BEL",2011,364.8528,28.43,NA,80.58537,11047744
"93","Belgium","BEL",2012,367.5114,27.59,NA,80.38537,11128246
"94","Belgium","BEL",2013,369.3136,NA,NA,80.38537,11182817
"95","Belgium","BEL",2014,370.7136,NA,NA,NA,11225207
"96","Belize","BLZ",2010,14.09947,NA,14.55401,69.78205,321609
"97","Belize","BLZ",2011,14.43196,NA,NA,69.84368,329193
"98","Belize","BLZ",2012,14.76138,NA,NA,69.90515,336707
"99","Belize","BLZ",2013,15.08957,NA,NA,69.98205,344193
"100","Belize","BLZ",2014,15.41894,NA,NA,NA,351706
"101","Benin","BEN",2010,84.33663,NA,2.439968,58.72971,9509798
"102","Benin","BEN",2011,86.72748,43.44,NA,58.9329,9779391
"103","Benin","BEN",2012,89.12551,NA,NA,59.12198,10049792
"104","Benin","BEN",2013,91.54161,NA,NA,59.31202,10322232
"105","Benin","BEN",2014,93.9915,NA,NA,NA,10598482
"106","Bermuda","BMU",2010,1302.48,NA,30.62158,79.28854,65124
"107","Bermuda","BMU",2011,1291.28,NA,NA,81.15268,64564
"108","Bermuda","BMU",2012,1295.96,NA,NA,81.6778,64798
"109","Bermuda","BMU",2013,1300.02,NA,NA,80.57244,65001
"110","Bermuda","BMU",2014,1303.62,NA,NA,NA,65181
"111","Bhutan","BTN",2010,18.89566,NA,5.587813,67.89241,720246
"112","Bhutan","BTN",2011,19.21048,NA,NA,68.3232,732246
"113","Bhutan","BTN",2012,19.51127,38.65,NA,68.7229,743711
"114","Bhutan","BTN",2013,19.79791,NA,NA,69.10293,754637
"115","Bhutan","BTN",2014,20.07,NA,NA,NA,765008
"116","Bolivia","BOL",2010,9.155585,NA,1.47019,66.40776,9918245
"117","Bolivia","BOL",2011,9.303275,46.26,NA,66.94256,10078238
"118","Bolivia","BOL",2012,9.451456,46.7,NA,67.44546,10238762
"119","Bolivia","BOL",2013,9.600232,48.06,NA,67.91344,10399931
"120","Bolivia","BOL",2014,9.749734,NA,NA,NA,10561887
"121","Bosnia and Herzegovina","BIH",2010,74.90738,NA,0.724332,75.80768,3835258
"122","Bosnia and Herzegovina","BIH",2011,74.8498,NA,NA,75.96293,3832310
"123","Bosnia and Herzegovina","BIH",2012,74.77381,NA,NA,76.12017,3828419
"124","Bosnia and Herzegovina","BIH",2013,74.67838,NA,NA,76.27693,3823533
"125","Bosnia and Herzegovina","BIH",2014,74.5616,NA,NA,NA,3817554
"126","Botswana","BWA",2010,3.613416,NA,5.607787,63.40229,2047831
"127","Botswana","BWA",2011,3.687304,NA,NA,63.95161,2089706
"128","Botswana","BWA",2012,3.763383,NA,NA,64.22273,2132822
"129","Botswana","BWA",2013,3.840471,NA,NA,64.3608,2176510
"130","Botswana","BWA",2014,3.917098,NA,NA,NA,2219937
"131","Brazil","BRA",2010,23.76297,NA,0.3464133,73.26415,198614208
"132","Brazil","BRA",2011,23.99069,53.1,NA,73.55234,200517584
"133","Brazil","BRA",2012,24.2161,52.67,NA,73.83959,202401584
"134","Brazil","BRA",2013,24.43838,52.87,NA,74.12244,204259377
"135","Brazil","BRA",2014,24.65595,NA,NA,NA,206077898
"136","Brunei Darussalam","BRN",2010,74.63036,NA,37.66139,77.59827,393302
"137","Brunei Darussalam","BRN",2011,75.79564,NA,NA,77.93232,399443
"138","Brunei Darussalam","BRN",2012,76.94725,NA,NA,78.25259,405512
"139","Brunei Darussalam","BRN",2013,78.0833,NA,NA,78.54666,411499
"140","Brunei Darussalam","BRN",2014,79.2019,NA,NA,NA,417394
"141","Bulgaria","BGR",2010,68.12453,35.65,1.450119,73.5122,7395599
"142","Bulgaria","BGR",2011,67.68909,34.28,NA,74.16341,7348328
"143","Bulgaria","BGR",2012,67.29816,36.01,NA,74.31463,7305888
"144","Bulgaria","BGR",2013,66.92258,NA,NA,74.46585,7265115
"145","Bulgaria","BGR",2014,66.54328,NA,NA,NA,7223938
"146","Burkina Faso","BFA",2010,57.13474,NA,6.672407,57.05139,15632066
"147","Burkina Faso","BFA",2011,58.87007,NA,NA,57.49205,16106851
"148","Burkina Faso","BFA",2012,60.63894,NA,NA,57.87932,16590813
"149","Burkina Faso","BFA",2013,62.44355,NA,NA,58.24063,17084554
"150","Burkina Faso","BFA",2014,64.288,NA,NA,NA,17589198
"151","Burundi","BDI",2010,368.4236,NA,0.6423132,54.8292,9461117
"152","Burundi","BDI",2011,381.2364,NA,NA,55.31202,9790151
"153","Burundi","BDI",2012,394.259,NA,NA,55.78929,10124572
"154","Burundi","BDI",2013,407.5529,NA,NA,56.25161,10465959
"155","Burundi","BDI",2014,421.2173,NA,NA,NA,10816860
"156","Cabo Verde","CPV",2010,121.6821,NA,2.457895,72.5979,490379
"157","Cabo Verde","CPV",2011,122.8682,NA,NA,72.70956,495159
"158","Cabo Verde","CPV",2012,124.2854,NA,NA,72.82822,500870
"159","Cabo Verde","CPV",2013,125.8705,NA,NA,72.97237,507258
"160","Cabo Verde","CPV",2014,127.5201,NA,NA,NA,513906
"161","Cambodia","KHM",2010,81.37087,33.44,2.338058,66.38566,14363586
"162","Cambodia","KHM",2011,82.67108,31.7,NA,66.87288,14593099
"163","Cambodia","KHM",2012,84.02592,30.76,NA,67.32888,14832255
"164","Cambodia","KHM",2013,85.42128,NA,NA,67.77205,15078564
"165","Cambodia","KHM",2014,86.83512,NA,NA,NA,15328136
"166","Cameroon","CMR",2010,43.55877,NA,0.9546559,53.69483,20590666
"167","Cameroon","CMR",2011,44.67658,NA,NA,54.13737,21119065
"168","Cameroon","CMR",2012,45.81982,NA,NA,54.58751,21659488
"169","Cameroon","CMR",2013,46.98688,NA,NA,55.0418,22211166
"170","Cameroon","CMR",2014,48.17544,NA,NA,NA,22773014
"171","Canada","CAN",2010,3.73951,33.68,21.18007,80.89349,34005274
"172","Canada","CAN",2011,3.776625,NA,NA,81.06832,34342780
"173","Canada","CAN",2012,3.821881,NA,NA,81.23805,34754312
"174","Canada","CAN",2013,3.866307,NA,NA,81.40112,35158304
"175","Canada","CAN",2014,3.908328,NA,NA,NA,35540419
"176","Caribbean small states","CSS",2010,16.93113,NA,4.180263,71.38492,6854569
"177","Caribbean small states","CSS",2011,17.03519,NA,NA,71.57206,6896697
"178","Caribbean small states","CSS",2012,17.13501,NA,NA,71.74355,6937108
"179","Caribbean small states","CSS",2013,17.23063,NA,NA,71.90196,6975819
"180","Caribbean small states","CSS",2014,17.32384,NA,NA,NA,7013555
"181","Cayman Islands","CYM",2010,231.2875,NA,64.28507,NA,55509
"182","Cayman Islands","CYM",2011,235.75,NA,NA,NA,56580
"183","Cayman Islands","CYM",2012,239.675,NA,NA,NA,57522
"184","Cayman Islands","CYM",2013,243.2042,NA,NA,NA,58369
"185","Cayman Islands","CYM",2014,246.55,NA,NA,NA,59172
"186","Central African Republic","CAF",2010,7.135017,NA,1.810855,47.62532,4444973
"187","Central African Republic","CAF",2011,7.272951,NA,NA,48.35044,4530903
"188","Central African Republic","CAF",2012,7.415166,NA,NA,49.10529,4619500
"189","Central African Republic","CAF",2013,7.561524,NA,NA,49.87988,4710678
"190","Central African Republic","CAF",2014,7.71183,NA,NA,NA,4804316
"191","Chad","TCD",2010,9.44757,NA,3.263606,49.86207,11896380
"192","Chad","TCD",2011,9.766925,43.32,NA,50.33195,12298512
"193","Chad","TCD",2012,10.09805,NA,NA,50.78139,12715465
"194","Chad","TCD",2013,10.43979,NA,NA,51.19149,13145788
"195","Chad","TCD",2014,10.79023,NA,NA,NA,13587053
"196","Channel Islands","CHI",2010,839.9105,NA,46.86589,80.01037,159583
"197","Channel Islands","CHI",2011,844.6789,NA,NA,80.16951,160489
"198","Channel Islands","CHI",2012,849.1368,NA,NA,80.31866,161336
"199","Channel Islands","CHI",2013,853.3579,NA,NA,80.46283,162138
"200","Channel Islands","CHI",2014,857.4579,NA,NA,NA,162917
"201","Chile","CHL",2010,22.88408,NA,1.883021,80.2758,17015048
"202","Chile","CHL",2011,23.13459,50.84,NA,80.58698,17201305
"203","Chile","CHL",2012,23.38627,NA,NA,80.89485,17388437
"204","Chile","CHL",2013,23.6383,50.45,NA,81.19793,17575833
"205","Chile","CHL",2014,23.88955,NA,NA,NA,17762647
"206","China","CHN",2010,142.4877,42.06,0.05126504,74.88502,1337705000
"207","China","CHN",2011,143.1721,NA,NA,75.042,1344130000
"208","China","CHN",2012,143.8714,NA,NA,75.19951,1350695000
"209","China","CHN",2013,144.5835,NA,NA,75.35302,1357380000
"210","China","CHN",2014,145.3174,NA,NA,NA,1364270000
"211","Colombia","COL",2010,41.3863,55.5,0.2402037,73.27785,45918101
"212","Colombia","COL",2011,41.82645,54.18,NA,73.4548,46406446
"213","Colombia","COL",2012,42.25418,53.54,NA,73.63078,46881018
"214","Colombia","COL",2013,42.67,53.49,NA,73.80973,47342363
"215","Colombia","COL",2014,43.07471,NA,NA,NA,47791393
"216","Comoros","COM",2010,375.4406,NA,1.935752,61.83051,698695
"217","Comoros","COM",2011,384.7243,NA,NA,62.21276,715972
"218","Comoros","COM",2012,394.2294,NA,NA,62.58298,733661
"219","Comoros","COM",2013,403.921,NA,NA,62.93217,751697
"220","Comoros","COM",2014,413.7512,NA,NA,NA,769991
"221","Congo, Dem. Rep.","ZAR",2010,29.08569,NA,0.6743717,56.89615,65938712
"222","Congo, Dem. Rep.","ZAR",2011,30.03347,NA,NA,57.39863,68087376
"223","Congo, Dem. Rep.","ZAR",2012,31.00556,42.1,NA,57.85407,70291160
"224","Congo, Dem. Rep.","ZAR",2013,32.0032,NA,NA,58.27193,72552861
"225","Congo, Dem. Rep.","ZAR",2014,33.0284,NA,NA,NA,74877030
"226","Congo, Rep.","COG",2010,11.90652,NA,3.521895,59.14312,4066078
"227","Congo, Rep.","COG",2011,12.23261,40.16,NA,60.08517,4177435
"228","Congo, Rep.","COG",2012,12.55106,NA,NA,60.9239,4286188
"229","Congo, Rep.","COG",2013,12.86774,NA,NA,61.66639,4394334
"230","Congo, Rep.","COG",2014,13.19169,NA,NA,NA,4504962
"231","Costa Rica","CRI",2010,89.01827,48.1,10.76285,78.73605,4545273
"232","Costa Rica","CRI",2011,90.09963,48.6,NA,78.89017,4600487
"233","Costa Rica","CRI",2012,91.15057,48.61,NA,79.05354,4654148
"234","Costa Rica","CRI",2013,92.17456,49.18,NA,79.22522,4706433
"235","Costa Rica","CRI",2014,93.17677,NA,NA,NA,4757606
"236","Cote d'Ivoire","CIV",2010,63.30725,NA,11.95484,50.15146,20131707
"237","Cote d'Ivoire","CIV",2011,64.79299,NA,NA,50.51722,20604172
"238","Cote d'Ivoire","CIV",2012,66.36051,NA,NA,50.86334,21102641
"239","Cote d'Ivoire","CIV",2013,67.99525,NA,NA,51.20846,21622490
"240","Cote d'Ivoire","CIV",2014,69.67644,NA,NA,NA,22157107
"241","Croatia","HRV",2010,78.94534,27.35,15.84386,76.47561,4417781
"242","Croatia","HRV",2011,76.49432,31.98,NA,76.77561,4280622
"243","Croatia","HRV",2012,76.26086,NA,NA,76.92439,4267558
"244","Croatia","HRV",2013,76.04877,NA,NA,77.12683,4255689
"245","Croatia","HRV",2014,75.73962,NA,NA,NA,4238389
"246","Cuba","CUB",2010,106.2395,NA,0.1349383,78.93563,11308133
"247","Cuba","CUB",2011,106.3845,NA,NA,79.03951,11323570
"248","Cuba","CUB",2012,106.5546,NA,NA,79.14161,11342631
"249","Cuba","CUB",2013,106.7413,NA,NA,79.25639,11362505
"250","Cuba","CUB",2014,106.8973,NA,NA,NA,11379111
"251","Curacao","CUW",2010,334.9167,NA,NA,NA,148703
"252","Curacao","CUW",2011,339.7095,NA,NA,77.47317,150831
"253","Curacao","CUW",2012,342.5405,NA,NA,NA,152088
"254","Curacao","CUW",2013,346.4437,NA,NA,NA,153821
"255","Curacao","CUW",2014,351.0631,NA,NA,NA,155872
"256","Cyprus","CYP",2010,119.4464,31.46,13.97618,79.38195,1103685
"257","Cyprus","CYP",2011,120.8489,32.63,NA,79.57151,1116644
"258","Cyprus","CYP",2012,122.2189,34.31,NA,79.76227,1129303
"259","Cyprus","CYP",2013,123.5554,NA,NA,79.94978,1141652
"260","Cyprus","CYP",2014,124.8548,NA,NA,NA,1153658
"261","Czech Republic","CZE",2010,135.6086,26.63,4.325217,77.42439,10474410
"262","Czech Republic","CZE",2011,135.8893,26.39,NA,77.87317,10496088
"263","Czech Republic","CZE",2012,136.0972,26.13,NA,78.07561,10510785
"264","Czech Republic","CZE",2013,136.1423,NA,NA,78.27805,10514272
"265","Czech Republic","CZE",2014,136.0943,NA,NA,NA,10510566
"266","Denmark","DNK",2010,130.7491,29.02,8.719208,79.1,5547683
"267","Denmark","DNK",2011,131.2885,29.54,NA,79.8,5570572
"268","Denmark","DNK",2012,131.7835,29.08,NA,80.05122,5591572
"269","Denmark","DNK",2013,132.334,NA,NA,80.30244,5614932
"270","Denmark","DNK",2014,132.9146,NA,NA,NA,5639565
"271","Djibouti","DJI",2010,35.84133,NA,13.73937,60.36068,830802
"272","Djibouti","DJI",2011,36.31588,NA,NA,60.85056,841802
"273","Djibouti","DJI",2012,36.80194,45.13,NA,61.29598,853069
"274","Djibouti","DJI",2013,37.29741,NA,NA,61.68646,864554
"275","Djibouti","DJI",2014,37.79871,NA,NA,NA,876174
"276","Dominica","DMA",2010,94.88933,NA,7.729706,NA,71167
"277","Dominica","DMA",2011,95.20267,NA,NA,NA,71402
"278","Dominica","DMA",2012,95.58,NA,NA,NA,71685
"279","Dominica","DMA",2013,96.00667,NA,NA,NA,72005
"280","Dominica","DMA",2014,96.45467,NA,NA,NA,72341
"281","Dominican Republic","DOM",2010,204.8424,47.2,4.388197,72.7498,9897983
"282","Dominican Republic","DOM",2011,207.5153,47.4,NA,72.94529,10027140
"283","Dominican Republic","DOM",2012,210.1622,45.68,NA,73.13532,10155036
"284","Dominican Republic","DOM",2013,212.7775,47.07,NA,73.3199,10281408
"285","Dominican Republic","DOM",2014,215.3548,NA,NA,NA,10405943
"286","Ecuador","ECU",2010,60.13324,49.25,2.635749,75.0298,14934692
"287","Ecuador","ECU",2011,61.11,46.21,NA,75.22644,15177280
"288","Ecuador","ECU",2012,62.08525,46.57,NA,75.433,15419493
"289","Ecuador","ECU",2013,63.05891,47.29,NA,75.64851,15661312
"290","Ecuador","ECU",2014,64.03171,NA,NA,NA,15902916
"291","Egypt, Arab Rep.","EGY",2010,82.41599,NA,0.2982826,70.34029,82040994
"292","Egypt, Arab Rep.","EGY",2011,84.17061,NA,NA,70.53332,83787634
"293","Egypt, Arab Rep.","EGY",2012,86.05244,NA,NA,70.72915,85660902
"294","Egypt, Arab Rep.","EGY",2013,88.01437,NA,NA,70.92578,87613909
"295","Egypt, Arab Rep.","EGY",2014,89.98912,NA,NA,NA,89579670
"296","El Salvador","SLV",2010,291.424,44.53,0.6678032,71.67061,6038306
"297","El Salvador","SLV",2011,292.2398,42.43,NA,71.95617,6055208
"298","El Salvador","SLV",2012,293.0614,41.8,NA,72.23185,6072233
"299","El Salvador","SLV",2013,293.9017,43.51,NA,72.49815,6089644
"300","El Salvador","SLV",2014,294.7735,NA,NA,NA,6107706
"301","Equatorial Guinea","GNQ",2010,25.97897,NA,1.021943,55.971,728710
"302","Equatorial Guinea","GNQ",2011,26.7707,NA,NA,56.44683,750918
"303","Equatorial Guinea","GNQ",2012,27.58392,NA,NA,56.89027,773729
"304","Equatorial Guinea","GNQ",2013,28.41647,NA,NA,57.29083,797082
"305","Equatorial Guinea","GNQ",2014,29.26506,NA,NA,NA,820885
"306","Eritrea","ERI",2010,46.43232,NA,0.3514964,61.46615,4689664
"307","Eritrea","ERI",2011,47.42147,NA,NA,62.06937,4789568
"308","Eritrea","ERI",2012,48.43795,NA,NA,62.64498,4892233
"309","Eritrea","ERI",2013,49.49331,NA,NA,63.17788,4998824
"310","Eritrea","ERI",2014,50.59846,NA,NA,NA,5110444
"311","Estonia","EST",2010,31.41012,32.16,13.7039,75.42927,1331475
"312","Estonia","EST",2011,31.31491,32.69,NA,76.22927,1327439
"313","Estonia","EST",2012,31.20302,33.15,NA,76.32683,1322696
"314","Estonia","EST",2013,31.09217,NA,NA,76.42439,1317997
"315","Estonia","EST",2014,30.9895,NA,NA,NA,1313645
"316","Ethiopia","ETH",2010,87.56181,33.17,0.6258253,61.29612,87561814
"317","Ethiopia","ETH",2011,89.8587,NA,NA,62.08302,89858696
"318","Ethiopia","ETH",2012,92.19121,NA,NA,62.79354,92191211
"319","Ethiopia","ETH",2013,94.55837,NA,NA,63.4422,94558374
"320","Ethiopia","ETH",2014,96.95873,NA,NA,NA,96958732
"321","Faeroe Islands","FRO",2010,34.79011,NA,6.716495,80.6439,48567
"322","Faeroe Islands","FRO",2011,34.73639,NA,NA,80.84634,48492
"323","Faeroe Islands","FRO",2012,34.66547,NA,NA,81.09756,48393
"324","Faeroe Islands","FRO",2013,34.59312,NA,NA,81.3,48292
"325","Faeroe Islands","FRO",2014,34.54226,NA,NA,NA,48221
"326","Fiji","FJI",2010,47.06907,NA,2.15512,69.38437,859952
"327","Fiji","FJI",2011,47.47274,NA,NA,69.565,867327
"328","Fiji","FJI",2012,47.84663,NA,NA,69.74322,874158
"329","Fiji","FJI",2013,48.19305,NA,NA,69.91793,880487
"330","Fiji","FJI",2014,48.51943,NA,NA,NA,886450
"331","Finland","FIN",2010,17.64841,27.74,4.207182,79.87073,5363352
"332","Finland","FIN",2011,17.73099,27.66,NA,80.47073,5388272
"333","Finland","FIN",2012,17.81556,27.12,NA,80.62683,5413971
"334","Finland","FIN",2013,17.89783,NA,NA,80.83171,5438972
"335","Finland","FIN",2014,17.97886,NA,NA,NA,5463596
"336","France","FRA",2010,118.7593,33.78,10.28002,81.66341,65027512
"337","France","FRA",2011,119.3351,33.35,NA,82.11463,65342776
"338","France","FRA",2012,119.877,33.1,NA,81.96829,65639975
"339","France","FRA",2013,120.3993,NA,NA,81.96829,65925498
"340","France","FRA",2014,120.9133,NA,NA,NA,66206930
"341","French Polynesia","PYF",2010,73.2418,NA,12.98305,75.69539,268065
"342","French Polynesia","PYF",2011,74.00601,NA,NA,75.91702,270862
"343","French Polynesia","PYF",2012,74.80191,NA,NA,76.12702,273775
"344","French Polynesia","PYF",2013,75.61913,NA,NA,76.33407,276766
"345","French Polynesia","PYF",2014,76.4429,NA,NA,NA,279781
"346","Gabon","GAB",2010,5.98415,NA,18.42664,62.12083,1541936
"347","Gabon","GAB",2011,6.121388,NA,NA,62.7051,1577298
"348","Gabon","GAB",2012,6.261843,NA,NA,63.28073,1613489
"349","Gabon","GAB",2013,6.404902,NA,NA,63.84359,1650351
"350","Gabon","GAB",2014,6.549746,NA,NA,NA,1687673
"351","Gambia, The","GMB",2010,167.2927,NA,17.13548,59.34061,1693002
"352","Gambia, The","GMB",2011,172.8359,NA,NA,59.56059,1749099
"353","Gambia, The","GMB",2012,178.568,NA,NA,59.77815,1807108
"354","Gambia, The","GMB",2013,184.4741,NA,NA,59.99927,1866878
"355","Gambia, The","GMB",2014,190.5337,NA,NA,NA,1928201
"356","Georgia","GEO",2010,77.90336,42.13,3.75649,73.67473,4452800
"357","Georgia","GEO",2011,78.43784,41.58,NA,73.80978,4483350
"358","Georgia","GEO",2012,78.56643,41.35,NA,73.94488,4490700
"359","Georgia","GEO",2013,78.5052,40.03,NA,74.07951,4487200
"360","Georgia","GEO",2014,78.80087,NA,NA,NA,4504100
"361","Germany","DEU",2010,234.6069,31.14,13.15537,79.9878,81776930
"362","Germany","DEU",2011,234.6731,30.13,NA,80.74146,81797673
"363","Germany","DEU",2012,230.7506,NA,NA,80.89268,80425823
"364","Germany","DEU",2013,231.3812,NA,NA,81.0439,80645605
"365","Germany","DEU",2014,232.081,NA,NA,NA,80889505
"366","Ghana","GHA",2010,106.8723,NA,7.615076,60.60998,24317734
"367","Ghana","GHA",2011,109.5566,NA,NA,60.808,24928503
"368","Ghana","GHA",2012,112.2641,NA,NA,60.97702,25544565
"369","Ghana","GHA",2013,114.9883,NA,NA,61.14207,26164432
"370","Ghana","GHA",2014,117.7226,NA,NA,NA,26786598
"371","Greece","GRC",2010,86.52796,34.48,10.15644,80.3878,11153454
"372","Greece","GRC",2011,86.29335,35.69,NA,80.73171,11123213
"373","Greece","GRC",2012,86.05718,36.68,NA,80.63415,11092771
"374","Greece","GRC",2013,85.55119,NA,NA,80.63415,11027549
"375","Greece","GRC",2014,85.00962,NA,NA,NA,10957740
"376","Greenland","GRL",2010,0.1386405,NA,10.23284,70.83683,56905
"377","Greenland","GRL",2011,0.138604,NA,NA,71.00171,56890
"378","Greenland","GRL",2012,0.1384091,NA,NA,NA,56810
"379","Greenland","GRL",2013,0.1376124,NA,NA,NA,56483
"380","Greenland","GRL",2014,0.1371543,NA,NA,NA,56295
"381","Grenada","GRD",2010,307.8735,NA,12.03416,72.56751,104677
"382","Grenada","GRD",2011,309.0294,NA,NA,72.79341,105070
"383","Grenada","GRD",2012,310.2235,NA,NA,73.00227,105476
"384","Grenada","GRD",2013,311.4765,NA,NA,73.19356,105902
"385","Grenada","GRD",2014,312.7912,NA,NA,NA,106349
"386","Guam","GUM",2010,295.2593,NA,49.47755,78.10088,159440
"387","Guam","GUM",2011,297.8852,NA,NA,78.35959,160858
"388","Guam","GUM",2012,301.4944,NA,NA,78.61751,162807
"389","Guam","GUM",2013,305.7796,NA,NA,78.87251,165121
"390","Guam","GUM",2014,310.2648,NA,NA,NA,167543
"391","Guatemala","GTM",2010,137.4791,NA,0.4035837,70.77546,14732261
"392","Guatemala","GTM",2011,140.4375,52.35,NA,71.01041,15049280
"393","Guatemala","GTM",2012,143.4188,NA,NA,71.24939,15368759
"394","Guatemala","GTM",2013,146.424,NA,NA,71.48639,15690793
"395","Guatemala","GTM",2014,149.454,NA,NA,NA,16015494
"396","Guinea","GIN",2010,44.81689,NA,3.582841,56.30505,11012406
"397","Guinea","GIN",2011,46.05385,NA,NA,57.00054,11316351
"398","Guinea","GIN",2012,47.32528,33.73,NA,57.63763,11628767
"399","Guinea","GIN",2013,48.62741,NA,NA,58.21649,11948726
"400","Guinea","GIN",2014,49.95738,NA,NA,NA,12275527
"401","Guinea-Bissau","GNB",2010,58.11508,50.66,1.177582,53.81437,1634196
"402","Guinea-Bissau","GNB",2011,59.51312,NA,NA,54.15941,1673509
"403","Guinea-Bissau","GNB",2012,60.97511,NA,NA,54.50351,1714620
"404","Guinea-Bissau","GNB",2013,62.48713,NA,NA,54.83841,1757138
"405","Guinea-Bissau","GNB",2014,64.02962,NA,NA,NA,1800513
"406","Guyana","GUY",2010,3.827087,NA,1.539632,66.04271,753362
"407","Guyana","GUY",2011,3.839893,NA,NA,66.12915,755883
"408","Guyana","GUY",2012,3.852731,NA,NA,66.21727,758410
"409","Guyana","GUY",2013,3.866055,NA,NA,66.31002,761033
"410","Guyana","GUY",2014,3.880584,NA,NA,NA,763893
"411","Haiti","HTI",2010,362.8308,NA,0.3496734,61.24012,9999617
"412","Haiti","HTI",2011,368.102,NA,NA,61.6452,10144890
"413","Haiti","HTI",2012,373.3247,60.79,NA,62.03339,10288828
"414","Haiti","HTI",2013,378.4923,NA,NA,62.40115,10431249
"415","Haiti","HTI",2014,383.6005,NA,NA,NA,10572029
"416","Honduras","HND",2010,67.06475,53.39,0.3244191,72.39398,7503875
"417","Honduras","HND",2011,68.11524,57.4,NA,72.57273,7621414
"418","Honduras","HND",2012,69.1405,57.4,NA,72.75502,7736131
"419","Honduras","HND",2013,70.14978,53.67,NA,72.94285,7849059
"420","Honduras","HND",2014,71.15631,NA,NA,NA,7961680
"421","Hong Kong SAR, China","HKG",2010,6689.714,NA,39.03363,82.97805,7024200
"422","Hong Kong SAR, China","HKG",2011,6734.857,NA,NA,83.42195,7071600
"423","Hong Kong SAR, China","HKG",2012,6813.905,NA,NA,83.48049,7154600
"424","Hong Kong SAR, China","HKG",2013,6845.238,NA,NA,83.83171,7187500
"425","Hong Kong SAR, China","HKG",2014,6896.857,NA,NA,NA,7241700
"426","Hungary","HUN",2010,110.4609,29.37,3.680752,74.20732,10000023
"427","Hungary","HUN",2011,110.1483,28.94,NA,74.85854,9971727
"428","Hungary","HUN",2012,109.5809,30.55,NA,75.06341,9920362
"429","Hungary","HUN",2013,109.2796,NA,NA,75.26829,9893082
"430","Hungary","HUN",2014,108.9327,NA,NA,NA,9861673
"431","Iceland","ISL",2010,3.172479,26.43,11.70384,81.89756,318041
"432","Iceland","ISL",2011,3.182185,27.03,NA,82.35854,319014
"433","Iceland","ISL",2012,3.199162,26.94,NA,82.91707,320716
"434","Iceland","ISL",2013,3.229566,NA,NA,83.11707,323764
"435","Iceland","ISL",2014,3.267721,NA,NA,NA,327589
"436","India","IND",2010,414.0282,NA,0.4415987,66.50615,1230984504
"437","India","IND",2011,419.5648,NA,NA,66.90417,1247446011
"438","India","IND",2012,424.9946,NA,NA,67.28988,1263589639
"439","India","IND",2013,430.3455,NA,NA,67.66041,1279498874
"440","India","IND",2014,435.6572,NA,NA,NA,1295291543
"441","Indonesia","IDN",2010,133.3722,35.57,0.05086975,68.1472,241613126
"442","Indonesia","IDN",2011,135.136,NA,NA,68.33439,244808254
"443","Indonesia","IDN",2012,136.9187,NA,NA,68.51956,248037853
"444","Indonesia","IDN",2013,138.7019,NA,NA,68.70461,251268276
"445","Indonesia","IDN",2014,140.4609,NA,NA,NA,254454778
"446","Iran, Islamic Rep.","IRN",2010,45.59478,NA,2.866786,73.98317,74253373
"447","Iran, Islamic Rep.","IRN",2011,46.16642,NA,NA,74.41259,75184322
"448","Iran, Islamic Rep.","IRN",2012,46.76367,NA,NA,74.79934,76156975
"449","Iran, Islamic Rep.","IRN",2013,47.37493,37.35,NA,75.12598,77152445
"450","Iran, Islamic Rep.","IRN",2014,47.98357,NA,NA,NA,78143644
"451","Iraq","IRQ",2010,71.07238,NA,0.2701166,68.82976,30868156
"452","Iraq","IRQ",2011,73.24137,NA,NA,69.01578,31810191
"453","Iraq","IRQ",2012,75.47655,29.54,NA,69.24193,32780975
"454","Iraq","IRQ",2013,77.77994,NA,NA,69.47168,33781385
"455","Iraq","IRQ",2014,80.15363,NA,NA,NA,34812326
"456","Ireland","IRL",2010,66.19473,32.3,19.70613,80.7439,4560155
"457","Ireland","IRL",2011,66.43626,32.33,NA,80.74634,4576794
"458","Ireland","IRL",2012,66.58291,32.52,NA,80.89512,4586897
"459","Ireland","IRL",2013,66.74835,NA,NA,81.0439,4598294
"460","Ireland","IRL",2014,66.95774,NA,NA,NA,4612719
"461","Isle of Man","IMY",2010,147.9421,NA,52.11498,NA,84327
"462","Isle of Man","IMY",2011,149.2439,NA,NA,NA,85069
"463","Isle of Man","IMY",2012,150.4895,NA,NA,NA,85779
"464","Isle of Man","IMY",2013,151.6877,NA,NA,NA,86462
"465","Isle of Man","IMY",2014,152.8544,NA,NA,NA,87127
"466","Israel","ISR",2010,352.2921,42.78,38.57094,81.60244,7623600
"467","Israel","ISR",2011,358.8632,NA,NA,81.6561,7765800
"468","Israel","ISR",2012,365.5499,NA,NA,81.70488,7910500
"469","Israel","ISR",2013,372.4353,NA,NA,82.0561,8059500
"470","Israel","ISR",2014,379.6349,NA,NA,NA,8215300
"471","Italy","ITA",2010,201.5279,34.41,7.529702,82.03659,59277417
"472","Italy","ITA",2011,201.8748,34.52,NA,82.1878,59379449
"473","Italy","ITA",2012,202.4197,35.16,NA,82.23902,59539717
"474","Italy","ITA",2013,204.7799,NA,NA,82.29024,60233948
"475","Italy","ITA",2014,208.5279,NA,NA,NA,61336387
"476","Jamaica","JAM",2010,248.4602,NA,1.113488,72.84712,2690824
"477","Jamaica","JAM",2011,249.2925,NA,NA,73.07639,2699838
"478","Jamaica","JAM",2012,250.0282,NA,NA,73.28249,2707805
"479","Jamaica","JAM",2013,250.668,NA,NA,73.46893,2714734
"480","Jamaica","JAM",2014,251.2698,NA,NA,NA,2721252
"481","Japan","JPN",2010,351.3098,NA,1.699242,82.84268,128070000
"482","Japan","JPN",2011,350.6118,NA,NA,82.59122,127817277
"483","Japan","JPN",2012,349.9053,NA,NA,83.0961,127561489
"484","Japan","JPN",2013,349.294,NA,NA,83.33195,127338621
"485","Japan","JPN",2014,348.7267,NA,NA,NA,127131800
"486","Jordan","JOR",2010,68.10092,33.66,49.17273,73.43588,6046000
"487","Jordan","JOR",2011,69.62154,NA,NA,73.59188,6181000
"488","Jordan","JOR",2012,71.16468,NA,NA,73.74739,6318000
"489","Jordan","JOR",2013,72.76414,NA,NA,73.90141,6460000
"490","Jordan","JOR",2014,74.41991,NA,NA,NA,6607000
"491","Kazakhstan","KAZ",2010,6.045702,28.56,18.8676,68.29537,16321581
"492","Kazakhstan","KAZ",2011,6.132755,27.42,NA,68.98,16556600
"493","Kazakhstan","KAZ",2012,6.219737,27.43,NA,69.61,16791425
"494","Kazakhstan","KAZ",2013,6.310062,26.35,NA,70.45,17035275
"495","Kazakhstan","KAZ",2014,6.404086,NA,NA,NA,17289111
"496","Kenya","KEN",2010,70.85834,NA,2.027724,58.71861,40328313
"497","Kenya","KEN",2011,72.77639,NA,NA,59.53422,41419954
"498","Kenya","KEN",2012,74.74958,NA,NA,60.27278,42542978
"499","Kenya","KEN",2013,76.77001,NA,NA,60.95378,43692881
"500","Kenya","KEN",2014,78.82697,NA,NA,NA,44863583
"501","Kiribati","KIR",2010,126.7259,NA,1.926974,65.30278,102648
"502","Kiribati","KIR",2011,129.2123,NA,NA,65.44063,104662
"503","Kiribati","KIR",2012,131.6296,NA,NA,65.59607,106620
"504","Kiribati","KIR",2013,134.0049,NA,NA,65.76659,108544
"505","Kiribati","KIR",2014,136.3827,NA,NA,NA,110470
"506","Korea, Dem. Rep.","PRK",2010,203.4757,NA,0.1515112,68.90002,24500506
"507","Korea, Dem. Rep.","PRK",2011,204.5624,NA,NA,69.1879,24631359
"508","Korea, Dem. Rep.","PRK",2012,205.6586,NA,NA,69.4942,24763353
"509","Korea, Dem. Rep.","PRK",2013,206.7578,NA,NA,69.79195,24895705
"510","Korea, Dem. Rep.","PRK",2014,207.8463,NA,NA,NA,25026772
"511","Korea, Rep.","KOR",2010,508.1803,NA,1.082398,80.55122,49410366
"512","Korea, Rep.","KOR",2011,511.9761,NA,NA,80.96707,49779440
"513","Korea, Rep.","KOR",2012,513.6563,NA,NA,81.21341,50004441
"514","Korea, Rep.","KOR",2013,515.2532,NA,NA,81.45976,50219669
"515","Korea, Rep.","KOR",2014,517.3492,NA,NA,NA,50423955
"516","Kosovo","KSV",2010,163.1009,33.25,NA,69.9,1775680
"517","Kosovo","KSV",2011,164.5042,27.83,NA,70.14878,1790957
"518","Kosovo","KSV",2012,165.8124,29.4,NA,70.49756,1805200
"519","Kosovo","KSV",2013,166.9989,26.71,NA,70.79756,1818117
"520","Kosovo","KSV",2014,167.4611,NA,NA,NA,1823149
"521","Kuwait","KWT",2010,171.6876,NA,68.55844,74.16193,3059473
"522","Kuwait","KWT",2011,181.7722,NA,NA,74.25824,3239181
"523","Kuwait","KWT",2012,191.8957,NA,NA,74.359,3419581
"524","Kuwait","KWT",2013,201.666,NA,NA,74.46276,3593689
"525","Kuwait","KWT",2014,210.6129,NA,NA,NA,3753121
"526","Kyrgyz Republic","KGZ",2010,28.40407,29.89,4.088383,69.3,5447900
"527","Kyrgyz Republic","KGZ",2011,28.75182,27.77,NA,69.60244,5514600
"528","Kyrgyz Republic","KGZ",2012,29.23462,27.37,NA,70.00244,5607200
"529","Kyrgyz Republic","KGZ",2013,29.82065,NA,NA,70.20244,5719600
"530","Kyrgyz Republic","KGZ",2014,30.41814,NA,NA,NA,5834200
"531","Lao PDR","LAO",2010,27.12541,NA,0.3021463,64.33363,6260544
"532","Lao PDR","LAO",2011,27.58626,NA,NA,64.79812,6366909
"533","Lao PDR","LAO",2012,28.04614,37.89,NA,65.24851,6473050
"534","Lao PDR","LAO",2013,28.50947,NA,NA,65.68724,6579985
"535","Lao PDR","LAO",2014,28.9831,NA,NA,NA,6689300
"536","Latvia","LVA",2010,33.70108,35.27,15.97202,73.48293,2097555
"537","Latvia","LVA",2011,33.11429,36.03,NA,73.57561,2059709
"538","Latvia","LVA",2012,32.71661,35.48,NA,73.77805,2034319
"539","Latvia","LVA",2013,32.36287,NA,NA,73.98049,2012647
"540","Latvia","LVA",2014,32.00436,NA,NA,NA,1990351
"541","Lebanon","LBN",2010,423.9644,NA,17.48074,79.25278,4337156
"542","Lebanon","LBN",2011,428.9968,NA,NA,79.55893,4388637
"543","Lebanon","LBN",2012,434.0888,NA,NA,79.84637,4440728
"544","Lebanon","LBN",2013,439.2413,NA,NA,80.12888,4493438
"545","Lebanon","LBN",2014,444.4549,NA,NA,NA,4546774
"546","Lesotho","LSO",2010,66.22484,54.18,0.3147341,47.48341,2010586
"547","Lesotho","LSO",2011,66.96146,NA,NA,48.21976,2032950
"548","Lesotho","LSO",2012,67.76453,NA,NA,48.836,2057331
"549","Lesotho","LSO",2013,68.61202,NA,NA,49.33146,2083061
"550","Lesotho","LSO",2014,69.47289,NA,NA,NA,2109197
"551","Liberia","LBR",2010,41.09209,NA,2.433306,59.44129,3957990
"552","Liberia","LBR",2011,42.35438,NA,NA,59.86434,4079574
"553","Liberia","LBR",2012,43.50244,NA,NA,60.20437,4190155
"554","Liberia","LBR",2013,44.57737,NA,NA,60.52039,4293692
"555","Liberia","LBR",2014,45.64529,NA,NA,NA,4396554
"556","Libya","LBY",2010,3.560986,NA,10.89236,71.73739,6265697
"557","Libya","LBY",2011,3.574032,NA,NA,71.68327,6288652
"558","Libya","LBY",2012,3.571049,NA,NA,71.64956,6283403
"559","Libya","LBY",2013,3.561151,NA,NA,71.65768,6265987
"560","Libya","LBY",2014,3.557171,NA,NA,NA,6258984
"561","Liechtenstein","LIE",2010,226.725,NA,34.5628,81.84146,36276
"562","Liechtenstein","LIE",2011,228.3562,NA,NA,81.79268,36537
"563","Liechtenstein","LIE",2012,229.9437,NA,NA,82.38293,36791
"564","Liechtenstein","LIE",2013,231.5,NA,NA,82.38293,37040
"565","Liechtenstein","LIE",2014,233.0375,NA,NA,NA,37286
"566","Lithuania","LTU",2010,49.41814,33.76,4.160261,73.26829,3097282
"567","Lithuania","LTU",2011,48.31533,32.63,NA,73.56341,3028115
"568","Lithuania","LTU",2012,47.67165,35.15,NA,73.86341,2987773
"569","Lithuania","LTU",2013,47.19089,NA,NA,74.16341,2957689
"570","Lithuania","LTU",2014,46.7383,NA,NA,NA,2929323
"571","Luxembourg","LUX",2010,195.7347,30.9,34.17122,80.63171,506953
"572","Luxembourg","LUX",2011,200.134,32.42,NA,80.9878,518347
"573","Luxembourg","LUX",2012,204.9985,34.79,NA,81.39268,530946
"574","Luxembourg","LUX",2013,209.7915,NA,NA,81.79756,543360
"575","Luxembourg","LUX",2014,214.7004,NA,NA,NA,556074
"576","Macao SAR, China","MAC",2010,18000.88,NA,56.05638,79.69039,534626
"577","Macao SAR, China","MAC",2011,18283.68,NA,NA,79.90624,546682
"578","Macao SAR, China","MAC",2012,18654.28,NA,NA,80.12317,557763
"579","Macao SAR, China","MAC",2013,18747.72,NA,NA,80.33915,568056
"580","Macao SAR, China","MAC",2014,19073.07,NA,NA,NA,577914
"581","Macedonia, FYR","MKD",2010,81.77807,NA,6.288707,74.72263,2062443
"582","Macedonia, FYR","MKD",2011,81.91467,NA,NA,74.87451,2065888
"583","Macedonia, FYR","MKD",2012,82.04877,NA,NA,75.03127,2069270
"584","Macedonia, FYR","MKD",2013,82.17855,NA,NA,75.18705,2072543
"585","Macedonia, FYR","MKD",2014,82.30075,NA,NA,NA,2075625
"586","Madagascar","MDG",2010,36.24778,40.63,0.1791406,63.36173,21079532
"587","Madagascar","MDG",2011,37.26204,NA,NA,63.80741,21678867
"588","Madagascar","MDG",2012,38.31886,NA,NA,64.24666,22293720
"589","Madagascar","MDG",2013,39.40281,NA,NA,64.6739,22924557
"590","Madagascar","MDG",2014,40.51515,NA,NA,NA,23571713
"591","Malawi","MWI",2010,156.6591,46.12,1.867666,56.83624,14769824
"592","Malawi","MWI",2011,161.5063,NA,NA,58.50012,15226813
"593","Malawi","MWI",2012,166.5299,NA,NA,60.05029,15700436
"594","Malawi","MWI",2013,171.7239,NA,NA,61.466,16190126
"595","Malawi","MWI",2014,177.0816,NA,NA,NA,16695253
"596","Malaysia","MYS",2010,85.58667,NA,8.384228,74.15778,28119500
"597","Malaysia","MYS",2011,86.96688,NA,NA,74.28676,28572970
"598","Malaysia","MYS",2012,88.3334,NA,NA,74.42332,29021940
"599","Malaysia","MYS",2013,89.68307,NA,NA,74.56751,29465372
"600","Malaysia","MYS",2014,91.01201,NA,NA,NA,29901997
"601","Maldives","MDV",2010,1223.333,NA,0.9862437,76.20049,367000
"602","Maldives","MDV",2011,1256.667,NA,NA,76.33751,377000
"603","Maldives","MDV",2012,1283.333,NA,NA,76.46234,385000
"604","Maldives","MDV",2013,1310,NA,NA,76.60261,393000
"605","Maldives","MDV",2014,1336.667,NA,NA,NA,401000
"606","Mali","MLI",2010,12.43027,NA,1.072552,56.1798,15167286
"607","Mali","MLI",2011,12.81695,NA,NA,56.65468,15639115
"608","Mali","MLI",2012,13.20477,NA,NA,57.095,16112333
"609","Mali","MLI",2013,13.59796,NA,NA,57.5352,16592097
"610","Mali","MLI",2014,14.00276,NA,NA,NA,17086022
"611","Malta","MLT",2010,1295.338,NA,3.728758,81.39756,414508
"612","Malta","MLT",2011,1300.838,NA,NA,80.74634,416268
"613","Malta","MLT",2012,1310.797,NA,NA,80.74634,419455
"614","Malta","MLT",2013,1323.044,NA,NA,80.74634,423374
"615","Malta","MLT",2014,1335.638,NA,NA,NA,427404
"616","Marshall Islands","MHL",2010,291.2667,NA,3.259709,NA,52428
"617","Marshall Islands","MHL",2011,291.8944,NA,NA,NA,52541
"618","Marshall Islands","MHL",2012,292.5722,NA,NA,NA,52663
"619","Marshall Islands","MHL",2013,293.2556,NA,NA,NA,52786
"620","Marshall Islands","MHL",2014,293.8778,NA,NA,NA,52898
"621","Mauritania","MRT",2010,3.484428,NA,2.762962,62.00617,3591400
"622","Mauritania","MRT",2011,3.573514,NA,NA,62.29249,3683221
"623","Mauritania","MRT",2012,3.664565,NA,NA,62.56017,3777067
"624","Mauritania","MRT",2013,3.757334,NA,NA,62.80271,3872684
"625","Mauritania","MRT",2014,3.851387,NA,NA,NA,3969625
"626","Mauritius","MUS",2010,615.9606,NA,3.432262,72.96732,1250400
"627","Mauritius","MUS",2011,616.9478,NA,NA,73.26683,1252404
"628","Mauritius","MUS",2012,618.6611,35.84,NA,73.86341,1255882
"629","Mauritius","MUS",2013,620.0261,NA,NA,74.46,1258653
"630","Mauritius","MUS",2014,621.1498,NA,NA,NA,1260934
"631","Mexico","MEX",2010,61.01882,48.13,0.6117847,76.02678,118617542
"632","Mexico","MEX",2011,61.91788,NA,NA,76.18566,120365271
"633","Mexico","MEX",2012,62.79532,48.07,NA,76.3541,122070963
"634","Mexico","MEX",2013,63.65396,NA,NA,76.53266,123740109
"635","Mexico","MEX",2014,64.50054,NA,NA,NA,125385833
"636","Micronesia, Fed. Sts.","FSM",2010,148.0271,NA,2.574817,68.61227,103619
"637","Micronesia, Fed. Sts.","FSM",2011,147.8229,NA,NA,68.731,103476
"638","Micronesia, Fed. Sts.","FSM",2012,147.88,NA,NA,68.85071,103516
"639","Micronesia, Fed. Sts.","FSM",2013,148.1686,NA,NA,68.97339,103718
"640","Micronesia, Fed. Sts.","FSM",2014,148.6343,NA,NA,NA,104044
"641","Moldova","MDA",2010,124.1693,32.05,11.46305,68.45812,3562045
"642","Moldova","MDA",2011,124.0975,30.63,NA,68.57529,3559986
"643","Moldova","MDA",2012,124.038,29.16,NA,68.69341,3559519
"644","Moldova","MDA",2013,123.9184,28.53,NA,68.81151,3558566
"645","Moldova","MDA",2014,123.843,NA,NA,NA,3556400
"646","Monaco","MCO",2010,18422.5,NA,63.97612,NA,36845
"647","Monaco","MCO",2011,18594.5,NA,NA,NA,37189
"648","Monaco","MCO",2012,18702,NA,NA,NA,37404
"649","Monaco","MCO",2013,18764,NA,NA,NA,37528
"650","Monaco","MCO",2014,18811.5,NA,NA,NA,37623
"651","Mongolia","MNG",2010,1.746091,33.08,0.3694533,67.60383,2712657
"652","Mongolia","MNG",2011,1.775969,33.88,NA,68.12254,2759074
"653","Mongolia","MNG",2012,1.80768,33.75,NA,68.61351,2808339
"654","Mongolia","MNG",2013,1.840401,NA,NA,69.0618,2859174
"655","Mongolia","MNG",2014,1.873034,NA,NA,NA,2909871
"656","Montenegro","MNE",2010,46.05413,28.6,6.862622,74.41673,619428
"657","Montenegro","MNE",2011,46.10253,30.63,NA,74.53937,620079
"658","Montenegro","MNE",2012,46.14134,32.16,NA,74.64988,620601
"659","Montenegro","MNE",2013,46.18639,33.19,NA,74.75837,621207
"660","Montenegro","MNE",2014,46.23048,NA,NA,NA,621800
"661","Morocco","MAR",2010,71.94205,NA,0.1529164,72.57693,32107739
"662","Morocco","MAR",2011,72.89259,NA,NA,72.98544,32531964
"663","Morocco","MAR",2012,73.90587,NA,NA,73.36466,32984190
"664","Morocco","MAR",2013,74.9556,NA,NA,73.70905,33452686
"665","Morocco","MAR",2014,76.00538,NA,NA,NA,33921203
"666","Mozambique","MOZ",2010,30.92838,NA,1.8503,53.2269,24321457
"667","Mozambique","MOZ",2011,31.81276,NA,NA,53.73829,25016921
"668","Mozambique","MOZ",2012,32.72327,NA,NA,54.21212,25732928
"669","Mozambique","MOZ",2013,33.65699,NA,NA,54.64151,26467180
"670","Mozambique","MOZ",2014,34.60957,NA,NA,NA,27216276
"671","Myanmar","MMR",2010,79.19207,NA,0.1714476,64.91749,51733013
"672","Myanmar","MMR",2011,79.78908,NA,NA,65.1809,52125411
"673","Myanmar","MMR",2012,80.44682,NA,NA,65.42778,52543841
"674","Myanmar","MMR",2013,81.12916,NA,NA,65.6541,52983829
"675","Myanmar","MMR",2014,81.8233,NA,NA,NA,53437159
"676","Namibia","NAM",2010,2.664484,NA,6.330565,62.48029,2193643
"677","Namibia","NAM",2011,2.720987,NA,NA,63.27717,2240161
"678","Namibia","NAM",2012,2.783521,NA,NA,63.88115,2291645
"679","Namibia","NAM",2013,2.850262,NA,NA,64.34388,2346592
"680","Namibia","NAM",2014,2.918605,NA,NA,NA,2402858
"681","Nepal","NPL",2010,187.4845,32.75,3.519379,67.97149,26875910
"682","Nepal","NPL",2011,189.6005,NA,NA,68.40663,27179237
"683","Nepal","NPL",2012,191.8418,NA,NA,68.82332,27500515
"684","Nepal","NPL",2013,194.175,NA,NA,69.222,27834981
"685","Nepal","NPL",2014,196.545,NA,NA,NA,28174724
"686","Netherlands","NLD",2010,492.5999,28.73,10.54967,80.70244,16615394
"687","Netherlands","NLD",2011,495.0496,28.17,NA,81.20488,16693074
"688","Netherlands","NLD",2012,496.885,27.99,NA,81.10488,16754962
"689","Netherlands","NLD",2013,499.0921,NA,NA,81.10488,16804432
"690","Netherlands","NLD",2014,500.5697,NA,NA,NA,16854183
"691","New Caledonia","NCL",2010,13.67615,NA,23.9068,77.47317,250000
"692","New Caledonia","NCL",2011,13.89497,NA,NA,76.72683,254000
"693","New Caledonia","NCL",2012,14.11379,NA,NA,77.12195,258000
"694","New Caledonia","NCL",2013,14.3326,NA,NA,77.12195,262000
"695","New Caledonia","NCL",2014,14.55142,NA,NA,NA,266000
"696","New Zealand","NZL",2010,16.52311,NA,22.11304,80.70244,4350700
"697","New Zealand","NZL",2011,16.64958,NA,NA,80.90488,4384000
"698","New Zealand","NZL",2012,16.7411,NA,NA,81.1561,4408100
"699","New Zealand","NZL",2013,16.87023,NA,NA,81.40732,4442100
"700","New Zealand","NZL",2014,17.12696,NA,NA,NA,4509700
"701","Nicaragua","NIC",2010,47.67926,NA,0.6994065,73.58173,5737722
"702","Nicaragua","NIC",2011,48.26148,NA,NA,73.90129,5807787
"703","Nicaragua","NIC",2012,48.83691,NA,NA,74.21246,5877034
"704","Nicaragua","NIC",2013,49.40706,NA,NA,74.51476,5945646
"705","Nicaragua","NIC",2014,49.97435,NA,NA,NA,6013913
"706","Niger","NER",2010,12.86176,NA,1.240874,58.259,16291990
"707","Niger","NER",2011,13.37845,31.45,NA,59.20456,16946485
"708","Niger","NER",2012,13.92262,NA,NA,60.07254,17635782
"709","Niger","NER",2013,14.49346,NA,NA,60.82815,18358863
"710","Niger","NER",2014,15.08939,NA,NA,NA,19113728
"711","Nigeria","NGA",2010,175.0439,NA,0.7073356,51.32951,159424742
"712","Nigeria","NGA",2011,179.8156,NA,NA,51.7378,163770669
"713","Nigeria","NGA",2012,184.7233,NA,NA,52.105,168240403
"714","Nigeria","NGA",2013,189.7477,NA,NA,52.44215,172816517
"715","Nigeria","NGA",2014,194.8637,NA,NA,NA,177475986
"716","Northern Mariana Islands","MNP",2010,117.087,NA,101.7416,NA,53860
"717","Northern Mariana Islands","MNP",2011,115.7261,NA,NA,NA,53234
"718","Northern Mariana Islands","MNP",2012,115.9,NA,NA,NA,53314
"719","Northern Mariana Islands","MNP",2013,117.1065,NA,NA,NA,53869
"720","Northern Mariana Islands","MNP",2014,118.5674,NA,NA,NA,54541
"721","Norway","NOR",2010,13.38623,25.86,9.928799,80.99756,4889252
"722","Norway","NOR",2011,13.561,25.54,NA,81.29512,4953088
"723","Norway","NOR",2012,13.74029,25.9,NA,81.45122,5018573
"724","Norway","NOR",2013,13.90744,NA,NA,81.45122,5079623
"725","Norway","NOR",2014,14.06309,NA,NA,NA,5136475
"726","Oman","OMN",2010,9.511299,NA,28.06199,76.0528,2943747
"727","Oman","OMN",2011,10.37158,NA,NA,76.32763,3210003
"728","Oman","OMN",2012,11.45458,NA,NA,76.58956,3545192
"729","Oman","OMN",2013,12.6233,NA,NA,76.84105,3906912
"730","Oman","OMN",2014,13.68678,NA,NA,NA,4236057
"731","Pacific island small states","PSS",2010,34.30034,NA,2.199695,69.14003,2201396
"732","Pacific island small states","PSS",2011,34.743,NA,NA,69.33963,2229806
"733","Pacific island small states","PSS",2012,35.18079,NA,NA,69.53548,2257903
"734","Pacific island small states","PSS",2013,35.61404,NA,NA,69.72836,2285709
"735","Pacific island small states","PSS",2014,36.04452,NA,NA,NA,2313337
"736","Pakistan","PAK",2010,220.5842,29.59,2.489705,65.16256,170043918
"737","Pakistan","PAK",2011,225.2875,NA,NA,65.447,173669648
"738","Pakistan","PAK",2012,230.1166,NA,NA,65.71688,177392252
"739","Pakistan","PAK",2013,235.0465,NA,NA,65.96368,181192646
"740","Pakistan","PAK",2014,240.0429,NA,NA,NA,185044286
"741","Palau","PLW",2010,44.5,NA,28.2169,NA,20470
"742","Palau","PLW",2011,44.79565,NA,NA,NA,20606
"743","Palau","PLW",2012,45.12174,NA,NA,NA,20756
"744","Palau","PLW",2013,45.47609,NA,NA,NA,20919
"745","Palau","PLW",2014,45.86304,NA,NA,NA,21097
"746","Panama","PAN",2010,48.70199,51.91,3.342157,76.86363,3620506
"747","Panama","PAN",2011,49.52891,51.83,NA,77.05168,3681979
"748","Panama","PAN",2012,50.35998,51.9,NA,77.23705,3743761
"749","Panama","PAN",2013,51.19294,51.67,NA,77.41922,3805683
"750","Panama","PAN",2014,52.02495,NA,NA,NA,3867535
"751","Papua New Guinea","PNG",2010,15.1206,NA,0.3584657,61.99483,6847517
"752","Papua New Guinea","PNG",2011,15.4599,NA,NA,62.15263,7001172
"753","Papua New Guinea","PNG",2012,15.7993,NA,NA,62.2999,7154870
"754","Papua New Guinea","PNG",2013,16.13935,NA,NA,62.44917,7308864
"755","Papua New Guinea","PNG",2014,16.48098,NA,NA,NA,7463577
"756","Paraguay","PRY",2010,15.6302,51.83,2.597572,72.30129,6209877
"757","Paraguay","PRY",2011,15.84134,52.6,NA,72.4872,6293763
"758","Paraguay","PRY",2012,16.05628,48.17,NA,72.654,6379162
"759","Paraguay","PRY",2013,16.27402,48.3,NA,72.79917,6465669
"760","Paraguay","PRY",2014,16.49262,NA,NA,NA,6552518
"761","Peru","PER",2010,22.94816,46.21,0.128091,73.6398,29373644
"762","Peru","PER",2011,23.24991,45.48,NA,73.84498,29759891
"763","Peru","PER",2012,23.56154,45.11,NA,74.05766,30158768
"764","Peru","PER",2013,23.87927,44.73,NA,74.28385,30565461
"765","Peru","PER",2014,24.19777,NA,NA,NA,30973148
"766","Philippines","PHL",2010,312.0331,NA,0.468001,67.78332,93038902
"767","Philippines","PHL",2011,316.9374,NA,NA,67.89066,94501233
"768","Philippines","PHL",2012,322.0221,43.04,NA,68.00707,96017322
"769","Philippines","PHL",2013,327.2351,NA,NA,68.13156,97571676
"770","Philippines","PHL",2014,332.4905,NA,NA,NA,99138690
"771","Poland","POL",2010,124.2092,33.22,2.175058,76.24634,38042794
"772","Poland","POL",2011,124.2963,32.78,NA,76.74634,38063255
"773","Poland","POL",2012,124.3001,32.39,NA,76.79756,38063164
"774","Poland","POL",2013,124.2291,NA,NA,76.84878,38040196
"775","Poland","POL",2014,124.0832,NA,NA,NA,37995529
"776","Portugal","PRT",2010,115.4395,35.84,8.688332,79.02683,10573100
"777","Portugal","PRT",2011,115.2698,36.34,NA,80.47073,10557560
"778","Portugal","PRT",2012,114.8034,36.04,NA,80.37317,10514844
"779","Portugal","PRT",2013,114.1626,NA,NA,80.37317,10457295
"780","Portugal","PRT",2014,113.5087,NA,NA,NA,10397393
"781","Puerto Rico","PRI",2010,419.5634,NA,8.705083,78.18224,3721527
"782","Puerto Rico","PRI",2011,415.645,NA,NA,78.35885,3686771
"783","Puerto Rico","PRI",2012,410.6292,NA,NA,78.53554,3642281
"784","Puerto Rico","PRI",2013,405.3933,NA,NA,78.7112,3595839
"785","Puerto Rico","PRI",2014,400.0448,NA,NA,NA,3548397
"786","Qatar","QAT",2010,152.0683,NA,73.94044,77.82551,1765513
"787","Qatar","QAT",2011,164.1203,NA,NA,78.0278,1905437
"788","Qatar","QAT",2012,173.611,NA,NA,78.22766,2015624
"789","Qatar","QAT",2013,180.9895,NA,NA,78.41849,2101288
"790","Qatar","QAT",2014,187.0857,NA,NA,NA,2172065
"791","Romania","ROM",2010,88.01074,28.16,0.6556914,73.45854,20246871
"792","Romania","ROM",2011,87.53325,27.21,NA,74.56341,20147528
"793","Romania","ROM",2012,87.20127,27.33,NA,74.46341,20058035
"794","Romania","ROM",2013,86.87429,NA,NA,74.46341,19983693
"795","Romania","ROM",2014,86.55825,NA,NA,NA,19910995
"796","Russian Federation","RUS",2010,8.722634,40.94,8.589734,68.8561,142849449
"797","Russian Federation","RUS",2011,8.729438,41.04,NA,69.65854,142960868
"798","Russian Federation","RUS",2012,8.744142,41.59,NA,70.36585,143201676
"799","Russian Federation","RUS",2013,8.76278,NA,NA,71.07317,143506911
"800","Russian Federation","RUS",2014,8.781872,NA,NA,NA,143819569
"801","Rwanda","RWA",2010,417.2545,51.34,4.522003,61.40178,10293669
"802","Rwanda","RWA",2011,427.9055,NA,NA,62.15537,10556429
"803","Rwanda","RWA",2012,438.482,NA,NA,62.79937,10817350
"804","Rwanda","RWA",2013,449.0513,NA,NA,63.39483,11078095
"805","Rwanda","RWA",2014,459.7302,NA,NA,NA,11341544
"806","Samoa","WSM",2010,65.73463,NA,4.825054,72.417,186029
"807","Samoa","WSM",2011,66.2311,NA,NA,72.70127,187434
"808","Samoa","WSM",2012,66.74947,NA,NA,72.98005,188901
"809","Samoa","WSM",2013,67.27562,NA,NA,73.25039,190390
"810","Samoa","WSM",2014,67.78975,NA,NA,NA,191845
"811","San Marino","SMR",2010,511.5,NA,38.06777,83.15938,30690
"812","San Marino","SMR",2011,515.6333,NA,NA,83.32322,30938
"813","San Marino","SMR",2012,519.5333,NA,NA,NA,31172
"814","San Marino","SMR",2013,523.1833,NA,NA,NA,31391
"815","San Marino","SMR",2014,526.5833,NA,NA,NA,31595
"816","Sao Tome and Principe","STP",2010,178,30.82,3.074087,65.85468,170880
"817","Sao Tome and Principe","STP",2011,181.9229,NA,NA,66.00378,174646
"818","Sao Tome and Principe","STP",2012,185.9208,NA,NA,66.1339,178484
"819","Sao Tome and Principe","STP",2013,189.9854,NA,NA,66.25951,182386
"820","Sao Tome and Principe","STP",2014,194.1062,NA,NA,NA,186342
"821","Saudi Arabia","SAU",2010,13.0673,NA,25.94778,73.70161,28090647
"822","Saudi Arabia","SAU",2011,13.3919,NA,NA,73.85485,28788438
"823","Saudi Arabia","SAU",2012,13.72107,NA,NA,74.01602,29496047
"824","Saudi Arabia","SAU",2013,14.04903,NA,NA,74.17763,30201051
"825","Saudi Arabia","SAU",2014,14.36791,NA,NA,NA,30886545
"826","Senegal","SEN",2010,67.29752,NA,1.621242,64.01444,12956791
"827","Senegal","SEN",2011,69.37622,40.28,NA,64.69537,13357003
"828","Senegal","SEN",2012,71.57382,NA,NA,65.31888,13780108
"829","Senegal","SEN",2013,73.86403,NA,NA,65.87876,14221041
"830","Senegal","SEN",2014,76.2092,NA,NA,NA,14672557
"831","Serbia","SRB",2010,83.36881,29.65,7.205549,74.33659,7291436
"832","Serbia","SRB",2011,82.71323,NA,NA,74.53659,7234099
"833","Serbia","SRB",2012,82.31279,NA,NA,74.83659,7199077
"834","Serbia","SRB",2013,81.91324,NA,NA,75.13659,7164132
"835","Serbia","SRB",2014,81.51644,NA,NA,NA,7129428
"836","Seychelles","SYC",2010,195.1522,NA,12.07308,73.19756,89770
"837","Seychelles","SYC",2011,190.0891,NA,NA,72.72439,87441
"838","Seychelles","SYC",2012,191.963,NA,NA,74.22683,88303
"839","Seychelles","SYC",2013,197.5824,NA,NA,74.22683,89900
"840","Seychelles","SYC",2014,201.156,NA,NA,NA,91526
"841","Sierra Leone","SLE",2010,80.02081,NA,1.848646,48.22895,5775902
"842","Sierra Leone","SLE",2011,81.86351,33.99,NA,49.03473,5908908
"843","Sierra Leone","SLE",2012,83.72343,NA,NA,49.7491,6043157
"844","Sierra Leone","SLE",2013,85.60348,NA,NA,50.36312,6178859
"845","Sierra Leone","SLE",2014,87.4983,NA,NA,NA,6315627
"846","Singapore","SGP",2010,7231.766,NA,38.74298,81.54146,5076700
"847","Singapore","SGP",2011,7363.21,NA,NA,81.7439,5183700
"848","Singapore","SGP",2012,7524.646,NA,NA,81.99512,5312400
"849","Singapore","SGP",2013,7636.775,NA,NA,82.34634,5399200
"850","Singapore","SGP",2014,7736.492,NA,NA,NA,5469700
"851","Sint Maarten (Dutch part)","SXM",2010,1043.353,NA,NA,NA,35474
"852","Sint Maarten (Dutch part)","SXM",2011,983.3824,NA,NA,NA,33435
"853","Sint Maarten (Dutch part)","SXM",2012,1018.824,NA,NA,NA,34640
"854","Sint Maarten (Dutch part)","SXM",2013,1076.676,NA,NA,NA,36607
"855","Sint Maarten (Dutch part)","SXM",2014,1107.765,NA,NA,NA,37664
"856","Slovak Republic","SVK",2010,112.1089,27.32,2.423885,75.1122,5391428
"857","Slovak Republic","SVK",2011,112.2605,26.58,NA,75.95854,5398384
"858","Slovak Republic","SVK",2012,112.4517,26.12,NA,76.10976,5407579
"859","Slovak Republic","SVK",2013,112.5726,NA,NA,76.26098,5413393
"860","Slovak Republic","SVK",2014,112.679,NA,NA,NA,5418506
"861","Slovenia","SVN",2010,101.7171,24.94,8.000359,79.42195,2048583
"862","Slovenia","SVN",2011,101.9286,24.87,NA,79.97073,2052843
"863","Slovenia","SVN",2012,102.1429,25.59,NA,80.12439,2057159
"864","Slovenia","SVN",2013,102.2817,NA,NA,80.27805,2059953
"865","Slovenia","SVN",2014,102.3941,NA,NA,NA,2062218
"866","Solomon Islands","SLB",2010,18.79875,NA,1.324839,67.06566,526177
"867","Solomon Islands","SLB",2011,19.20857,NA,NA,67.29122,537648
"868","Solomon Islands","SLB",2012,19.61994,NA,NA,67.50659,549162
"869","Solomon Islands","SLB",2013,20.03162,NA,NA,67.71893,560685
"870","Solomon Islands","SLB",2014,20.44198,NA,NA,NA,572171
"871","Somalia","SOM",2010,15.27356,NA,0.238402,54.02366,9581714
"872","Somalia","SOM",2011,15.63215,NA,NA,54.35695,9806670
"873","Somalia","SOM",2012,15.99393,NA,NA,54.69024,10033630
"874","Somalia","SOM",2013,16.36777,NA,NA,55.02302,10268157
"875","Somalia","SOM",2014,16.76534,NA,NA,NA,10517569
"876","South Africa","ZAF",2010,41.86978,NA,3.667696,54.39076,50791808
"877","South Africa","ZAF",2011,42.49765,63.38,NA,55.29566,51553479
"878","South Africa","ZAF",2012,43.14741,NA,NA,56.09832,52341695
"879","South Africa","ZAF",2013,43.81991,NA,NA,56.73659,53157490
"880","South Africa","ZAF",2014,44.51603,NA,NA,NA,54001953
"881","South Sudan","SSD",2010,NA,NA,NA,53.6649,10056475
"882","South Sudan","SSD",2011,NA,NA,NA,54.205,10510122
"883","South Sudan","SSD",2012,NA,NA,NA,54.727,10980623
"884","South Sudan","SSD",2013,NA,NA,NA,55.2209,11453810
"885","South Sudan","SSD",2014,NA,NA,NA,NA,11911184
"886","Spain","ESP",2010,93.15193,35.79,13.69246,81.62683,46576897
"887","Spain","ESP",2011,93.50784,36.1,NA,82.47561,46742697
"888","Spain","ESP",2012,93.50684,35.89,NA,82.42683,46773055
"889","Spain","ESP",2013,93.20095,NA,NA,82.42683,46620045
"890","Spain","ESP",2014,92.77024,NA,NA,NA,46404602
"891","Sri Lanka","LKA",2010,329.3414,NA,1.645838,73.75527,20653000
"892","Sri Lanka","LKA",2011,332.7858,NA,NA,73.89929,20869000
"893","Sri Lanka","LKA",2012,324.1588,38.58,NA,74.06805,20328000
"894","Sri Lanka","LKA",2013,326.6305,NA,NA,74.24029,20483000
"895","Sri Lanka","LKA",2014,329.1182,NA,NA,NA,20639000
"896","St. Kitts and Nevis","KNA",2010,201.3538,NA,9.6386,NA,52352
"897","St. Kitts and Nevis","KNA",2011,203.8385,NA,NA,NA,52998
"898","St. Kitts and Nevis","KNA",2012,206.3462,NA,NA,NA,53650
"899","St. Kitts and Nevis","KNA",2013,208.85,NA,NA,NA,54301
"900","St. Kitts and Nevis","KNA",2014,211.3231,NA,NA,NA,54944
"901","St. Lucia","LCA",2010,290.8148,NA,5.738541,74.4711,177397
"902","St. Lucia","LCA",2011,293.8984,NA,NA,74.63571,179278
"903","St. Lucia","LCA",2012,296.541,NA,NA,74.77763,180890
"904","St. Lucia","LCA",2013,298.8607,NA,NA,74.91271,182305
"905","St. Lucia","LCA",2014,301.0574,NA,NA,NA,183645
"906","St. Martin (French part)","MAF",2010,555.7904,NA,NA,78.72195,30235
"907","St. Martin (French part)","MAF",2011,562.7757,NA,NA,78.87073,30615
"908","St. Martin (French part)","MAF",2012,569.0993,NA,NA,79.02195,30959
"909","St. Martin (French part)","MAF",2013,574.7059,NA,NA,79.17073,31264
"910","St. Martin (French part)","MAF",2014,579.5956,NA,NA,NA,31530
"911","St. Vincent and the Grenadines","VCT",2010,280.2974,NA,7.877163,72.34639,109316
"912","St. Vincent and the Grenadines","VCT",2011,280.3615,NA,NA,72.51876,109341
"913","St. Vincent and the Grenadines","VCT",2012,280.3436,NA,NA,72.67185,109334
"914","St. Vincent and the Grenadines","VCT",2013,280.3256,NA,NA,72.81088,109327
"915","St. Vincent and the Grenadines","VCT",2014,280.4103,NA,NA,NA,109360
"916","Sudan","SDN",2010,19.43239,NA,1.631849,62.04259,36114885
"917","Sudan","SDN",2011,19.96141,NA,NA,62.45554,36918193
"918","Sudan","SDN",2012,20.4937,NA,NA,62.8322,37712420
"919","Sudan","SDN",2013,21.03068,NA,NA,63.16705,38515095
"920","Sudan","SDN",2014,21.57469,NA,NA,NA,39350274
"921","Suriname","SUR",2010,3.321417,NA,7.61839,70.36273,518141
"922","Suriname","SUR",2011,3.355378,NA,NA,70.59939,523439
"923","Suriname","SUR",2012,3.388045,NA,NA,70.80632,528535
"924","Suriname","SUR",2013,3.419551,NA,NA,70.99,533450
"925","Suriname","SUR",2014,3.450308,NA,NA,NA,538248
"926","Swaziland","SWZ",2010,69.36907,NA,3.387509,48.34576,1193148
"927","Swaziland","SWZ",2011,70.49174,NA,NA,48.66139,1212458
"928","Swaziland","SWZ",2012,71.61012,NA,NA,48.85063,1231694
"929","Swaziland","SWZ",2013,72.71169,NA,NA,48.93793,1250641
"930","Swaziland","SWZ",2014,73.78558,NA,NA,NA,1269112
"931","Sweden","SWE",2010,22.85453,26.81,13.92624,81.45122,9378126
"932","Sweden","SWE",2011,23.02776,27.24,NA,81.80244,9449213
"933","Sweden","SWE",2012,23.3696,27.32,NA,81.70488,9519374
"934","Sweden","SWE",2013,23.56847,NA,NA,81.70488,9600379
"935","Sweden","SWE",2014,23.78739,NA,NA,NA,9689555
"936","Switzerland","CHE",2010,198.0188,32.72,22.52802,82.24634,7824909
"937","Switzerland","CHE",2011,200.2328,31.83,NA,82.69512,7912398
"938","Switzerland","CHE",2012,202.3702,31.64,NA,82.69756,7996861
"939","Switzerland","CHE",2013,204.7106,NA,NA,82.74878,8089346
"940","Switzerland","CHE",2014,207.2636,NA,NA,NA,8190229
"941","Syrian Arab Republic","SYR",2010,112.8389,NA,10.64567,74.86763,20720602
"942","Syrian Arab Republic","SYR",2011,114.7466,NA,NA,74.77059,21070917
"943","Syrian Arab Republic","SYR",2012,116.6866,NA,NA,74.71071,21427155
"944","Syrian Arab Republic","SYR",2013,118.6593,NA,NA,74.71578,21789415
"945","Syrian Arab Republic","SYR",2014,120.6655,NA,NA,NA,22157800
"946","Tajikistan","TJK",2010,54.17045,NA,3.749702,68.56339,7581696
"947","Tajikistan","TJK",2011,55.40101,NA,NA,68.89178,7753925
"948","Tajikistan","TJK",2012,56.66568,NA,NA,69.16698,7930929
"949","Tajikistan","TJK",2013,57.95866,NA,NA,69.40017,8111894
"950","Tajikistan","TJK",2014,59.27294,NA,NA,NA,8295840
"951","Tanzania","TZA",2010,51.53367,NA,1.444082,61.62561,45648525
"952","Tanzania","TZA",2011,53.19824,37.78,NA,62.6321,47122998
"953","Tanzania","TZA",2012,54.91726,NA,NA,63.5209,48645709
"954","Tanzania","TZA",2013,56.68713,NA,NA,64.29183,50213457
"955","Tanzania","TZA",2014,58.50375,NA,NA,NA,51822621
"956","Thailand","THA",2010,130.5409,39.4,1.735234,73.69437,66692024
"957","Thailand","THA",2011,130.9537,37.46,NA,73.89239,66902958
"958","Thailand","THA",2012,131.465,39.26,NA,74.0719,67164130
"959","Thailand","THA",2013,132.0273,NA,NA,74.24693,67451422
"960","Thailand","THA",2014,132.5647,NA,NA,NA,67725979
"961","Timor-Leste","TMP",2010,71.71547,NA,1.297438,65.94446,1066409
"962","Timor-Leste","TMP",2011,75.3458,NA,NA,66.4918,1120392
"963","Timor-Leste","TMP",2012,77.26685,NA,NA,67.02059,1148958
"964","Timor-Leste","TMP",2013,79.35905,NA,NA,67.52237,1180069
"965","Timor-Leste","TMP",2014,81.51358,NA,NA,NA,1212107
"966","Togo","TGO",2010,117.5005,NA,2.901053,57.28156,6390851
"967","Togo","TGO",2011,120.724,46.02,NA,57.93078,6566179
"968","Togo","TGO",2012,124.0224,NA,NA,58.55385,6745581
"969","Togo","TGO",2013,127.3896,NA,NA,59.13237,6928719
"970","Togo","TGO",2014,130.8175,NA,NA,NA,7115163
"971","Tonga","TON",2010,144.3708,NA,0.8158004,72.18261,103947
"972","Tonga","TON",2011,144.9889,NA,NA,72.33473,104392
"973","Tonga","TON",2012,145.5125,NA,NA,72.488,104769
"974","Tonga","TON",2013,146.0264,NA,NA,72.64034,105139
"975","Tonga","TON",2014,146.6472,NA,NA,NA,105586
"976","Trinidad and Tobago","TTO",2010,258.8879,NA,2.586261,69.79756,1328095
"977","Trinidad and Tobago","TTO",2011,260.193,NA,NA,69.98032,1334790
"978","Trinidad and Tobago","TTO",2012,261.5164,NA,NA,70.15139,1341579
"979","Trinidad and Tobago","TTO",2013,262.8148,NA,NA,70.30529,1348240
"980","Trinidad and Tobago","TTO",2014,264.0318,NA,NA,NA,1354483
"981","Tunisia","TUN",2010,67.88813,35.81,0.3184857,74.60244,10547100
"982","Tunisia","TUN",2011,68.70366,NA,NA,74.3439,10673800
"983","Tunisia","TUN",2012,69.37114,NA,NA,73.99512,10777500
"984","Tunisia","TUN",2013,70.07273,NA,NA,73.64634,10886500
"985","Tunisia","TUN",2014,70.78141,NA,NA,NA,10996600
"986","Turkey","TUR",2010,93.95478,38.78,1.951236,74.2112,72310416
"987","Turkey","TUR",2011,95.10982,40.04,NA,74.54049,73199372
"988","Turkey","TUR",2012,96.27906,40.17,NA,74.86244,74099255
"989","Turkey","TUR",2013,97.46268,NA,NA,75.17595,75010202
"990","Turkey","TUR",2014,98.66085,NA,NA,NA,75932348
"991","Turkmenistan","TKM",2010,10.72925,NA,4.119401,65.02124,5041995
"992","Turkmenistan","TKM",2011,10.86688,NA,NA,65.16561,5106672
"993","Turkmenistan","TKM",2012,11.0079,NA,NA,65.31159,5172941
"994","Turkmenistan","TKM",2013,11.15078,NA,NA,65.45656,5240088
"995","Turkmenistan","TKM",2014,11.29357,NA,NA,NA,5307188
"996","Turks and Caicos Islands","TCA",2010,32.62421,NA,20.18843,NA,30993
"997","Turks and Caicos Islands","TCA",2011,33.39684,NA,NA,NA,31727
"998","Turks and Caicos Islands","TCA",2012,34.13684,NA,NA,NA,32430
"999","Turks and Caicos Islands","TCA",2013,34.84526,NA,NA,NA,33103
"1000","Turks and Caicos Islands","TCA",2014,35.51579,NA,NA,NA,33740
"1001","Tuvalu","TUV",2010,327.5667,NA,1.536583,NA,9827
"1002","Tuvalu","TUV",2011,328.1333,NA,NA,NA,9844
"1003","Tuvalu","TUV",2012,328.6667,NA,NA,NA,9860
"1004","Tuvalu","TUV",2013,329.2,NA,NA,NA,9876
"1005","Tuvalu","TUV",2014,329.7667,NA,NA,NA,9893
"1006","Uganda","UGA",2010,165.3173,NA,1.950405,55.83666,33149417
"1007","Uganda","UGA",2011,170.8575,NA,NA,56.46376,34260342
"1008","Uganda","UGA",2012,176.5441,42.37,NA,57.1002,35400620
"1009","Uganda","UGA",2013,182.3927,NA,NA,57.76768,36573387
"1010","Uganda","UGA",2014,188.425,NA,NA,NA,37782971
"1011","Ukraine","UKR",2010,79.18025,24.82,11.46162,70.26537,45870700
"1012","Ukraine","UKR",2011,78.89612,24.55,NA,70.80927,45706100
"1013","Ukraine","UKR",2012,78.70141,24.74,NA,70.94415,45593300
"1014","Ukraine","UKR",2013,78.52241,24.55,NA,71.15951,45489600
"1015","Ukraine","UKR",2014,78.3037,NA,NA,NA,45362900
"1016","United Arab Emirates","ARE",2010,99.63461,NA,39.53758,76.67524,8329453
"1017","United Arab Emirates","ARE",2011,104.4823,NA,NA,76.8512,8734722
"1018","United Arab Emirates","ARE",2012,107.0878,NA,NA,77.02415,8952542
"1019","United Arab Emirates","ARE",2013,108.1337,NA,NA,77.19563,9039978
"1020","United Arab Emirates","ARE",2014,108.6859,NA,NA,NA,9086139
"1021","United Kingdom","GBR",2010,259.4402,34.81,10.27893,80.40244,62766365
"1022","United Kingdom","GBR",2011,261.4761,33.71,NA,80.95122,63258918
"1023","United Kingdom","GBR",2012,263.3005,32.57,NA,80.90488,63700300
"1024","United Kingdom","GBR",2013,264.9807,NA,NA,80.9561,64106779
"1025","United Kingdom","GBR",2014,266.6489,NA,NA,NA,64510376
"1026","United States","USA",2010,33.81796,40.46,13.83989,78.54146,309347057
"1027","United States","USA",2011,34.07755,NA,NA,78.64146,311721632
"1028","United States","USA",2012,34.33887,NA,NA,78.74146,314112078
"1029","United States","USA",2013,34.59965,41.06,NA,78.84146,316497531
"1030","United States","USA",2014,34.85759,NA,NA,NA,318857056
"1031","Uruguay","URY",2010,19.28016,45.32,2.3677,76.39461,3374414
"1032","Uruguay","URY",2011,19.34413,43.37,NA,76.5412,3385610
"1033","Uruguay","URY",2012,19.4078,41.32,NA,76.68839,3396753
"1034","Uruguay","URY",2013,19.47188,41.87,NA,76.8362,3407969
"1035","Uruguay","URY",2014,19.53786,NA,NA,NA,3419516
"1036","Uzbekistan","UZB",2010,67.14245,NA,4.117073,67.85876,28562400
"1037","Uzbekistan","UZB",2011,68.96897,NA,NA,67.98039,29339400
"1038","Uzbekistan","UZB",2012,69.99177,NA,NA,68.104,29774500
"1039","Uzbekistan","UZB",2013,71.09356,NA,NA,68.22759,30243200
"1040","Uzbekistan","UZB",2014,72.30301,NA,NA,NA,30757700
"1041","Vanuatu","VUT",2010,19.38466,37.18,0.3444788,70.84995,236299
"1042","Vanuatu","VUT",2011,19.84217,NA,NA,71.13456,241876
"1043","Vanuatu","VUT",2012,20.30336,NA,NA,71.40817,247498
"1044","Vanuatu","VUT",2013,20.76825,NA,NA,71.66924,253165
"1045","Vanuatu","VUT",2014,21.23733,NA,NA,NA,258883
"1046","Venezuela, RB","VEN",2010,32.87313,NA,3.474234,73.67161,28995745
"1047","Venezuela, RB","VEN",2011,33.36277,NA,NA,73.79166,29427631
"1048","Venezuela, RB","VEN",2012,33.84642,NA,NA,73.92573,29854238
"1049","Venezuela, RB","VEN",2013,34.32464,NA,NA,74.07441,30276045
"1050","Venezuela, RB","VEN",2014,34.79828,NA,NA,NA,30693827
"1051","Vietnam","VNM",2010,280.3641,42.68,0.07972507,75.31173,86932500
"1052","Vietnam","VNM",2011,283.2909,NA,NA,75.4579,87840000
"1053","Vietnam","VNM",2012,286.2995,38.7,NA,75.60668,88772900
"1054","Vietnam","VNM",2013,289.3182,NA,NA,75.75649,89708900
"1055","Vietnam","VNM",2014,292.6113,NA,NA,NA,90730000
"1056","Virgin Islands (U.S.)","VIR",2010,303.62,NA,58.15352,79.17317,106267
"1057","Virgin Islands (U.S.)","VIR",2011,302.24,NA,NA,79.37317,105784
"1058","Virgin Islands (U.S.)","VIR",2012,300.7857,NA,NA,79.47317,105275
"1059","Virgin Islands (U.S.)","VIR",2013,299.2486,NA,NA,79.62439,104737
"1060","Virgin Islands (U.S.)","VIR",2014,297.6286,NA,NA,NA,104170
"1061","Yemen, Rep.","YEM",2010,44.6843,NA,2.195348,62.76873,23591972
"1062","Yemen, Rep.","YEM",2011,45.90212,NA,NA,63.05354,24234940
"1063","Yemen, Rep.","YEM",2012,47.12918,NA,NA,63.32729,24882792
"1064","Yemen, Rep.","YEM",2013,48.36111,NA,NA,63.58351,25533217
"1065","Yemen, Rep.","YEM",2014,49.59311,NA,NA,NA,26183676
"1066","Zambia","ZMB",2010,18.72158,55.62,1.675165,56.38385,13917439
"1067","Zambia","ZMB",2011,19.29475,NA,NA,57.4222,14343526
"1068","Zambia","ZMB",2012,19.89075,NA,NA,58.36332,14786581
"1069","Zambia","ZMB",2013,20.50887,NA,NA,59.23737,15246086
"1070","Zambia","ZMB",2014,21.14818,NA,NA,NA,15721343
"1071","Zimbabwe","ZWE",2010,36.12226,NA,2.663953,49.57466,13973897
"1072","Zimbabwe","ZWE",2011,36.85044,NA,NA,51.60037,14255592
"1073","Zimbabwe","ZWE",2012,37.6515,NA,NA,53.64307,14565482
"1074","Zimbabwe","ZWE",2013,38.51129,NA,NA,55.633,14898092
"1075","Zimbabwe","ZWE",2014,39.41025,NA,NA,NA,15245855
