"","CountryName","CountryCode","Year","MS.MIL.XPND.GD.ZS","NY.GDP.MKTP.PP.CD","NY.GDP.PCAP.CD","NY.GDP.PCAP.KD.ZG"
"1","Afghanistan","AFG",2010,1.897473,45555113006,569.9407,5.505838
"2","Afghanistan","AFG",2011,1.778593,49338254431,622.3797,2.994052
"3","Afghanistan","AFG",2012,1.144715,57473689811,690.8426,10.90226
"4","Afghanistan","AFG",2013,1.061434,59472836680,666.7951,-1.216695
"5","Afghanistan","AFG",2014,1.334357,61132547123,633.5692,-1.714611
"6","Albania","ALB",2010,1.593118,27083782564,4094.359,4.226161
"7","Albania","ALB",2011,1.527305,28002459179,4437.812,2.840939
"8","Albania","ALB",2012,1.49385,27981946252,4247.485,1.570041
"9","Albania","ALB",2013,1.398847,28456981503,4411.258,1.218984
"10","Albania","ALB",2014,1.021248,29826669574,4564.39,2.272047
"11","Algeria","DZA",2010,3.518023,455845601075,4473.486,1.776425
"12","Algeria","DZA",2011,4.325836,478284398685,5447.404,0.8934413
"13","Algeria","DZA",2012,4.461327,502937371131,5583.616,1.30709
"14","Algeria","DZA",2013,4.961964,524723488340,5491.614,0.7898049
"15","Algeria","DZA",2014,5.55606,552609735401,5484.067,1.805281
"16","Andorra","ADO",2010,NA,NA,39639.39,-4.165093
"17","Andorra","ADO",2011,NA,NA,41630.05,-2.382443
"18","Andorra","ADO",2012,NA,NA,39666.37,1.968145
"19","Andorra","ADO",2013,NA,NA,42806.52,4.431534
"20","Angola","AGO",2010,4.199133,NA,3928.825,NA
"21","Angola","AGO",2011,3.282059,152477494308,5053.739,NA
"22","Angola","AGO",2012,3.304339,NA,5531.776,NA
"23","Angola","AGO",2013,4.399986,NA,5900.53,NA
"24","Antigua and Barbuda","ATG",2010,NA,1757859214,13017.31,-8.136143
"25","Antigua and Barbuda","ATG",2011,NA,1761975489,12817.84,-2.817256
"26","Antigua and Barbuda","ATG",2012,NA,1865701697,13525.62,2.94862
"27","Antigua and Barbuda","ATG",2013,NA,1886945200,13342.08,-1.360684
"28","Antigua and Barbuda","ATG",2014,NA,2006791859,13432.08,3.766844
"29","Argentina","ARG",2010,0.7477786,NA,11198.64,8.325187
"30","Argentina","ARG",2011,0.720326,NA,13392.92,7.260475
"31","Argentina","ARG",2012,0.7485965,NA,14357.41,-0.2509307
"32","Argentina","ARG",2013,0.8234826,NA,14443.07,1.813696
"33","Argentina","ARG",2014,0.7931637,NA,12509.53,-0.5787943
"34","Armenia","ARM",2010,4.265646,18896045357,3124.784,2.290078
"35","Armenia","ARM",2011,3.853947,20192628680,3417.172,4.541679
"36","Armenia","ARM",2012,3.583767,22035101326,3565.518,6.82729
"37","Armenia","ARM",2013,3.997245,23101429601,3716.829,2.82175
"38","Armenia","ARM",2014,4.00772,24258831576,3873.534,3.019297
"39","Aruba","ABW",2010,NA,NA,24289.14,NA
"40","Aruba","ABW",2011,NA,3671232222,25353.79,NA
"41","Australia","AUS",2010,1.951809,861853267945,51845.65,0.4435781
"42","Australia","AUS",2011,1.828989,932989069867,62216.55,0.9668074
"43","Australia","AUS",2012,1.698137,9.79558e+11,67646.1,1.86253
"44","Australia","AUS",2013,1.686912,1.0015e+12,67627.77,0.6787488
"45","Australia","AUS",2014,1.780064,1.031945e+12,61925.5,0.9077804
"46","Austria","AUT",2010,0.8247703,350124302728,46659.84,1.683937
"47","Austria","AUT",2011,0.7947373,369420225149,51123.56,2.462037
"48","Austria","AUT",2012,0.7823859,378088354544,48324.25,0.2989697
"49","Austria","AUT",2013,0.753225,382598897036,50557.8,-0.2630216
"50","Austria","AUT",2014,0.7454094,394485478834,51190.81,-0.2946264
"51","Azerbaijan","AZE",2010,2.791004,141497529647,5842.806,3.614187
"52","Azerbaijan","AZE",2011,4.670136,144514131463,7189.691,-1.229479
"53","Azerbaijan","AZE",2012,4.723215,150344872492,7393.772,0.850986
"54","Azerbaijan","AZE",2013,4.679751,1.6143e+11,7811.621,4.437066
"55","Azerbaijan","AZE",2014,4.763487,1.67061e+11,7884.19,0.7057587
"56","Bahamas, The","BHS",2010,NA,8093827393,21920.52,-0.1637115
"57","Bahamas, The","BHS",2011,NA,8311566260,21514.9,-1.000642
"58","Bahamas, The","BHS",2012,NA,8648379510,22112.61,0.6590252
"59","Bahamas, The","BHS",2013,NA,8779178667,22315.6,-1.421487
"60","Bahamas, The","BHS",2014,NA,8998371152,22217.49,-0.3520378
"61","Bahrain","BHR",2010,3.277366,49725800420,20386.02,-1.004658
"62","Bahrain","BHR",2011,3.558029,51818347905,22238.71,-1.393934
"63","Bahrain","BHR",2012,3.84351,54641595493,23063.13,1.447684
"64","Bahrain","BHR",2013,4.096366,58457572079,24378.94,4.174787
"65","Bahrain","BHR",2014,4.234601,61968145298,24855.22,3.521763
"66","Bangladesh","BGD",2010,1.233545,364140854586,760.3319,4.380462
"67","Bangladesh","BGD",2011,1.277477,395684471605,838.5478,5.222922
"68","Bangladesh","BGD",2012,1.241419,429055450182,858.9334,5.25094
"69","Bangladesh","BGD",2013,1.184521,461634727857,954.3964,4.731909
"70","Bangladesh","BGD",2014,1.160973,496758428047,1086.807,4.7809
"71","Barbados","BRB",2010,NA,4203655727,15901.43,-0.1205724
"72","Barbados","BRB",2011,NA,4321705635,15530.89,0.3567012
"73","Barbados","BRB",2012,NA,4411222957,15317.14,-0.07702018
"74","Barbados","BRB",2013,NA,4476952555,15153.82,-0.3267222
"75","Barbados","BRB",2014,NA,4550463947,15366.29,-0.1296939
"76","Belarus","BLR",2010,1.390232,1.46008e+11,5818.855,7.933784
"77","Belarus","BLR",2011,1.266062,157283909017,6305.774,5.733117
"78","Belarus","BLR",2012,1.198102,162879596713,6721.835,1.828135
"79","Belarus","BLR",2013,1.320576,167081323326,7722.123,1.052246
"80","Belarus","BLR",2014,1.285751,172210703775,8040.048,1.544892
"81","Belgium","BEL",2010,1.084631,427442156148,44282.55,1.530801
"82","Belgium","BEL",2011,1.043508,451396735850,47699.81,0.6222771
"83","Belgium","BEL",2012,1.038411,459785570514,44731.22,-0.573237
"84","Belgium","BEL",2013,1.003058,461908072179,46625.32,-0.4715157
"85","Belgium","BEL",2014,0.9762806,477949404357,47352.94,0.9656369
"86","Belize","BLZ",2010,1.097799,2482000905,4344.137,0.8552194
"87","Belize","BLZ",2011,1.036748,2586543205,4517.124,-0.248336
"88","Belize","BLZ",2012,0.9625017,2733682254,4674.293,1.507781
"89","Belize","BLZ",2013,1.026477,2816744165,4719.138,-0.6824498
"90","Belize","BLZ",2014,1.036015,2960246535,4831.178,1.37061
"91","Benin","BEN",2010,NA,16392960558,732.9536,-0.7697141
"92","Benin","BEN",2011,NA,17227124155,799.0356,0.1243285
"93","Benin","BEN",2012,0.9636824,18350608451,807.6885,1.827484
"94","Benin","BEN",2013,0.9439693,19905189529,882.6386,4.058083
"95","Benin","BEN",2014,0.9711461,21516703864,903.4649,3.764477
"96","Bermuda","BMU",2010,NA,3598375440,88207.33,-1.324385
"97","Bermuda","BMU",2011,NA,3550019929,85973.16,-2.501103
"98","Bermuda","BMU",2012,NA,3439042547,85458.46,-5.178204
"99","Bermuda","BMU",2013,NA,3402639659,85748.07,-2.815615
"100","Bhutan","BTN",2010,NA,4576726814,2201.293,9.804776
"101","Bhutan","BTN",2011,NA,5039821055,2485.787,6.122805
"102","Bhutan","BTN",2012,NA,5390490978,2452.152,3.451931
"103","Bhutan","BTN",2013,NA,5588024160,2383.045,0.663628
"104","Bhutan","BTN",2014,NA,5979045312,2560.501,4.029142
"105","Bolivia","BOL",2010,1.668461,52547684328,1981.16,2.452778
"106","Bolivia","BOL",2011,1.466809,56423688392,2377.701,3.533968
"107","Bolivia","BOL",2012,1.462754,60378682117,2645.29,3.474161
"108","Bolivia","BOL",2013,1.451693,65442841321,2948.033,5.140981
"109","Bolivia","BOL",2014,1.477125,70023357901,3124.081,3.843437
"110","Bosnia and Herzegovina","BIH",2010,1.305366,33636770287,4392.495,0.907083
"111","Bosnia and Herzegovina","BIH",2011,1.156672,35506413036,4779.66,1.035425
"112","Bosnia and Herzegovina","BIH",2012,1.167313,35871851726,4415.924,-1.106531
"113","Bosnia and Herzegovina","BIH",2013,1.107592,36494326028,4666.22,2.610956
"114","Bosnia and Herzegovina","BIH",2014,1.09431,37761176475,4790.05,0.9404566
"115","Botswana","BWA",2010,2.726855,26323157350,6244.003,6.410258
"116","Botswana","BWA",2011,2.357962,28491611417,7504.851,3.923246
"117","Botswana","BWA",2012,2.254121,30404397186,6935.594,2.712324
"118","Botswana","BWA",2013,1.992494,33734031737,6882.258,7.127831
"119","Botswana","BWA",2014,1.92085,35739373872,7123.339,2.378328
"120","Brazil","BRA",2010,1.539016,2.803888e+12,11124.25,6.53601
"121","Brazil","BRA",2011,1.412373,2.973856e+12,13042.42,2.929975
"122","Brazil","BRA",2012,1.408395,3.080598e+12,11922.51,0.8152604
"123","Brazil","BRA",2013,1.377781,3.212283e+12,11711,1.809216
"124","Brazil","BRA",2014,1.344207,3.263867e+12,11384.42,-0.7390131
"125","Brunei Darussalam","BRN",2010,3.158472,27722415765,31453.22,0.9758601
"126","Brunei Darussalam","BRN",2011,2.488536,29265239981,41787.02,1.839698
"127","Brunei Darussalam","BRN",2012,2.425762,30073137641,41807.65,-0.5624652
"128","Brunei Darussalam","BRN",2013,2.557831,29986523446,39151.23,-3.181395
"129","Brunei Darussalam","BRN",2014,3.08572,29712111132,40979.64,-3.719286
"130","Bulgaria","BGR",2010,1.7891,111480277505,6752.552,0.7153652
"131","Bulgaria","BGR",2011,1.455681,114656149139,7750.04,2.233453
"132","Bulgaria","BGR",2012,1.50729,116641261815,7333.355,0.8222955
"133","Bulgaria","BGR",2013,1.617157,116697822700,7656.639,1.8484
"134","Bulgaria","BGR",2014,1.476458,1.2004e+11,7851.265,2.128843
"135","Burkina Faso","BFA",2010,1.382575,21784264435,574.4581,5.212027
"136","Burkina Faso","BFA",2011,1.299206,23684080409,665.8074,3.381805
"137","Burkina Faso","BFA",2012,1.303394,25664955309,673.0268,3.347399
"138","Burkina Faso","BFA",2013,1.34818,26997925221,708.8417,0.653856
"139","Burkina Faso","BFA",2014,1.321572,28486420790,713.0639,1.01234
"140","Burundi","BDI",2010,NA,6561000839,214.231,0.2390487
"141","Burundi","BDI",2011,NA,6977151646,240.6145,0.6898832
"142","Burundi","BDI",2012,2.385019,7387878936,244.1965,0.5835403
"143","Burundi","BDI",2013,2.242009,7842422766,259.3652,1.182322
"144","Burundi","BDI",2014,2.009842,8327707522,286.0023,1.265698
"145","Cabo Verde","CPV",2010,0.4979486,2868788416,3393.927,0.7000846
"146","Cabo Verde","CPV",2011,0.4796382,3044224922,3766.112,2.965125
"147","Cabo Verde","CPV",2012,0.478413,3132402917,3497.691,-0.07063392
"148","Cabo Verde","CPV",2013,0.5172957,3212306525,3623.222,-0.2272387
"149","Cabo Verde","CPV",2014,0.5797263,3350426695,3641.108,1.470006
"150","Cambodia","KHM",2010,1.58519,35369652416,782.6928,4.345634
"151","Cambodia","KHM",2011,1.586612,38652011936,879.1512,5.385633
"152","Cambodia","KHM",2012,1.54794,42202935558,946.4767,5.531836
"153","Cambodia","KHM",2013,1.575896,46035600893,1024.609,5.724313
"154","Cambodia","KHM",2014,1.658979,50010187065,1094.577,5.328192
"155","Cameroon","CMR",2010,1.498803,51947816706,1147.242,0.6800248
"156","Cameroon","CMR",2011,1.306931,55215701705,1258.925,1.534994
"157","Cameroon","CMR",2012,1.338949,58786137853,1222.192,1.979159
"158","Cameroon","CMR",2013,1.328623,62980301961,1331.2,2.939761
"159","Cameroon","CMR",2014,1.252789,67686481734,1407.403,3.313571
"160","Canada","CAN",2010,1.196702,1.362091e+12,47463.63,2.229097
"161","Canada","CAN",2011,1.145132,1.427541e+12,52086.53,1.948255
"162","Canada","CAN",2012,1.111754,1.469441e+12,52733.47,0.7159768
"163","Canada","CAN",2013,1.004022,1.512973e+12,52305.26,0.8314209
"164","Canada","CAN",2014,0.9773904,1.565813e+12,50235.39,1.337924
"165","Caribbean small states","CSS",2010,NA,94960479337,8699.511,-0.6329211
"166","Caribbean small states","CSS",2011,NA,98083235858,9373.261,0.312542
"167","Caribbean small states","CSS",2012,NA,101059108237,9586.923,0.5167648
"168","Caribbean small states","CSS",2013,NA,104073086820,9932.461,0.6090265
"169","Caribbean small states","CSS",2014,0.8310049,106824235583,10164.32,0.5842431
"170","Cayman Islands","CYM",2011,NA,2823463452,NA,NA
"171","Central African Republic","CAF",2010,2.597426,3840500750,446.8002,1.111338
"172","Central African Republic","CAF",2011,NA,4049174940,484.5832,1.341609
"173","Central African Republic","CAF",2012,NA,4291389079,469.6843,2.115986
"174","Central African Republic","CAF",2013,NA,2785362735,326.4371,-37.28493
"175","Central African Republic","CAF",2014,NA,2854553719,358.5378,-0.9584017
"176","Chad","TCD",2010,5.778139,22422247379,895.878,9.867238
"177","Chad","TCD",2011,5.01553,22904148163,988.4432,-3.189601
"178","Chad","TCD",2012,NA,25386331049,972.6793,5.312206
"179","Chad","TCD",2013,NA,27233183668,985.0952,2.239947
"180","Chad","TCD",2014,NA,29647550192,1024.668,3.815232
"181","Chile","CHL",2010,2.163718,310630062166,12785.05,4.603312
"182","Chile","CHL",2011,2.168819,348602266857,14582.17,4.693601
"183","Chile","CHL",2012,2.064675,368340067789,15253.33,4.322215
"184","Chile","CHL",2013,1.944844,386098505120,15741.71,3.114916
"185","Chile","CHL",2014,1.99477,396923419130,14528.33,0.822405
"186","China","CHN",2010,2.042049,1.235873e+13,4514.941,10.09869
"187","China","CHN",2011,1.965408,1.381026e+13,5574.187,8.961165
"188","China","CHN",2012,2.004407,1.514773e+13,6264.644,7.226582
"189","China","CHN",2013,2.014902,1.655471e+13,6991.854,7.153475
"190","China","CHN",2014,2.09011,1.801707e+13,7590.016,6.726721
"191","Colombia","COL",2010,3.631149,490405414020,6250.654,2.835524
"192","Colombia","COL",2011,3.072783,5.33513e+11,7227.771,5.467847
"193","Colombia","COL",2012,3.166777,5.65053e+11,7885.061,2.990717
"194","Colombia","COL",2013,3.420874,601780876713,8027.978,3.913699
"195","Colombia","COL",2014,3.455919,638356789320,7903.926,3.570165
"196","Comoros","COM",2010,NA,921505965,739.8978,-0.2646949
"197","Comoros","COM",2011,NA,964985453,790.5681,0.1241767
"198","Comoros","COM",2012,NA,1011778388,750.3146,0.5166091
"199","Comoros","COM",2013,NA,1062794336,796.7646,1.016651
"200","Comoros","COM",2014,NA,1100531416,810.0758,-0.3632144
"201","Congo, Dem. Rep.","ZAR",2010,0.8949932,38525355486,311.2479,3.679036
"202","Congo, Dem. Rep.","ZAR",2011,1.001247,42019985293,350.2707,3.492255
"203","Congo, Dem. Rep.","ZAR",2012,1.461596,45836065765,390.7066,3.798223
"204","Congo, Dem. Rep.","ZAR",2013,1.427733,50474796612,413.6971,5.121108
"205","Congo, Dem. Rep.","ZAR",2014,1.383951,55844108793,442.3395,5.66181
"206","Congo, Rep.","COG",2010,1.81873,22290692460,2953.185,5.668047
"207","Congo, Rep.","COG",2011,NA,23529134761,3453.221,0.6637597
"208","Congo, Rep.","COG",2012,NA,24861693076,3191.164,1.166289
"209","Congo, Rep.","COG",2013,2.605858,26100309457,3205.458,0.8949956
"210","Congo, Rep.","COG",2014,4.97194,28276523016,3147.072,4.157754
"211","Costa Rica","CRI",2010,NA,56374835972,7985.951,3.637864
"212","Costa Rica","CRI",2011,NA,60138221906,8963.68,3.263348
"213","Costa Rica","CRI",2012,NA,64381320881,9733.397,3.955031
"214","Costa Rica","CRI",2013,NA,67586573960,10461.58,2.288162
"215","Costa Rica","CRI",2014,NA,70974333847,10415.44,2.389077
"216","Cote d'Ivoire","CIV",2010,1.557966,53774598837,1236.085,-0.246515
"217","Cote d'Ivoire","CIV",2011,1.407831,52476906029,1231.868,-6.579708
"218","Cote d'Ivoire","CIV",2012,1.506707,59138290441,1281.383,8.091487
"219","Cote d'Ivoire","CIV",2013,NA,65552426100,1447.223,6.59274
"220","Cote d'Ivoire","CIV",2014,NA,72193008164,1545.942,5.927408
"221","Croatia","HRV",2010,1.702625,83800263100,13509.19,-1.449884
"222","Croatia","HRV",2011,1.777821,88057734647,14542.18,2.913909
"223","Croatia","HRV",2012,1.691269,90103577142,13235.98,-1.888002
"224","Croatia","HRV",2013,1.656485,90706286263,13574.98,-0.7879911
"225","Croatia","HRV",2014,1.531831,89897409771,13475.26,0.04626849
"226","Cuba","CUB",2010,3.326846,204236299147,5688.667,2.291532
"227","Cuba","CUB",2011,3.253219,214295881623,6092.614,2.662817
"228","Cuba","CUB",2012,3.937978,224718656286,6448.156,2.841277
"229","Cuba","CUB",2013,3.51317,2.34193e+11,6789.85,2.506426
"230","Cyprus","CYP",2010,1.891628,28146745562,30438.9,-1.226615
"231","Cyprus","CYP",2011,1.770948,28064704944,31836.62,-2.264453
"232","Cyprus","CYP",2012,1.664511,28124471336,28868.27,-3.860607
"233","Cyprus","CYP",2013,1.763348,26890857509,27910.62,-5.136481
"234","Cyprus","CYP",2014,1.822204,26368138357,27194.39,-1.355724
"235","Czech Republic","CZE",2010,1.206624,283342823122,19763.96,1.997475
"236","Czech Republic","CZE",2011,1.088504,300232333288,21656.94,1.756017
"237","Czech Republic","CZE",2012,1.039368,300939794171,19640.93,-1.038876
"238","Czech Republic","CZE",2013,0.999858,304418163953,19813.87,-0.5611601
"239","Czech Republic","CZE",2014,0.9854875,319599488597,19529.84,2.014111
"240","Denmark","DNK",2010,1.408168,231931594809,57647.67,1.174718
"241","Denmark","DNK",2011,1.323167,241284069588,61304.06,0.7365171
"242","Denmark","DNK",2012,1.372257,243569213747,57636.13,-1.028331
"243","Denmark","DNK",2013,1.257638,245833879589,59818.63,-0.9002203
"244","Denmark","DNK",2014,1.302213,2.53309e+11,60707.25,0.6468765
"245","Djibouti","DJI",2010,NA,2197162422,1358.461,2.153474
"246","Djibouti","DJI",2011,NA,2342710799,1472.014,3.102416
"247","Djibouti","DJI",2012,NA,2500247239,1586.78,3.457663
"248","Djibouti","DJI",2013,NA,2664375030,1683.43,3.605056
"249","Djibouti","DJI",2014,NA,2865449041,1813.597,4.594398
"250","Dominica","DMA",2010,NA,712826205,6937.256,0.431221
"251","Dominica","DMA",2011,NA,727543411,7023.353,-0.3291224
"252","Dominica","DMA",2012,NA,731300377,6768.294,-1.646105
"253","Dominica","DMA",2013,NA,746603746,7036.548,0.1466713
"254","Dominica","DMA",2014,NA,786877009,7244.496,3.396102
"255","Dominican Republic","DOM",2010,0.668999,108691499303,5441.966,6.877022
"256","Dominican Republic","DOM",2011,0.6006954,114064938249,5820.396,1.496475
"257","Dominican Republic","DOM",2012,0.5988634,119165850359,5967.001,1.336955
"258","Dominican Republic","DOM",2013,0.6057253,126719757776,5968.669,3.489886
"259","Dominican Republic","DOM",2014,0.6227412,138006693873,6163.576,6.056257
"260","Ecuador","ECU",2010,3.010551,136848941124,4657.302,1.838207
"261","Ecuador","ECU",2011,3.09511,150664137576,5223.378,6.144017
"262","Ecuador","ECU",2012,2.705729,162021913158,5702.168,3.982513
"263","Ecuador","ECU",2013,2.7834,171923850184,6051.611,2.939213
"264","Ecuador","ECU",2014,2.724506,180842611839,6345.841,2.099907
"265","Egypt, Arab Rep.","EGY",2010,2.053497,811979678007,2668.036,3.090375
"266","Egypt, Arab Rep.","EGY",2011,1.931588,843842460027,2816.667,-0.3007374
"267","Egypt, Arab Rep.","EGY",2012,1.751952,877819107241,3068.194,-0.04292663
"268","Egypt, Arab Rep.","EGY",2013,1.708407,909689356607,3104.22,-0.1669852
"269","Egypt, Arab Rep.","EGY",2014,1.757684,943267089823,3198.695,-0.042705
"270","El Salvador","SLV",2010,1.054239,44090542585,3547.071,1.080446
"271","El Salvador","SLV",2011,1.106357,45998442862,3821.339,1.931516
"272","El Salvador","SLV",2012,1.148083,47704961183,3921.72,1.595307
"273","El Salvador","SLV",2013,1.092773,49310169283,3998.739,1.556094
"274","El Salvador","SLV",2014,1.043169,51006165816,4119.992,1.650447
"275","Equatorial Guinea","GNQ",2010,NA,26527157785,17441.09,-6.669846
"276","Equatorial Guinea","GNQ",2011,NA,27599848772,22944.93,-1.07571
"277","Equatorial Guinea","GNQ",2012,NA,29713759224,23278.23,2.642478
"278","Equatorial Guinea","GNQ",2013,NA,28192439937,21497.89,-9.251918
"279","Equatorial Guinea","GNQ",2014,1.072396,28516791412,18918.28,-3.194952
"280","Eritrea","ERI",2010,NA,6093233028,451.4267,0.09971252
"281","Eritrea","ERI",2011,NA,6758835465,544.4624,6.412885
"282","Estonia","EST",2010,1.703302,28092221539,14641.4,2.696715
"283","Estonia","EST",2011,1.679903,31798623326,17453.75,7.910225
"284","Estonia","EST",2012,1.888256,33402707310,17490.99,5.559748
"285","Estonia","EST",2013,1.898516,34536536547,19155.42,1.929911
"286","Estonia","EST",2014,1.923589,35397144848,20161.58,3.247458
"287","Ethiopia","ETH",2010,1.133782,92272352853,341.859,9.645937
"288","Ethiopia","ETH",2011,1.090707,104704865663,355.589,8.336463
"289","Ethiopia","ETH",2012,0.8683621,115801785214,469.7923,5.898931
"290","Ethiopia","ETH",2013,0.8070515,129964349838,503.9026,7.813967
"291","Ethiopia","ETH",2014,0.7305708,145414752149,573.566,7.549061
"292","Faeroe Islands","FRO",2010,NA,NA,47381.52,NA
"293","Faeroe Islands","FRO",2011,NA,NA,50910.43,NA
"294","Faeroe Islands","FRO",2012,NA,NA,48695.17,NA
"295","Faeroe Islands","FRO",2013,NA,NA,54117.84,NA
"296","Fiji","FJI",2010,1.605129,6562284121,3651.958,1.985169
"297","Fiji","FJI",2011,1.610401,6493470337,4351.919,-3.874653
"298","Fiji","FJI",2012,1.488848,6718116315,4550.267,0.8407763
"299","Fiji","FJI",2013,1.384809,7183089611,4765.659,4.59412
"300","Fiji","FJI",2014,1.097873,7794005747,5112.322,6.225178
"301","Finland","FIN",2010,1.371994,205397643691,46205.17,2.522229
"302","Finland","FIN",2011,1.369947,216885348845,50787.56,2.096442
"303","Finland","FIN",2012,1.403453,217692078041,47415.56,-1.894099
"304","Finland","FIN",2013,1.406707,2.17651e+11,49492.83,-1.575706
"305","Finland","FIN",2014,1.3403,218440622388,49823.7,-0.8535685
"306","France","FRA",2010,2.334173,2.332312e+12,40705.77,1.463151
"307","France","FRA",2011,2.256658,2.438939e+12,43807.48,1.58672
"308","France","FRA",2012,2.238936,2.445463e+12,40850.35,-0.2709055
"309","France","FRA",2013,2.221052,2.478251e+12,42627.65,0.220543
"310","France","FRA",2014,2.201553,2.57197e+12,42732.57,-0.2462763
"311","Gabon","GAB",2010,0.8718302,24677227805,9312.049,6.693175
"312","Gabon","GAB",2011,NA,26972900730,11530.15,4.690826
"313","Gabon","GAB",2012,1.461246,28898919790,10642.43,2.890266
"314","Gabon","GAB",2013,1.444103,30983249561,10658.77,3.27889
"315","Gabon","GAB",2014,NA,32791696746,10772.06,2.008009
"316","Gambia, The","GMB",2010,NA,2745086943,562.5682,3.120442
"317","Gambia, The","GMB",2011,NA,2680483726,516.9843,-7.397034
"318","Gambia, The","GMB",2012,1.224354,2888561526,504.989,2.464004
"319","Gambia, The","GMB",2013,1.148388,3071759863,484.1127,1.42624
"320","Georgia","GEO",2010,3.902453,25907254868,2613.757,5.253208
"321","Georgia","GEO",2011,3.249262,28345977228,3219.606,6.469527
"322","Georgia","GEO",2012,3.141327,30638692113,3528.732,6.008327
"323","Georgia","GEO",2013,2.529113,32127565085,3596.908,3.40052
"324","Georgia","GEO",2014,2.346939,3.415e+10,3669.981,4.373344
"325","Germany","DEU",2010,1.353651,3.239361e+12,41788.04,4.239504
"326","Germany","DEU",2011,1.281112,3.447162e+12,45936.08,3.633713
"327","Germany","DEU",2012,1.31288,3.506642e+12,44010.93,2.117815
"328","Germany","DEU",2013,1.272715,3.553605e+12,46441.68,0.02450769
"329","Germany","DEU",2014,1.200864,3.704911e+12,47821.92,1.293424
"330","Ghana","GHA",2010,0.3806777,73475667938,1323.099,5.217215
"331","Ghana","GHA",2011,0.5922598,85526138706,1587.191,11.25178
"332","Ghana","GHA",2012,0.8041653,95151728068,1641.826,6.656688
"333","Ghana","GHA",2013,0.5333964,103631211855,1827.101,4.770162
"334","Ghana","GHA",2014,0.4790425,109334081602,1441.636,1.57061
"335","Greece","GRC",2010,2.72701,322089940650,26841.86,-5.194028
"336","Greece","GRC",2011,2.476949,295684149541,25872.01,-8.88545
"337","Greece","GRC",2012,2.407691,278085247530,22146.92,-7.046098
"338","Greece","GRC",2013,2.514177,279861678962,21719.23,-2.625709
"339","Greece","GRC",2014,2.257273,283554731863,21498.42,1.295224
"340","Grenada","GRD",2010,NA,1146410387,7365.667,-0.871482
"341","Grenada","GRD",2011,NA,1179028546,7410.761,0.3879275
"342","Grenada","GRD",2012,NA,1186328970,7583.546,-1.53577
"343","Grenada","GRD",2013,NA,1232327765,7956.142,1.940581
"344","Grenada","GRD",2014,NA,1321385460,8573.694,5.240613
"345","Guatemala","GTM",2010,0.4107557,96242296470,2805.951,0.675359
"346","Guatemala","GTM",2011,0.4142997,102317694817,3166.583,1.967835
"347","Guatemala","GTM",2012,0.4452742,107247768582,3278.629,0.8293651
"348","Guatemala","GTM",2013,0.4637936,112870485458,3432.022,1.569322
"349","Guatemala","GTM",2014,0.4487067,1.19384e+11,3673.136,2.136195
"350","Guinea","GIN",2010,NA,12632165581,430.0565,-0.8095905
"351","Guinea","GIN",2011,NA,13396928290,447.791,1.117884
"352","Guinea","GIN",2012,2.980528,14175308962,487.3457,1.151571
"353","Guinea","GIN",2013,3.089574,14717418752,521.5389,-0.439356
"354","Guinea","GIN",2014,3.846154,14991877564,539.6158,-2.272866
"355","Guinea-Bissau","GNB",2010,2.021237,2126401425,518.5984,2.044304
"356","Guinea-Bissau","GNB",2011,1.587439,2366252938,659.4838,6.467424
"357","Guinea-Bissau","GNB",2012,1.729234,2354937861,559.2248,-4.577444
"358","Guinea-Bissau","GNB",2013,NA,2397883496,538.7339,-2.098993
"359","Guinea-Bissau","GNB",2014,NA,2494670993,567.8226,0.07005425
"360","Guyana","GUY",2010,1.375437,4268619744,2998.941,4.008864
"361","Guyana","GUY",2011,1.258125,4593632875,3408.725,5.085475
"362","Guyana","GUY",2012,1.176457,4901321313,3759.377,4.467214
"363","Guyana","GUY",2013,1.182446,5234095779,3918.406,4.858966
"364","Guyana","GUY",2014,1.2398,NA,4053.902,NA
"365","Haiti","HTI",2010,NA,14715922850,662.2795,-6.883853
"366","Haiti","HTI",2011,NA,15849403538,740.9478,4.012657
"367","Haiti","HTI",2012,NA,16599415572,766.8722,1.445761
"368","Haiti","HTI",2013,NA,17562395047,810.3265,2.824606
"369","Haiti","HTI",2014,NA,18308620060,824.1598,1.381605
"370","Honduras","HND",2010,1.074457,31884663509,2110.822,2.061558
"371","Honduras","HND",2011,1.131309,33791210423,2323.757,2.234315
"372","Honduras","HND",2012,1.006037,35818018094,2395.073,2.584592
"373","Honduras","HND",2013,1.243217,37366506009,2356.517,1.312651
"374","Honduras","HND",2014,1.269886,39081348855,2434.827,1.627035
"375","Hong Kong SAR, China","HKG",2010,NA,331082582311,32550,5.986332
"376","Hong Kong SAR, China","HKG",2011,NA,354187869990,35142.49,4.112117
"377","Hong Kong SAR, China","HKG",2012,NA,366676718816,36707.77,0.5204848
"378","Hong Kong SAR, China","HKG",2013,NA,383573200201,38364.19,2.600372
"379","Hong Kong SAR, China","HKG",2014,NA,398903681446,40169.54,1.734076
"380","Hungary","HUN",2010,1.038364,215618710087,13009.35,0.971149
"381","Hungary","HUN",2011,1.051997,2.25393e+11,14032.77,2.046251
"382","Hungary","HUN",2012,1.03972,223766790703,12819.71,-1.179866
"383","Hungary","HUN",2013,0.9005088,232559448226,13585.43,2.170727
"384","Hungary","HUN",2014,0.8419634,2.43786e+11,14028.72,4.002412
"385","Iceland","ISL",2010,0.1502378,12272788398,41620.07,-3.44983
"386","Iceland","ISL",2011,0.1329603,12619535282,45970.89,1.677055
"387","Iceland","ISL",2012,0.1228957,12988375547,44258.84,0.6459664
"388","Iceland","ISL",2013,NA,13593646662,47493.25,2.917866
"389","Iceland","ISL",2014,NA,14185855068,52004.49,0.6377103
"390","India","IND",2010,2.707466,5.370599e+12,1387.88,8.75497
"391","India","IND",2011,2.622772,5.845362e+12,1471.658,5.231136
"392","India","IND",2012,2.526035,6.252659e+12,1449.665,3.738897
"393","India","IND",2013,2.448379,6.783639e+12,1455.102,5.570037
"394","India","IND",2014,2.432222,7.384099e+12,1581.511,5.97818
"395","Indonesia","IDN",2010,0.6175871,2.003952e+12,3125.22,4.839871
"396","Indonesia","IDN",2011,0.6537767,2.171519e+12,3647.627,4.784104
"397","Indonesia","IDN",2012,0.8465471,2.343797e+12,3700.524,4.649477
"398","Indonesia","IDN",2013,0.9186606,2.511435e+12,3623.532,4.221835
"399","Indonesia","IDN",2014,0.7901207,2.676109e+12,3491.93,3.709456
"400","Iran, Islamic Rep.","IRN",2010,2.899013,1.274417e+12,6299.919,5.310861
"401","Iran, Islamic Rep.","IRN",2011,2.411612,1.349502e+12,7874.485,2.465039
"402","Iran, Islamic Rep.","IRN",2012,2.165929,1.282943e+12,7710.513,-7.801452
"403","Iran, Islamic Rep.","IRN",2013,NA,1.27717e+12,6631.298,-3.177174
"404","Iran, Islamic Rep.","IRN",2014,NA,1.352085e+12,5442.875,3.019819
"405","Iraq","IRQ",2010,2.585389,383313651240,4487.366,3.308806
"406","Iraq","IRQ",2011,3.178757,420751532115,5839.313,4.361563
"407","Iraq","IRQ",2012,2.777338,487995392556,6650.229,10.56229
"408","Iraq","IRQ",2013,3.396267,527816513917,6882.407,3.416107
"409","Iraq","IRQ",2014,4.259231,524173779030,6420.372,-5.016962
"410","Ireland","IRL",2010,0.5790291,197088775993,48260.67,-0.1469548
"411","Ireland","IRL",2011,0.5377717,209038358675,52828.42,2.215124
"412","Ireland","IRL",2012,0.5152554,210031721225,48976.93,-0.06947313
"413","Ireland","IRL",2013,0.5018733,215632280012,51814.86,1.182895
"414","Ireland","IRL",2014,0.4748053,224893499302,54374.35,4.870387
"415","Israel","ISR",2010,6.249865,220605720300,30736.36,3.606987
"416","Israel","ISR",2011,5.914131,237433528960,33707.32,3.106976
"417","Israel","ISR",2012,5.684515,252538837177,32818.86,0.9980201
"418","Israel","ISR",2013,5.80239,263535475008,36281.2,1.342325
"419","Israel","ISR",2014,5.20446,272991404947,37207.99,0.6095179
"420","Italy","ITA",2010,1.694345,2.057881e+12,35877.87,1.39821
"421","Italy","ITA",2011,1.673666,2.131797e+12,38364.94,0.4139806
"422","Italy","ITA",2012,1.625964,2.114542e+12,34844.5,-3.079532
"423","Italy","ITA",2013,1.58853,2.109334e+12,35420.88,-2.879831
"424","Italy","ITA",2014,1.443497,2.128762e+12,34908.5,-2.233266
"425","Jamaica","JAM",2010,0.8743266,22054745401,4902.035,-1.834469
"426","Jamaica","JAM",2011,0.9262288,22897990167,5332.474,1.383586
"427","Jamaica","JAM",2012,0.9308408,23168389163,5445.895,-0.8959535
"428","Jamaica","JAM",2013,0.9005266,23642444186,5226.091,0.2912752
"429","Jamaica","JAM",2014,0.8606975,24152366189,5104.768,0.4465813
"430","Japan","JPN",2010,0.9789392,4.321149e+12,42909.23,4.633236
"431","Japan","JPN",2011,1.02364,4.386152e+12,46203.71,-0.2558979
"432","Japan","JPN",2012,1.007808,4.540945e+12,46679.27,1.957728
"433","Japan","JPN",2013,0.9905015,4.61263e+12,38633.71,1.791211
"434","Japan","JPN",2014,0.9952906,4.630941e+12,36194.42,0.05801235
"435","Jordan","JOR",2010,5.174283,66677702079,4370.721,0.1194759
"436","Jordan","JOR",2011,4.803535,69797089967,4665.954,0.3207652
"437","Jordan","JOR",2012,4.029052,72933787659,4896.688,0.4253067
"438","Jordan","JOR",2013,3.559505,76114737484,5200.285,0.5688783
"439","Jordan","JOR",2014,3.53853,79616417860,5422.571,0.8025267
"440","Kazakhstan","KAZ",2010,1.014416,313449177072,9070.65,5.795316
"441","Kazakhstan","KAZ",2011,0.9593104,343914789991,11357.95,5.97405
"442","Kazakhstan","KAZ",2012,1.069959,367593276627,12120.31,3.531594
"443","Kazakhstan","KAZ",2013,1.100208,395454851338,13611.54,4.482672
"444","Kazakhstan","KAZ",2014,1.064781,418878509417,12601.7,2.867216
"445","Kenya","KEN",2010,1.555138,100305570241,991.8505,5.557505
"446","Kenya","KEN",2011,1.541419,108633362952,1012.88,3.314995
"447","Kenya","KEN",2012,1.666475,115620561511,1184.923,1.794935
"448","Kenya","KEN",2013,1.566627,1.24017e+11,1257.203,2.90577
"449","Kenya","KEN",2014,1.344091,132530497155,1358.262,2.579553
"450","Kiribati","KIR",2010,NA,165614177,1465.505,-2.518461
"451","Kiribati","KIR",2011,NA,173665024,1645.81,0.7629925
"452","Kiribati","KIR",2012,NA,181750320,1641.197,0.9219812
"453","Kiribati","KIR",2013,NA,189942067,1556.526,1.147546
"454","Kiribati","KIR",2014,NA,199843759,1509.521,1.892032
"455","Korea, Rep.","KOR",2010,2.519229,1.505299e+12,22151.21,6.004658
"456","Korea, Rep.","KOR",2011,2.568432,1.559447e+12,24155.83,2.912989
"457","Korea, Rep.","KOR",2012,2.589192,1.601229e+12,24453.97,1.832106
"458","Korea, Rep.","KOR",2013,2.59954,1.661723e+12,25997.88,2.455235
"459","Korea, Rep.","KOR",2014,2.600873,1.732352e+12,27970.5,2.8916
"460","Kosovo","KSV",2010,NA,13791318647,3283.212,2.483066
"461","Kosovo","KSV",2011,NA,14726312525,3736.841,3.727165
"462","Kosovo","KSV",2012,NA,15411689979,3600.887,1.997301
"463","Kosovo","KSV",2013,NA,16179466985,3890.301,2.705561
"464","Kosovo","KSV",2014,NA,16615557798,4051.648,0.9391647
"465","Kuwait","KWT",2010,3.756148,220907355075,37725.14,-8.054682
"466","Kuwait","KWT",2011,3.501397,247177337170,47551.38,3.54631
"467","Kuwait","KWT",2012,3.413742,268287695231,50903.9,1.001313
"468","Kuwait","KWT",2013,3.343645,2.75414e+11,48463.15,-3.751457
"469","Kuwait","KWT",2014,NA,274899856055,43593.7,-5.801114
"470","Kyrgyz Republic","KGZ",2010,3.845817,14893084056,880.0378,-1.651753
"471","Kyrgyz Republic","KGZ",2011,3.398731,16105958461,1123.883,4.674716
"472","Kyrgyz Republic","KGZ",2012,3.207382,16380644373,1177.975,-1.738143
"473","Kyrgyz Republic","KGZ",2013,3.196219,18439391543,1282.437,8.735789
"474","Kyrgyz Republic","KGZ",2014,3.404425,19382497746,1269.139,1.567983
"475","Lao PDR","LAO",2010,0.2138346,24443399735,1147.095,6.665276
"476","Lao PDR","LAO",2011,0.2294981,26953553165,1300.98,6.233769
"477","Lao PDR","LAO",2012,0.2171895,29639067434,1445.869,6.252898
"478","Lao PDR","LAO",2013,NA,32628871449,1700.987,6.708273
"479","Lao PDR","LAO",2014,NA,35592859177,1793.47,5.75828
"480","Latvia","LVA",2010,1.093662,36492936623,11319.52,-1.756669
"481","Latvia","LVA",2011,1.045722,40063396534,13781.21,8.163078
"482","Latvia","LVA",2012,0.9124039,42291242695,13775.26,5.303307
"483","Latvia","LVA",2013,0.9383694,44373406239,15025.81,4.130959
"484","Latvia","LVA",2014,0.9571319,45525140209,15719.24,3.505838
"485","Lebanon","LBN",2010,4.17103,69170936949,8763.796,4.126245
"486","Lebanon","LBN",2011,4.058326,72014278181,9132.434,0.8080193
"487","Lebanon","LBN",2012,4.067145,74919852759,9729.282,1.001165
"488","Lebanon","LBN",2013,4.029238,76720524715,9870.486,-0.2836013
"489","Lebanon","LBN",2014,4.638857,79396692179,10057.89,0.8034875
"490","Lesotho","LSO",2010,3.230253,4397947834,1087.983,6.80863
"491","Lesotho","LSO",2011,2.305289,4670478082,1241.206,2.903931
"492","Lesotho","LSO",2012,2.233178,4991736600,1158.804,3.749364
"493","Lesotho","LSO",2013,2.161351,5292117180,1064.828,3.170727
"494","Lesotho","LSO",2014,2.186457,5564724726,1034.185,2.354845
"495","Liberia","LBR",2010,0.6542909,2706442396,326.6044,2.441069
"496","Liberia","LBR",2011,0.8587421,2988830567,378.8141,4.975302
"497","Liberia","LBR",2012,0.8421204,3285716931,414.1852,5.144405
"498","Liberia","LBR",2013,0.7849473,3624921904,453.3395,6.082617
"499","Liberia","LBR",2014,0.7762047,3696199375,457.8586,-1.851303
"500","Libya","LBY",2010,NA,179095337143,11933.78,4.06561
"501","Libya","LBY",2011,NA,69322560014,5517.78,-62.21435
"502","Libya","LBY",2012,3.647281,144300306966,13035.19,104.6576
"503","Libya","LBY",2013,NA,126602923036,10454.79,-13.31211
"504","Libya","LBY",2014,7.993643,97622066834,6573.387,-23.91497
"505","Liechtenstein","LIE",2010,NA,NA,140102,NA
"506","Liechtenstein","LIE",2011,NA,NA,157093,NA
"507","Liechtenstein","LIE",2012,NA,NA,149160.8,NA
"508","Lithuania","LTU",2010,3.034502,62165887852,11988.76,3.793653
"509","Lithuania","LTU",2011,2.734854,68258840649,14367.21,8.467146
"510","Lithuania","LTU",2012,2.648289,72001647509,14342.52,5.237631
"511","Lithuania","LTU",2013,2.639992,76070608697,15692.01,4.597946
"512","Lithuania","LTU",2014,2.690402,78336426894,16506.86,4.030181
"513","Luxembourg","LUX",2010,0.6325031,42853456585,103267.3,3.765128
"514","Luxembourg","LUX",2011,0.5233631,47207583282,113239.6,0.3111467
"515","Luxembourg","LUX",2012,0.4911174,48502540105,105447.1,-3.199907
"516","Luxembourg","LUX",2013,0.4727005,50840364591,113726.6,1.962699
"517","Luxembourg","LUX",2014,0.4581011,54307263774,116664.3,1.689867
"518","Macao SAR, China","MAC",2010,NA,51711924399,53045.99,24.34599
"519","Macao SAR, China","MAC",2011,NA,64017022099,67012.96,18.61642
"520","Macao SAR, China","MAC",2012,NA,71139311008,77078.82,6.997062
"521","Macao SAR, China","MAC",2013,NA,79893892631,90331.82,8.652317
"522","Macao SAR, China","MAC",2014,NA,80773460450,96038.05,-2.052722
"523","Macedonia, FYR","MKD",2010,1.382153,24069302032,4561.178,3.182206
"524","Macedonia, FYR","MKD",2011,1.262188,24049508705,5079.962,2.169234
"525","Macedonia, FYR","MKD",2012,1.225319,24570713132,4709.512,-0.6188781
"526","Macedonia, FYR","MKD",2013,1.174896,25841206940,5195.283,2.503506
"527","Macedonia, FYR","MKD",2014,1.177538,27278745467,5455.595,3.613478
"528","Madagascar","MDG",2010,0.6520425,28716620554,414.1428,-2.513811
"529","Madagascar","MDG",2011,0.7277071,29735787033,456.3293,-1.350421
"530","Madagascar","MDG",2012,0.6919118,31186034763,444.9585,0.1860726
"531","Madagascar","MDG",2013,0.6976469,32367137475,462.974,-0.5505831
"532","Madagascar","MDG",2014,0.6748042,33928262552,449.4008,0.4792679
"533","Malawi","MWI",2010,0.9258729,10845611289,365.5166,3.354144
"534","Malawi","MWI",2011,0.9382667,11550780163,369.6043,1.215805
"535","Malawi","MWI",2012,1.16812,11979877674,270.0875,-1.187711
"536","Malawi","MWI",2013,1.766379,12790620287,239.8697,2.018098
"537","Malawi","MWI",2014,1.210121,13716940874,255.0446,2.50197
"538","Malaysia","MYS",2010,1.511379,581371189357,9069.042,5.674411
"539","Malaysia","MYS",2011,1.613301,624786298314,10427.76,3.62271
"540","Malaysia","MYS",2012,1.493744,670813931259,10834.66,3.841778
"541","Malaysia","MYS",2013,1.497515,712899057111,10973.66,3.137594
"542","Malaysia","MYS",2014,1.454933,7.66645e+11,11307.06,4.444919
"543","Maldives","MDV",2010,NA,3780726013,6330.795,3.941587
"544","Maldives","MDV",2011,NA,4194858491,6497.55,5.825802
"545","Maldives","MDV",2012,NA,4376769905,6529.978,0.3666928
"546","Maldives","MDV",2013,NA,4650750312,7100.916,2.5685
"547","Maldives","MDV",2014,NA,5024399097,7635.484,4.356285
"548","Mali","MLI",2010,1.584477,22798373255,610.7906,2.516944
"549","Mali","MLI",2011,1.512674,23902828075,680.8279,-0.3755639
"550","Mali","MLI",2012,1.439597,24339267752,641.7938,-2.907752
"551","Mali","MLI",2013,1.405795,25123707942,659.5202,-1.233447
"552","Mali","MLI",2014,1.414561,27324200186,704.5074,4.095838
"553","Malta","MLT",2010,0.7194218,11055536263,19694.08,3.788952
"554","Malta","MLT",2011,0.6008309,11729408317,22347.71,0.9712762
"555","Malta","MLT",2012,0.5620263,11860592735,21176.31,0.3318468
"556","Malta","MLT",2013,0.5578168,12331541095,22776.19,1.947497
"557","Marshall Islands","MHL",2010,NA,180169671,3124.343,3.896721
"558","Marshall Islands","MHL",2011,NA,184170375,3290.029,-0.06265951
"559","Marshall Islands","MHL",2012,NA,192752676,3502.261,2.576051
"560","Marshall Islands","MHL",2013,NA,200206391,3602.854,2.103559
"561","Marshall Islands","MHL",2014,NA,201154463,3529.748,-1.180975
"562","Mauritania","MRT",2010,NA,11667890856,1207.827,2.163457
"563","Mauritania","MRT",2011,NA,12431042288,1390.929,1.78316
"564","Mauritania","MRT",2012,2.936947,13409540152,1282.785,3.33609
"565","Mauritania","MRT",2013,2.851377,14381756945,1306.008,3.066423
"566","Mauritania","MRT",2014,2.859271,15528207926,1274.977,3.820066
"567","Mauritius","MUS",2010,0.1530568,19110429069,7772.1,3.852856
"568","Mauritius","MUS",2011,0.1556294,20263009431,8984.63,3.720063
"569","Mauritius","MUS",2012,0.1455769,21286832912,9113.641,2.914201
"570","Mauritius","MUS",2013,0.1944448,22295346772,9479.87,2.972799
"571","Mauritius","MUS",2014,0.2602641,23434983928,10016.65,3.41259
"572","Mexico","MEX",2010,0.5616778,1.729768e+12,8851.351,3.601035
"573","Mexico","MEX",2011,0.5534118,1.893303e+12,9715.113,2.41065
"574","Mexico","MEX",2012,0.589175,1.967367e+12,9703.371,2.585155
"575","Mexico","MEX",2013,0.6226388,1.999143e+12,10172.72,0.02717095
"576","Mexico","MEX",2014,0.6691473,2.145089e+12,10325.65,0.888987
"577","Micronesia, Fed. Sts.","FSM",2010,NA,338796966,2838.449,2.868986
"578","Micronesia, Fed. Sts.","FSM",2011,NA,352882556,2998.642,2.191597
"579","Micronesia, Fed. Sts.","FSM",2012,NA,361244186,3147.679,0.5253093
"580","Micronesia, Fed. Sts.","FSM",2013,NA,353569432,3044.077,-3.749341
"581","Micronesia, Fed. Sts.","FSM",2014,NA,346520938,3057.091,-3.705565
"582","Middle income","MIC",2010,1.907694,3.865954e+13,3589.398,6.642767
"583","Middle income","MIC",2011,1.835238,4.192951e+13,4159.103,4.8046
"584","Middle income","MIC",2012,1.867992,4.488331e+13,4348.136,3.952177
"585","Middle income","MIC",2013,1.880211,4.796155e+13,4564.516,3.977091
"586","Middle income","MIC",2014,1.912947,5.117991e+13,4706.61,3.597869
"587","Moldova","MDA",2010,0.3155018,13698327018,1631.536,7.201074
"588","Moldova","MDA",2011,0.3273883,14877946210,1970.571,6.475898
"589","Moldova","MDA",2012,0.3276747,15039023521,2046.537,-0.6869724
"590","Moldova","MDA",2013,0.3351905,16697358261,2243.98,9.426103
"591","Moldova","MDA",2014,0.3461963,17720261361,2238.9,4.663706
"592","Monaco","MCO",2010,NA,NA,145221.2,NA
"593","Monaco","MCO",2011,NA,NA,163351.6,NA
"594","Mongolia","MNG",2010,0.7629972,20487738266,2650.347,4.675769
"595","Mongolia","MNG",2011,0.8372702,24526362150,3772.932,15.31755
"596","Mongolia","MNG",2012,0.9317779,28042513769,4377.239,10.34946
"597","Mongolia","MNG",2013,NA,31774452113,4387.707,9.659583
"598","Mongolia","MNG",2014,NA,34760320859,4129.374,5.945346
"599","Montenegro","MNE",2010,1.814348,8319086776,6682.281,2.27615
"600","Montenegro","MNE",2011,1.748969,8814760134,7318.745,3.120078
"601","Montenegro","MNE",2012,1.656463,8520641718,6586.721,-2.805621
"602","Montenegro","MNE",2013,1.486997,8874586435,7186.43,3.447968
"603","Montenegro","MNE",2014,1.712011,8915392046,7378.464,1.686641
"604","Morocco","MAR",2010,3.390796,207631092246,2857.673,2.520835
"605","Morocco","MAR",2011,3.297495,223034630237,3066.503,3.852736
"606","Morocco","MAR",2012,3.46275,233872326203,2931.4,1.582213
"607","Morocco","MAR",2013,3.791246,248573070523,3156.175,3.246171
"608","Morocco","MAR",2014,3.68027,258295681178,3190.31,0.9913752
"609","Mozambique","MOZ",2010,0.9768328,21779856569,417.5012,3.732755
"610","Mozambique","MOZ",2011,0.9052598,23811739934,524.8915,4.139765
"611","Mozambique","MOZ",2012,0.9112224,2.5984e+10,564.8125,4.215445
"612","Mozambique","MOZ",2013,0.9856645,28254519235,605.2344,4.169361
"613","Mozambique","MOZ",2014,1.01723,30736659575,585.6227,4.26944
"614","Myanmar","MMR",2012,3.975361,NA,1421.497,NA
"615","Myanmar","MMR",2013,4.035631,NA,1106.984,7.345988
"616","Myanmar","MMR",2014,3.688628,NA,1203.845,7.579215
"617","Namibia","NAM",2010,3.514744,18014918715,5143.131,4.043512
"618","Namibia","NAM",2011,3.574589,1.9323e+10,5539.615,2.909067
"619","Namibia","NAM",2012,3.166471,20665956414,5679.958,2.703562
"620","Namibia","NAM",2013,3.107136,22165269762,5435.489,3.205724
"621","Namibia","NAM",2014,4.215684,23921708645,5408.243,3.881445
"622","Nepal","NPL",2010,1.563666,52581800527,595.4275,3.711759
"623","Nepal","NPL",2011,1.540652,55503825717,695.8832,2.267615
"624","Nepal","NPL",2012,1.431832,59201629679,685.4968,3.557074
"625","Nepal","NPL",2013,1.528919,62564551048,692.3363,2.877662
"626","Nepal","NPL",2014,1.534532,66892835547,701.6801,4.109859
"627","Netherlands","NLD",2010,1.341542,743422338269,50341.25,0.8838761
"628","Netherlands","NLD",2011,1.303254,774363217660,53537.28,1.190542
"629","Netherlands","NLD",2012,1.250349,777074774133,49474.71,-1.422504
"630","Netherlands","NLD",2013,1.196653,785388563147,51425.08,-0.7883062
"631","Netherlands","NLD",2014,1.147004,803312784984,52172.17,0.7129588
"632","New Zealand","NZL",2010,1.328943,134994166592,33394.07,0.3199915
"633","New Zealand","NZL",2011,1.252022,141528801244,37896.85,1.441986
"634","New Zealand","NZL",2012,NA,NA,NA,1.619145
"635","New Zealand","NZL",2013,NA,NA,NA,1.690571
"636","Nicaragua","NIC",2010,0.5064736,22622820083,1523.481,1.9121
"637","Nicaragua","NIC",2011,0.5274202,24528765814,1679.748,4.950019
"638","Nicaragua","NIC",2012,0.6704655,26250476362,1779.867,3.893066
"639","Nicaragua","NIC",2013,0.7843123,27843302855,1824.988,3.304499
"640","Nicaragua","NIC",2014,0.7021438,29578055571,1963.055,3.514241
"641","Niger","NER",2010,1.169691,13099591317,351.0062,4.24655
"642","Niger","NER",2011,1.309804,13679084421,378.2005,-1.639997
"643","Niger","NER",2012,1.005393,15569666617,393.6434,7.443411
"644","Niger","NER",2013,NA,16525751380,418.4924,0.4632814
"645","Niger","NER",2014,NA,17923782017,427.3732,2.678176
"646","Nigeria","NGA",2010,0.5392311,800182442772,2314.964,4.986829
"647","Nigeria","NGA",2011,0.5792271,856618673551,2514.149,2.104025
"648","Nigeria","NGA",2012,0.5025411,909312073482,2739.852,1.508833
"649","Nigeria","NGA",2013,0.4696953,972644294426,2979.835,2.603613
"650","Nigeria","NGA",2014,0.4147188,1.049102e+12,3203.297,3.518654
"651","North America","NAC",2010,4.327894,1.633006e+13,48291.46,1.718272
"652","North America","NAC",2011,4.228542,1.694902e+13,50016.83,0.9164881
"653","North America","NAC",2012,3.918428,1.763604e+13,51590.15,1.463696
"654","North America","NAC",2013,3.537201,1.828443e+13,52918.65,1.389133
"655","North America","NAC",2014,3.266774,1.898835e+13,54195.1,1.600478
"656","Norway","NOR",2010,1.516512,287352901726,87646.27,-0.643457
"657","Norway","NOR",2011,1.451805,310740299177,100575.1,-0.3325182
"658","Norway","NOR",2012,1.401588,333049428144,101563.7,1.408048
"659","Norway","NOR",2013,1.409247,333427279945,102832.3,-0.4686245
"660","Norway","NOR",2014,1.355598,3.33131e+11,97307.42,1.077321
"661","Oman","OMN",2010,8.347673,135073709165,19920.65,-1.665079
"662","Oman","OMN",2011,9.814333,136358363675,21164.34,-9.295101
"663","Oman","OMN",2012,16.15662,148634702818,21533.81,-3.043549
"664","Oman","OMN",2013,14.95017,156751851392,20011.35,-5.707943
"665","Oman","OMN",2014,11.76441,163641808430,19309.61,-5.100756
"666","Other small states","OSS",2010,1.909814,159744548155,4229.451,2.869232
"667","Other small states","OSS",2011,NA,170678598636,5023.352,2.707939
"668","Other small states","OSS",2012,1.768049,180868402629,4887.073,2.309015
"669","Other small states","OSS",2013,1.673426,189657676629,4822.05,1.708836
"670","Other small states","OSS",2014,1.802721,199154511096,4802.58,1.767008
"671","Pacific island small states","PSS",2010,NA,10614567795,2890.894,1.550549
"672","Pacific island small states","PSS",2011,NA,10862959651,3386.847,-0.6466594
"673","Pacific island small states","PSS",2012,NA,11261556086,3537.281,0.6242144
"674","Pacific island small states","PSS",2013,NA,11799127340,3599.746,1.72258
"675","Pacific island small states","PSS",2014,NA,12554451731,3760.708,3.29562
"676","Pakistan","PAK",2010,3.423691,715833546670,1043.3,-0.4983746
"677","Pakistan","PAK",2011,3.285651,7.50693e+11,1230.815,0.6033071
"678","Pakistan","PAK",2012,3.484399,790969340036,1266.381,1.334922
"679","Pakistan","PAK",2013,3.472006,837813531763,1275.364,2.178217
"680","Pakistan","PAK",2014,3.442628,890315208211,1316.614,2.558258
"681","Palau","PLW",2010,NA,242932397,9004.637,1.162676
"682","Palau","PLW",2011,NA,268571560,9765.306,7.602777
"683","Palau","PLW",2012,NA,285883662,10397.76,3.813048
"684","Palau","PLW",2013,NA,284241727,10926.32,-2.797428
"685","Palau","PLW",2014,NA,311321491,11879.68,7.041161
"686","Panama","PAN",2010,NA,53772218031,7958.584,4.065361
"687","Panama","PAN",2011,NA,60793356944,9036.037,8.920815
"688","Panama","PAN",2012,NA,68226128114,10138.52,8.427735
"689","Panama","PAN",2013,NA,75026090780,11206.42,6.589301
"690","Panama","PAN",2014,NA,80811073456,11948.85,4.463902
"691","Papua New Guinea","PNG",2010,0.4768934,14535275349,1418.924,5.257181
"692","Papua New Guinea","PNG",2011,0.4986567,16418209555,1838.699,8.240465
"693","Papua New Guinea","PNG",2012,0.7187403,18064620702,2151.21,5.765651
"694","Papua New Guinea","PNG",2013,0.5390952,19349010952,2108.841,3.313793
"695","Papua New Guinea","PNG",2014,0.5903811,21306634685,2268.159,6.284095
"696","Paraguay","PRY",2010,1.078536,44351295738,3225.592,11.59909
"697","Paraguay","PRY",2011,1.203385,47232661526,3983.499,2.951686
"698","Paraguay","PRY",2012,1.378268,47484890737,3858.036,-2.5611
"699","Paraguay","PRY",2013,1.361462,54956866052,4497.435,12.51054
"700","Paraguay","PRY",2014,1.463377,58391810852,4712.823,3.334313
"701","Peru","PER",2010,1.316842,284275198855,5056.303,7.076983
"702","Peru","PER",2011,1.187282,308865167544,5731.347,5.070596
"703","Peru","PER",2012,1.234129,333118476305,6388.845,4.549057
"704","Peru","PER",2013,1.465799,357590704024,6603.81,4.363026
"705","Peru","PER",2014,1.380413,371334941443,6541.031,1.003059
"706","Philippines","PHL",2010,1.221594,513961260815,2145.24,6.016117
"707","Philippines","PHL",2011,1.205253,543770720549,2371.854,2.055703
"708","Philippines","PHL",2012,1.159047,590529699970,2604.656,4.9993
"709","Philippines","PHL",2013,1.241886,641613196800,2786.95,5.349841
"710","Philippines","PHL",2014,1.155849,690894464569,2872.512,4.454785
"711","Poland","POL",2010,1.83418,793902205198,12597.46,3.995442
"712","Poland","POL",2011,1.788317,8.57185e+11,13891.14,4.952064
"713","Poland","POL",2012,1.796571,888379405857,13142.05,1.561956
"714","Poland","POL",2013,1.769986,909269122286,13776.45,1.32586
"715","Poland","POL",2014,1.926837,940178694970,14342.91,3.455527
"716","Portugal","PRT",2010,1.980217,284674746145,22540,1.85192
"717","Portugal","PRT",2011,2.00265,284340514751,23194.74,-1.682348
"718","Portugal","PRT",2012,1.912137,2.83905e+11,20577.4,-3.638377
"719","Portugal","PRT",2013,2.115472,289157161368,21618.74,-0.5860508
"720","Portugal","PRT",2014,1.82535,2.95209e+11,22132.17,1.487142
"721","Puerto Rico","PRI",2010,NA,125626834414,26435.73,-2.118387
"722","Puerto Rico","PRI",2011,NA,125796598246,27219.39,-0.9655629
"723","Puerto Rico","PRI",2012,NA,124504608684,27752.04,-1.584877
"724","Puerto Rico","PRI",2013,NA,125630265379,28681.7,0.706749
"725","Qatar","QAT",2010,1.499939,220844500741,70870.23,7.781397
"726","Qatar","QAT",2011,NA,255552315251,89115.9,5.049575
"727","Qatar","QAT",2012,NA,272833772102,94407.41,-0.8538229
"728","Qatar","QAT",2013,NA,289585757154,96077,0.3181531
"729","Qatar","QAT",2014,NA,305499134442,96732.4,0.5900157
"730","Romania","ROM",2010,1.241812,335458218779,8297.484,-0.2074956
"731","Romania","ROM",2011,1.283903,355090546391,9200.278,1.554581
"732","Romania","ROM",2012,1.35486,369472222527,8577.289,1.090025
"733","Romania","ROM",2013,1.315985,383028587777,9587.178,3.916754
"734","Romania","ROM",2014,1.277307,386300175241,9996.67,3.1526
"735","Russian Federation","RUS",2010,3.850715,2.928122e+12,10675,4.456827
"736","Russian Federation","RUS",2011,3.687408,3.2266e+12,13323.88,4.182916
"737","Russian Federation","RUS",2012,4.021568,3.445923e+12,14078.83,3.23166
"738","Russian Federation","RUS",2013,4.224618,3.592401e+12,14487.28,1.125249
"739","Russian Federation","RUS",2014,4.547275,3.745157e+12,12735.92,-1.139392
"740","Rwanda","RWA",2010,1.307604,13399237561,553.5975,4.507532
"741","Rwanda","RWA",2011,1.176638,14749703250,606.9029,5.167393
"742","Rwanda","RWA",2012,1.105231,16334020118,667.4146,6.164311
"743","Rwanda","RWA",2013,1.096526,17353976452,678.9982,2.220554
"744","Rwanda","RWA",2014,1.089432,18833245236,695.6893,4.478851
"745","Samoa","WSM",2010,NA,984956783,3530.574,-0.2386692
"746","Samoa","WSM",2011,NA,1062963922,4063.564,4.944183
"747","Samoa","WSM",2012,NA,1086800390,4257.061,-0.3406683
"748","Samoa","WSM",2013,NA,1081689977,4179.598,-2.698472
"749","Samoa","WSM",2014,NA,1110599459,4172.217,0.4286507
"750","Sao Tome and Principe","STP",2010,NA,463560136,1142.182,2.227555
"751","Sao Tome and Principe","STP",2011,NA,495976460,1374.132,2.568102
"752","Sao Tome and Principe","STP",2012,NA,528050046,1488.048,2.34013
"753","Sao Tome and Principe","STP",2013,NA,558352214,1675.748,1.957098
"754","Sao Tome and Principe","STP",2014,NA,591869648,1810.722,2.260497
"755","Saudi Arabia","SAU",2010,8.588373,1.217779e+12,18753.98,2.221564
"756","Saudi Arabia","SAU",2011,7.24876,1.366704e+12,23256.1,7.293684
"757","Saudi Arabia","SAU",2012,7.697721,1.46615e+12,24883.19,2.856297
"758","Saudi Arabia","SAU",2013,9.004001,1.527724e+12,24646.02,0.2732167
"759","Saudi Arabia","SAU",2014,10.82245,1.603764e+12,24160.96,1.171349
"760","Senegal","SEN",2010,1.513505,27765733134,998.1197,1.162825
"761","Senegal","SEN",2011,1.594041,28838075191,1081.132,-1.287921
"762","Senegal","SEN",2012,1.400156,30636635377,1019.272,1.158829
"763","Senegal","SEN",2013,1.583355,32219403337,1051.376,0.4093546
"764","Senegal","SEN",2014,1.532127,34232612023,1067.132,1.497993
"765","Serbia","SRB",2010,2.210673,86077469255,5411.877,0.9896475
"766","Serbia","SRB",2011,2.12401,90946299490,6423.292,2.205167
"767","Serbia","SRB",2012,2.095175,92189416159,5659.38,-0.5337304
"768","Serbia","SRB",2013,2.020688,93275932554,6353.826,3.072056
"769","Serbia","SRB",2014,2.165871,90256204989,6152.867,-1.334835
"770","Seychelles","SYC",2010,0.7379154,1791058970,10805.06,3.028007
"771","Seychelles","SYC",2011,0.8174658,1972355862,12189.01,10.76849
"772","Seychelles","SYC",2012,0.8749571,2129028783,12844.86,5.004644
"773","Seychelles","SYC",2013,0.9344865,2303849167,15695.61,4.728478
"774","Seychelles","SYC",2014,1.064383,2414968238,15543.21,1.480341
"775","Sierra Leone","SLE",2010,0.9721505,7612701815,446.3418,2.99914
"776","Sierra Leone","SLE",2011,0.8783196,8122261704,490.8789,2.182257
"777","Sierra Leone","SLE",2012,0.7363917,9533885456,618.9473,12.74801
"778","Sierra Leone","SLE",2013,0.6258441,11699358901,783.0111,18.25629
"779","Sierra Leone","SLE",2014,0.7885068,12417276656,765.9592,2.344718
"780","Singapore","SGP",2010,3.429849,358406491408,46569.97,13.21782
"781","Singapore","SGP",2011,3.240115,388513485700,53121.23,4.015154
"782","Singapore","SGP",2012,3.163393,408991572889,54577.14,0.90901
"783","Singapore","SGP",2013,3.176161,433528915121,55979.76,2.764137
"784","Singapore","SGP",2014,3.196257,452690857402,56284.58,1.591855
"785","Sint Maarten (Dutch part)","SXM",2011,NA,1214600999,NA,NA
"786","Slovak Republic","SVK",2010,1.266325,132083479359,16554.89,4.983986
"787","Slovak Republic","SVK",2011,1.083066,135863610852,18138.73,2.709358
"788","Slovak Republic","SVK",2012,1.091011,139527899799,17207.28,1.350732
"789","Slovak Republic","SVK",2013,0.9827306,143908129674,18109.5,1.318998
"790","Slovak Republic","SVK",2014,0.9855684,150154817902,18501.15,2.425192
"791","Slovenia","SVN",2010,1.608055,56517698598,23438.87,0.7972387
"792","Slovenia","SVN",2011,1.297854,58533687215,24983.69,0.4404987
"793","Slovenia","SVN",2012,1.175382,58497379765,22477.6,-2.922404
"794","Slovenia","SVN",2013,1.061896,59058435951,23144.12,-1.191953
"795","Slovenia","SVN",2014,0.9905311,61789555982,23999.13,2.93515
"796","Small states","SST",2010,1.495773,265319595287,5204.475,1.140503
"797","Small states","SST",2011,NA,279624794146,5936.104,1.356074
"798","Small states","SST",2012,1.414453,293189066953,5894.905,1.31284
"799","Small states","SST",2013,1.363234,305529890789,5924.836,1.07395
"800","Small states","SST",2014,1.407256,318596231893,5965.714,1.186417
"801","Solomon Islands","SLB",2010,NA,921925182,1276.349,4.577557
"802","Solomon Islands","SLB",2011,NA,1062611217,1648.854,10.51909
"803","Solomon Islands","SLB",2012,NA,1132100736,1866.707,2.466246
"804","Solomon Islands","SLB",2013,NA,1183604037,1889.992,0.8972716
"805","Solomon Islands","SLB",2014,NA,1218975360,2024.19,-0.5302762
"806","Somalia","SOM",2013,2.525077e-05,NA,521.223,NA
"807","Somalia","SOM",2014,5.220058e-05,NA,542.6159,NA
"808","South Africa","ZAF",2010,1.115808,601497899167,7389.96,1.54643
"809","South Africa","ZAF",2011,1.102787,633638364274,8080.865,1.687551
"810","South Africa","ZAF",2012,1.129775,659331766441,7592.158,0.680491
"811","South Africa","ZAF",2013,1.129471,683960271007,6889.787,0.6437264
"812","South Africa","ZAF",2014,1.113878,704520889158,6482.821,-0.06276594
"813","South Asia","SAS",2010,2.671844,6.725866e+12,1285.102,7.510788
"814","South Asia","SAS",2011,2.595134,7.292579e+12,1382.53,4.817222
"815","South Asia","SAS",2012,2.512227,7.806628e+12,1374.358,3.779692
"816","South Asia","SAS",2013,2.449395,8.433108e+12,1390.765,5.050958
"817","South Asia","SAS",2014,2.424201,9.140971e+12,1504.159,5.459101
"818","South Sudan","SSD",2010,4.14069,37382086137,1563.904,0.9480671
"819","South Sudan","SSD",2011,5.905212,36383425753,1696.146,-8.756314
"820","South Sudan","SSD",2012,9.530754,19969343366,944.2828,-48.39241
"821","South Sudan","SSD",2013,7.406924,22927886470,1157.487,8.456045
"822","South Sudan","SSD",2014,8.154351,24047201328,1115.094,-0.5957656
"823","Spain","ESP",2010,1.029833,1.506787e+12,30737.83,-0.4456268
"824","Spain","ESP",2011,0.9397307,1.520544e+12,31832.24,-1.351241
"825","Spain","ESP",2012,1.038287,1.514893e+12,28647.84,-2.683513
"826","Spain","ESP",2013,0.9207076,1.516434e+12,29370.66,-1.349253
"827","Spain","ESP",2014,0.9216931,1.541156e+12,29767.35,1.831359
"828","Sri Lanka","LKA",2010,2.700746,168798250054,2746.612,6.954262
"829","Sri Lanka","LKA",2011,2.683158,186763202969,3128.695,7.282683
"830","Sri Lanka","LKA",2012,2.135709,207501328659,3366.51,12.0493
"831","Sri Lanka","LKA",2013,2.468692,217744369952,3628.268,2.613301
"832","Sri Lanka","LKA",2014,2.338805,230769818274,3819.158,3.668381
"833","St. Kitts and Nevis","KNA",2010,NA,1050412808,13226.95,-4.400812
"834","St. Kitts and Nevis","KNA",2011,NA,1090273256,13737.32,0.45554
"835","St. Kitts and Nevis","KNA",2012,NA,1096242762,13642.5,-2.426086
"836","St. Kitts and Nevis","KNA",2013,NA,1177330616,14498.63,4.551463
"837","St. Kitts and Nevis","KNA",2014,NA,1276870574,15510.39,5.644118
"838","St. Lucia","LCA",2010,NA,1838154088,7043.507,-2.936192
"839","St. Lucia","LCA",2011,NA,1889271950,7195.67,-0.3547548
"840","St. Lucia","LCA",2012,NA,1902874543,7248.235,-1.938008
"841","St. Lucia","LCA",2013,NA,1933904712,7319.524,-0.6386666
"842","St. Lucia","LCA",2014,NA,1971069833,7647.53,-0.2769075
"843","St. Vincent and the Grenadines","VCT",2010,NA,1062040933,6231.713,-3.41904
"844","St. Vincent and the Grenadines","VCT",2011,NA,1079375945,6183.677,-0.4464124
"845","St. Vincent and the Grenadines","VCT",2012,NA,1113921426,6337.77,1.386988
"846","St. Vincent and the Grenadines","VCT",2013,NA,1149399244,6591.566,1.67652
"847","St. Vincent and the Grenadines","VCT",2014,NA,1173136086,6668.886,0.5670575
"848","Sudan","SDN",2010,NA,146606716306,1421.533,0.6661181
"849","Sudan","SDN",2011,NA,146689215152,1596.445,7.32592
"850","Sudan","SDN",2012,NA,146015564110,1662.288,9.351884
"851","Sudan","SDN",2013,NA,153081586526,1726.08,1.147173
"852","Sudan","SDN",2014,NA,160129848958,1875.843,0.9117828
"853","Suriname","SUR",2010,NA,7366176807,8430.906,4.01688
"854","Suriname","SUR",2011,NA,7914263444,8448.504,4.201745
"855","Suriname","SUR",2012,NA,8303763649,9422.271,2.077352
"856","Suriname","SUR",2013,NA,8666644740,9618.351,1.890235
"857","Suriname","SUR",2014,NA,8955141744,9680.116,0.9350707
"858","Swaziland","SWZ",2010,2.892259,8933706999,2956.697,0.008873491
"859","Swaziland","SWZ",2011,2.148471,9239168347,4093.384,-0.2865977
"860","Swaziland","SWZ",2012,1.879917,9689768575,3988.667,1.418456
"861","Swaziland","SWZ",2013,1.902636,10124174649,3648.075,1.389482
"862","Swaziland","SWZ",2014,1.827296,10523588150,3477.149,0.959282
"863","Sweden","SWE",2010,1.205201,391322715277,52076.43,5.089186
"864","Sweden","SWE",2011,1.123182,413017649087,59593.68,1.892057
"865","Sweden","SWE",2012,1.147986,417609076968,57134.08,-1.021244
"866","Sweden","SWE",2013,1.128091,428042210295,60283.25,0.3869632
"867","Sweden","SWE",2014,1.15106,437803354326,58938.77,1.390041
"868","Switzerland","CHE",2010,0.7080806,401586143109,74277.12,1.887058
"869","Switzerland","CHE",2011,0.7143495,431626765442,88002.61,0.6788802
"870","Switzerland","CHE",2012,0.6901271,446683740874,83208.69,0.05654903
"871","Switzerland","CHE",2013,0.7378074,460258617587,84669.29,0.6053137
"872","Switzerland","CHE",2014,0.7459643,468769820844,85594.33,0.6344551
"873","Tajikistan","TJK",2010,0.9527626,15770264129,744.1899,4.157861
"874","Tajikistan","TJK",2011,1.093741,17286955073,841.2199,5.014448
"875","Tajikistan","TJK",2012,0.9990847,18917091955,962.4391,5.100794
"876","Tajikistan","TJK",2013,NA,20619690360,1048.66,5.004056
"877","Tajikistan","TJK",2014,1.12838,22322055384,1114.007,4.333378
"878","Tanzania","TZA",2010,0.9089238,91693558658,708.5219,3.040858
"879","Tanzania","TZA",2011,0.916153,100984255979,740.3839,4.533722
"880","Tanzania","TZA",2012,0.926955,1.08082e+11,827.5289,1.855283
"881","Tanzania","TZA",2013,0.9208989,117659473996,910.3792,3.919649
"882","Tanzania","TZA",2014,0.9624666,127690859692,955.1413,3.649234
"883","Thailand","THA",2010,1.455581,887632104534,5111.909,7.274863
"884","Thailand","THA",2011,1.487549,913511216941,5539.494,0.5157705
"885","Thailand","THA",2012,1.381712,998007247978,5917.918,6.905569
"886","Thailand","THA",2013,1.404514,1.041334e+12,6229.173,2.371513
"887","Thailand","THA",2014,1.415377,1.065673e+12,5977.381,0.4567604
"888","Timor-Leste","TMP",2010,2.825375,1969898718,875.8366,7.517349
"889","Timor-Leste","TMP",2011,1.804042,2202155132,1015.716,4.251559
"890","Timor-Leste","TMP",2012,2.578224,2384122568,1127.108,3.709635
"891","Timor-Leste","TMP",2013,2.402047,2486365494,1117.731,0.04828762
"892","Timor-Leste","TMP",2014,2.090614,2699317326,1169.039,4.175296
"893","Togo","TGO",2010,1.79117,7698450389,496.4825,1.211602
"894","Togo","TGO",2011,1.571313,8241131320,572.0257,2.083191
"895","Togo","TGO",2012,NA,8885081687,580.4951,3.095697
"896","Togo","TGO",2013,NA,9478954474,626.1729,2.339182
"897","Togo","TGO",2014,NA,10166292676,635.0443,2.938917
"898","Tonga","TON",2010,NA,504353064,3557.737,3.633574
"899","Tonga","TON",2011,NA,525159846,4226.693,1.58424
"900","Tonga","TON",2012,NA,537511613,4364.309,0.1851498
"901","Tonga","TON",2013,NA,530925188,4117.341,-3.018041
"902","Tonga","TON",2014,NA,550220382,4113.993,1.711527
"903","Trinidad and Tobago","TTO",2010,0.6800373,38923749725,15840.41,-0.5802083
"904","Trinidad and Tobago","TTO",2011,0.59845,39730065675,18287.4,-0.4948511
"905","Trinidad and Tobago","TTO",2012,0.6865608,40995979617,18322.32,0.8535689
"906","Trinidad and Tobago","TTO",2013,0.7987774,42330515444,20217.08,1.236669
"907","Trinidad and Tobago","TTO",2014,0.7608331,43299057266,21323.75,0.3524223
"908","Tunisia","TUN",2010,1.29665,1.08954e+11,4176.611,2.456056
"909","Tunisia","TUN",2011,1.559016,109071065746,4298.092,-3.08188
"910","Tunisia","TUN",2012,1.509423,115574478893,4187.544,3.092248
"911","Tunisia","TUN",2013,1.618347,1.20691e+11,4309.992,1.863661
"912","Tunisia","TUN",2014,1.864662,1.25753e+11,4420.698,1.667624
"913","Turkey","TUR",2010,2.427559,1.16815e+12,10111.52,7.573259
"914","Turkey","TUR",2011,2.210966,1.308344e+12,10584.16,7.451777
"915","Turkey","TUR",2012,2.257696,1.348311e+12,10646.04,0.8871949
"916","Turkey","TUR",2013,2.238834,1.409344e+12,10975.07,2.927163
"917","Turkey","TUR",2014,2.197884,1.457863e+12,10515.01,1.664322
"918","Turkmenistan","TKM",2010,NA,49556347757,4392.72,7.832615
"919","Turkmenistan","TKM",2011,NA,58014358232,5724.537,13.24666
"920","Turkmenistan","TKM",2012,NA,65612131535,6797.721,9.678546
"921","Turkmenistan","TKM",2013,NA,73381953125,7826.774,8.787897
"922","Turkmenistan","TKM",2014,NA,82121218423,9031.512,8.905435
"923","Tuvalu","TUV",2010,NA,31021363,3238.376,-2.917496
"924","Tuvalu","TUV",2011,NA,34338317,3993.5,8.266032
"925","Tuvalu","TUV",2012,NA,35015748,4044.194,0.01190324
"926","Tuvalu","TUV",2013,NA,35998845,3880.352,1.134076
"927","Tuvalu","TUV",2014,NA,37250135,3826.903,1.812635
"928","Uganda","UGA",2010,3.237031,50456016585,608.813,1.736647
"929","Uganda","UGA",2011,3.253449,56479238120,591.4386,6.116964
"930","Uganda","UGA",2012,1.482999,60029340654,656.3981,1.048102
"931","Uganda","UGA",2013,1.244825,62916467532,674.3416,-0.0407563
"932","Uganda","UGA",2014,1.220467,66908235114,714.5673,1.459717
"933","Ukraine","UKR",2010,2.733867,352542458919,2973.996,4.614795
"934","Ukraine","UKR",2011,2.258323,378531847053,3569.757,5.578854
"935","Ukraine","UKR",2012,2.353437,3.86098e+11,3855.421,0.4478996
"936","Ukraine","UKR",2013,2.392919,391851068952,4029.716,0.2279642
"937","Ukraine","UKR",2014,3.060066,370533589132,3082.461,-0.8498575
"938","United Arab Emirates","ARE",2010,6.119468,468494066787,34341.91,-5.978925
"939","United Arab Emirates","ARE",2011,5.503679,503068685412,39901.22,0.3264232
"940","United Arab Emirates","ARE",2012,5.094428,5.47402e+11,41712.12,4.292819
"941","United Arab Emirates","ARE",2013,6.085109,579566269878,42831.09,3.312349
"942","United Arab Emirates","ARE",2014,5.696582,614896592521,43962.71,4.039033
"943","United Kingdom","GBR",2010,2.416512,2.250494e+12,38292.87,0.7473263
"944","United Kingdom","GBR",2011,2.322798,2.314654e+12,41020.38,1.178411
"945","United Kingdom","GBR",2012,2.22377,2.395635e+12,41294.51,0.4779823
"946","United Kingdom","GBR",2013,2.096431,2.483661e+12,42309.04,1.512143
"947","United Kingdom","GBR",2014,2.022143,2.56507e+12,46331.98,2.296227
"948","United States","USA",2010,4.665615,1.496437e+13,48374.06,1.678272
"949","United States","USA",2011,4.583976,1.551793e+13,49781.36,0.827494
"950","United States","USA",2012,4.236672,1.616316e+13,51456.66,1.542404
"951","United States","USA",2013,3.815016,1.676805e+13,52980.04,1.448878
"952","United States","USA",2014,3.501428,1.7419e+13,54629.5,1.630533
"953","Uruguay","URY",2010,1.956122,56477081186,11938.28,7.431128
"954","Uruguay","URY",2011,1.755696,60618737181,14166.56,4.814368
"955","Uruguay","URY",2012,1.761245,63757573886,15127.64,2.984165
"956","Uruguay","URY",2013,1.857499,68007917238,16879.45,4.754464
"957","Uruguay","URY",2014,1.591644,71414080007,16806.77,3.148922
"958","Uzbekistan","UZB",2010,NA,117119630923,1377.082,5.480033
"959","Uzbekistan","UZB",2011,NA,129459345335,1544.828,5.431874
"960","Uzbekistan","UZB",2012,NA,142589673528,1719.036,6.618854
"961","Uzbekistan","UZB",2013,NA,156291483395,1877.965,6.326249
"962","Uzbekistan","UZB",2014,NA,171416127716,2036.692,6.291755
"963","Vanuatu","VUT",2010,NA,682514070,2965.752,-0.7437073
"964","Vanuatu","VUT",2011,NA,705126499,3275.024,-1.110706
"965","Vanuatu","VUT",2012,NA,730380441,3158.421,-0.5566433
"966","Vanuatu","VUT",2013,NA,755860064,3167.055,-0.3133936
"967","Vanuatu","VUT",2014,NA,784559998,3147.964,0.04473076
"968","Venezuela, RB","VEN",2010,0.8539244,470552831794,13581.35,-2.97394
"969","Venezuela, RB","VEN",2011,0.7535247,5.00326e+11,10754.59,2.647511
"970","Venezuela, RB","VEN",2012,1.302332,537961457365,12771.6,4.116598
"971","Venezuela, RB","VEN",2013,1.43091,553310362410,NA,-0.06882177
"972","Venezuela, RB","VEN",2014,NA,NA,NA,-5.306682
"973","Vietnam","VNM",2010,2.305049,382112687217,1333.584,5.312272
"974","Vietnam","VNM",2011,1.982099,414339189417,1543.027,5.142704
"975","Vietnam","VNM",2012,2.156886,443909725434,1755.265,4.14134
"976","Vietnam","VNM",2013,2.17685,474951115502,1908.64,4.321938
"977","Vietnam","VNM",2014,2.285508,510714838617,2052.294,4.790886
"978","Yemen, Rep.","YEM",2010,4.684923,101124724041,1310.054,0.5245533
"979","Yemen, Rep.","YEM",2011,5.187233,87639454154,1282.399,-17.34115
"980","Yemen, Rep.","YEM",2012,5.046534,91416226977,1289.034,-0.1980422
"981","Yemen, Rep.","YEM",2013,4.585438,96633974187,1408.146,1.502476
"982","Zambia","ZMB",2010,1.38249,44687008483,1456.127,7.052131
"983","Zambia","ZMB",2011,1.302959,48500570490,1654.525,3.179569
"984","Zambia","ZMB",2012,1.388952,52694234458,1686.618,3.532572
"985","Zambia","ZMB",2013,1.422033,57069720291,1759.193,3.497191
"986","Zambia","ZMB",2014,1.637512,61376523104,1721.623,2.795615
"987","Zimbabwe","ZWE",2010,1.043211,19016741422,674.2687,9.360237
"988","Zimbabwe","ZWE",2011,1.811189,21720130515,768.5564,9.694122
"989","Zimbabwe","ZWE",2012,2.568218,24446028322,850.8277,8.212858
"990","Zimbabwe","ZWE",2013,2.644136,25922804202,905.5003,2.151417
"991","Zimbabwe","ZWE",2014,2.592817,27313163340,931.1982,1.479476
