"","X1.x","CountryName","CountryCode","finalrank_comm","X1.y","rank_eng1","rank_eng2","score_edu","finalrank_edu","X1.x.x","mean_CO2","finalrank_emission","X1.y.y","finalrank_env","X1.x.x.x","Year.x","SN.ITK.DFCT","finalrank_deficit","X1.y.y.y","rank_gen","score_gen","finalrank_gen","X1.x.x.x.x","finalrank_pop1","finalrank_pop2","finalrank_pop3","score_pop","finalrank_pop","X1.y.y.y.y","Year.y","SL.EMP.WORK.ZS","finalrank_empl","X1.x.x.x.x.x","finalrank_eng1","finalrank_eng2","finalrank_eng3","finalrank_eng4","score_eng","finalrank_eng","X1.y.y.y.y.y","IC.LGL.CRED.XQ","rank.legal","VC.IHR.PSRC.P5","rank.homi","finalscore_security","X1.x.x.x.x.x.x","Year","ST.INT.DPRT","SP.POP.TOTL","finalrank_tourism","X1.y.y.y.y.y.y","finalrank_mil","finalrank_ppp","finalrank_gdp","finalrank_gdpg","finalrank_infl","score_gdp","finalrank_GDP","X1.x.x.x.x.x.x.x","SL.UEM.NEET.ZS","SP.DYN.IMRT.IN","rank.imr","rank.neet","finalscore_child","X1.y.y.y.y.y.y.y","finalrank_diversity","X1.x.x.x.x.x.x.x.x","finalrank_hpi1","finalrank_hpi2","finalrank_hpi3","score_hpi","finalrank_hpi","X1.y.y.y.y.y.y.y.y","mean_na","finalrank_neg","X1","mean_pa","finalrank_pos"
"1",1,"Afghanistan","AFG",172.5,73,120,121,120.5,120,1,0.36409925,35,1,200,1,2014,155,69,1,48,48,50,1,71,123,175,123,161.5,NA,NA,NA,NA,1,59,61,60,60,60,100,1,9,4,6.450818,121,70,NA,NA,NA,NA,NA,1,79,99,182,67,130,111.4,128,1,17.3627358490566,66.3,147,54,126,31,31,1,105,40,87,77.3333333333333,126,1,0.293500299333333,106,1,0.590264717888889,23
"2",2,"Albania","ALB",98.5,56,36,39,37.5,36,2,1.561335,77,2,122,NA,NA,NA,NA,2,81,81,85,2,123,17,47,62.3333333333333,30.5,43,2013,40.2,98,2,1,122,41,73,59.25,96,2,7,7,4.028823,99,58,1,2013,3928000,2897366,10,2,73,118,112,86,69,91.6,86,2,30.54,12.5,57,88,81,147,147,2,34,23,11,22.6666666666667,23,2,0.299852828111111,114,2,0.639670875444444,42
"3",3,"Algeria","DZA",142.5,NA,NA,NA,NA,NA,3,3.312975,110,3,175,2,2014,24,16,3,32,32,34,3,28,53.5,79,53.5,16,1,2014,70.9,62,3,1,5,129,96,57.75,91,3,2,13,1.25025,38,24,89,2012,1911000,38186135,87,3,149,32,104,121,107,102.6,113.5,3,22.8,21.9,84,74,91,111,111,3,63,22,25,36.6666666666667,53,NA,NA,NA,NA,NA,NA
"4",4,"Andorra","ADO",72,NA,NA,NA,NA,NA,4,6.0467275,144,5,110.5,NA,NA,NA,NA,4,17,17,17,NA,NA,NA,NA,NA,NA,NA,NA,NA,NA,NA,NA,NA,NA,NA,NA,NA,NA,NA,NA,NA,NA,NA,NA,NA,NA,NA,NA,NA,NA,NA,NA,NA,NA,NA,NA,4,17.3627358490566,2.1,5,54,23,NA,NA,NA,NA,NA,NA,NA,NA,NA,NA,NA,NA,NA,NA
"5",5,"Angola","AGO",162,6,110,100,105,105,5,1.377831,70,6,61.5,3,2014,114,60,5,22,22,22,4,35,115,195,115,140,NA,NA,NA,NA,4,66,144,24,121,88.75,155,4,1,14,10.84578,163,101,NA,NA,NA,NA,NA,4,140,64,106,119.25,167,119.25,141,5,17.3627358490566,96,156,54,135,29,29,NA,NA,NA,NA,NA,NA,3,0.351173088,136,3,0.61333888775,34
"6",6,"Antigua and Barbuda","ATG",62,NA,NA,NA,NA,NA,6,5.9175365,141,7,170,NA,NA,NA,NA,6,138,138,150,5,159,111.5,64,111.5,136,NA,NA,NA,NA,NA,NA,NA,NA,NA,NA,NA,5,5,10,11.22525,165,100,NA,NA,NA,NA,NA,NA,NA,NA,NA,NA,NA,NA,NA,6,17.3627358490566,5.8,27,54,37,NA,NA,NA,NA,NA,NA,NA,NA,NA,NA,NA,NA,NA,NA
"7",7,"Argentina","ARG",24,7,34,32,33,27.5,7,4.4521605,126,8,163,4,2014,6,3,7,25,25,25,6,27,75,63,55,18,44,2013,75.3,54,5,3,54,101,63,55.25,79,6,2,13,7.033634,128,78,2,2013,7544000,42538304,60,5,21,49.6666666666667,63,65,49.6666666666667,49.6666666666667,8,7,18.6,11.1,49,58,52,120,120,4,41,14,17,24,25.5,4,0.271502772272727,90,4,0.843868131181818,137
"8",8,"Armenia","ARM",92,74,13,9,11,10.5,8,1.5473275,76,9,152,5,2014,41,27,8,141,141,153,7,122,28,81,77,66,45,2013,57.2,81,6,1,45,71,80,49.25,62,7,5,10,2.018127,63,37,3,2013,1083000,2992192,45,6,143,132,124,43,121,112.6,132,8,40.9,12.6,58,95,86,141,141,5,43,37,57,45.6666666666667,78,5,0.432349367545455,150,5,0.536160238818182,4
"9",9,"Aruba","ABW",20,104,41,40,40.5,41.5,9,24.052555,199,10,203,NA,NA,NA,NA,NA,NA,NA,NA,8,200,134.5,69,134.5,180,121,2010,89.3,19,7,22,44,33,33,33,14,NA,NA,NA,NA,NA,NA,NA,NA,NA,NA,NA,NA,NA,NA,NA,NA,NA,NA,NA,NA,NA,NA,NA,NA,NA,NA,NA,NA,NA,NA,NA,NA,NA,NA,NA,NA,NA,NA,NA
"10",10,"Australia","AUS",21,NA,NA,NA,NA,NA,10,16.615055,191,11,120,NA,NA,NA,NA,9,51,51,53,9,4,46,10,20,3,46,2013,89.6,18,8,1,52,108,12,43.25,47,8,11,2,1.072805,33,15,4,2013,8768000,23125868,43,7,98,20,9,130,70,65.4,30,9,9.84,3,12,25,13,140,140,6,10,6,82,32.6666666666667,46.5,6,0.2169753162,49,6,0.8131091117,117
"11",11,"Austria","AUT",11,57,71,NA,NA,123,11,7.948838,166,12,27.5,NA,NA,NA,NA,10,39,39,41,10,121,23,24,56,20,2,2014,86.7,29,9,1,118,50,17,46.5,53.5,9,5,10,0.7143091,13,8,5,2013,10671000,8479375,12,8,22,41,18,139,59,55.8,10,10,7.7,2.9,11,18,8,145,145,7,14,5,34,17.6666666666667,9.5,7,0.166595228888889,9,7,0.800320360333333,108
"12",12,"Azerbaijan","AZE",85,1,3,4,3.5,2.5,12,3.5178025,113,13,150,6,2014,11,6,11,109,109,119,11,129,126,123,126,169,47,2013,33.5,105,10,1,26,123,75,56.25,84,10,2,13,2.358848,67,41,6,2013,4285000,9416801,39,9,148,63,86,106,100.75,100.75,108,11,17.3627358490566,27.9,96,54,84,129,129,NA,NA,NA,NA,NA,NA,8,0.243322147454545,72,8,0.562814544545455,12
"13",13,"Bahamas","BHS",106,NA,NA,NA,NA,NA,NA,NA,NA,14,126,NA,NA,NA,NA,12,123,123,134,12,59,67,75,67,40.5,NA,NA,NA,NA,11,1,18,9.5,9.5,9.5,3,11,6,8,29.70479,187,114,NA,NA,NA,NA,NA,NA,NA,NA,NA,NA,NA,NA,NA,12,17.3627358490566,9.9,45,54,47,NA,NA,NA,NA,NA,NA,NA,NA,NA,NA,NA,NA,NA,NA
"14",14,"Bahrain","BHR",1,105,66,54,60,61.5,14,18.191175,193,15,180,NA,NA,NA,NA,13,153,153,165,13,210,133.5,57,133.5,177,122,2010,96.8,3,12,10,48,131,3,48,57,12,1,14,0.545038,6,5,NA,NA,NA,NA,NA,10,141,98,42,120,52,90.6,84.5,13,17.3627358490566,5.3,25,54,36,68,68,NA,NA,NA,NA,NA,NA,NA,NA,NA,NA,NA,NA
"15",15,"Bangladesh","BGD",167,8,104,109,106.5,106,15,0.37118855,37,16,172,7,2014,118,61,14,85,85,90,14,206,30,116,117.333333333333,149,112,2011,29.4,106,13,46,123,61,118,87,150.5,13,6,8,2.792111,78,45,NA,NA,NA,NA,NA,11,56,37,171,22,147,86.6,72,14,40.3,30.7,101,94,120,124,124,8,72,31,7,36.6666666666667,53,9,0.248836812545455,75,NA,NA,NA
"16",16,"Barbados","BRB",64,NA,NA,NA,NA,NA,16,5.505258,136,17,189,8,2014,23,15,15,101,101,109.5,15,203,135.5,68,135.5,182,48,2013,83.2,42,14,22,57,39.5,39.5,39.5,28,14,7,7,8.441813,146,86,NA,NA,NA,NA,NA,NA,NA,NA,NA,NA,NA,NA,NA,15,17.3627358490566,12,55,54,54,NA,NA,NA,NA,NA,NA,NA,NA,NA,NA,NA,NA,NA,NA
"17",17,"Belarus","BLR",66.5,NA,NA,NA,NA,NA,17,6.61953,153,18,88,NA,NA,NA,NA,16,49,49,51,16,67,4,111,60.6666666666667,29,NA,NA,NA,NA,15,1,48,102,54,51.25,66,15,2,13,3.634271,94,59,7,2013,708000,9466000,75,12,65,61,90,50,66.5,66.5,33,16,17.3627358490566,3.4,16,54,31,100,100,9,44,21,79,48,85,10,0.217545085181818,51,NA,NA,NA
"18",18,"Belgium","BEL",46,NA,NA,NA,NA,NA,18,9.419687,174,19,66,NA,NA,NA,NA,17,16,16,16,17,188,14,30,77.3333333333333,67,3,2014,85.4,34,16,1,49,53,19,30.5,11,16,4,11,1.764318,57,34,8,2013,10818000,11182817,17,13,37,34,21,153,49,58.8,15,17,12.05,3.3,15,39,19,65,65,10,19,9,70,32.6666666666667,46.5,11,0.2391787766,67,9,0.8070986212,112
"19",19,"Belize","BLZ",157.5,NA,NA,NA,NA,NA,19,1.6963065,83,20,11,9,2014,41,27,18,166,166,178.5,18,26,76.5,127,76.5,64,NA,NA,NA,NA,17,1,104,52.5,52.5,52.5,70.5,17,4,11,45.09472,197,120,NA,NA,NA,NA,NA,14,38,171,109,144,6,93.6,91,18,27.87,14.2,65,83,82,NA,NA,11,57,17,23,32.3333333333333,45,12,0.266100064,88,10,0.7568803425,88
"20",20,"Benin","BEN",156,NA,NA,NA,NA,NA,20,0.5258667,41,21,37,10,2014,62,36,19,155,155,167,19,116,80,177,124.333333333333,167,123,2010,8.1,121,18,64,139,26,76.3333333333333,76.3333333333333,135,18,6,8,6.32845,120,72,NA,NA,NA,NA,NA,15,32,136,174,104,61,101.4,109,19,20,64.2,144,67,136,55,55,12,106,43,109,86,137.5,13,0.29748475375,112,11,0.6089127065,33
"21",21,"Bermuda","BMU",64,NA,NA,NA,NA,NA,21,6.698623,154,22,152,NA,NA,NA,NA,NA,NA,NA,NA,20,207,117.5,28,117.5,151.5,91,2012,82.4,44,NA,NA,NA,NA,NA,NA,NA,NA,NA,NA,NA,NA,NA,NA,NA,NA,NA,NA,NA,NA,NA,NA,NA,NA,NA,NA,NA,NA,NA,NA,NA,NA,NA,NA,NA,NA,NA,NA,NA,NA,NA,NA,NA,NA,NA,NA
"22",22,"Bhutan","BTN",138,NA,NA,NA,NA,NA,22,0.7216753,52,23,5,NA,NA,NA,NA,20,152,152,164,21,37,62,134,77.6666666666667,70.5,92,2012,27.5,108,19,38,180,109,109,109,174,19,4,11,2.470447,69,41,NA,NA,NA,NA,NA,NA,NA,NA,NA,NA,NA,NA,NA,20,17.3627358490566,27.2,95,54,83,58,58,13,75,22,44,47,81,14,0.284345691666667,98,12,0.815743068666667,120
"23",23,"Bolivia","BOL",129,58,45,56,50.5,51,23,1.573579,78,24,27.5,11,2014,128,65,21,2,2,2,22,16,88,141,81.6666666666667,79.5,113,2011,39.5,99,20,24,106,70,108,77,136,20,0,15,12.09497,168,107,9,2013,837000,10399931,72,16,83,92,138,49,126,97.6,104,21,17.3627358490566,30.6,100,54,87,32,32,14,85,19,73,59,101,15,0.389270839272727,147,13,0.775780764272727,101
"24",24,"Bosnia and Herzegovina","BIH",109,9,23,29,26,23,24,5.855323,140,25,131.5,NA,NA,NA,NA,22,77,77,80,23,94,77.5,61,77.5,68.5,49,2013,74.6,56,21,1,77,106,61,61.25,106,21,7,7,1.219298,37,20,NA,NA,NA,NA,NA,17,52,108,110,135,15,84,67,22,17.3627358490566,5.1,24,54,35,41,41,15,32,32,60,41.3333333333333,68,16,0.325207127444444,131,14,0.566111187222222,13
"25",25,"Botswana","BWA",80,10,74,78,76,76,25,2.439319,98,26,55,12,2014,197,78,23,145,145,157,24,11,83,155,83,81,124,2010,68.2,66,22,53,99,48,88,72,126,22,5,10,15.38586,175,108,NA,NA,NA,NA,NA,18,112,112,89,30,136,95.8,99,23,17.3627358490566,34.8,111,54,97,104,104,16,80,31,99,70,115,17,0.216550769222222,47,15,0.714012358111111,76
"26",26,"Brazil","BRA",51.5,11,54,72,63,66.5,26,2.1524045,91,27,13,13,2014,12,7,24,144,144,156,25,45,97,93,78.3333333333333,73,50,2013,68.7,64,23,5,130,38,71,61,104.5,23,2,13,26.54254,186,116,10,2013,8666000,204259377,90,19,74,7,66,92,128,73.4,46.5,24,19.62,14.6,67,65,70,70,70,17,53,12,21,28.6666666666667,36,18,0.289431511090909,104,16,0.803003235272727,110
"27",27,"Brunei Darussalam","BRN",74,75,32,45,38.5,38.5,27,23.132615,198,28,3,14,2014,16,9,NA,NA,NA,NA,26,102,73,44,73,53,NA,NA,NA,NA,24,36,2,133,15,46.5,53.5,24,4,11,0.4735111,5,3,NA,NA,NA,NA,NA,20,124,116,29,179,3,90.2,82,25,17.3627358490566,8.6,40,54,44,NA,NA,NA,NA,NA,NA,NA,NA,NA,NA,NA,NA,NA,NA
"28",28,"Bulgaria","BGR",56,76,72,28,50,50,28,6.3406335,147,29,32.5,NA,NA,NA,NA,25,83,83,87,27,84,54,83,73.6666666666667,56.5,4,2014,87.5,26,25,1,79,58,42,45,50,25,9,4,1.500183,48,25,11,2013,3930000,7265115,33,21,88,76,82,113,36,79,56,26,20.24,9.3,43,68,56,114,114,18,42,37,86,55,94.5,19,0.233905565,65,17,0.595287025125,24
"29",29,"Burkina Faso","BFA",174,NA,NA,NA,NA,NA,29,0.11382685,14,30,107,15,2014,167,71,26,120,120,130.5,28,82,131.5,181,131.5,175,NA,NA,NA,NA,26,92,165,128.5,128.5,128.5,183.5,26,6,8,0.7205289,14,7,NA,NA,NA,NA,NA,22,69,126,178,78,12,92.6,88,27,17.3627358490566,60.9,142,54,121,40,40,19,110,38,94,80.6666666666667,130,20,0.2810289038,95,18,0.6042865455,26
"30",30,"Burundi","BDI",201,NA,NA,NA,NA,NA,30,0.020946005,1,31,169,NA,NA,NA,NA,27,42,42,44,29,193,190,187,190,201,125,2010,5.9,122,27,95,186,140.5,140.5,140.5,191,27,2,13,4.194306,101,62,NA,NA,NA,NA,NA,23,110,156,198,138,159,152.2,155,28,17.3627358490566,54.1,136,54,116,108,108,20,113,42,103,86,137.5,21,0.2144634725,46,19,0.60622275625,31
"31",31,"Cabo Verde","CPV",98.5,59,69,82,75.5,75,31,0.7286463,53,32,186,16,2014,71,40,28,78,78,81.5,30,137,121,105,121,158,NA,NA,NA,NA,28,39,91,65,65,65,114,28,2,13,10.64076,162,100,NA,NA,NA,NA,NA,24,8,168,123,131,53,96.6,102,29,17.3627358490566,20.7,83,54,75,NA,NA,NA,NA,NA,NA,NA,NA,NA,NA,NA,NA,NA,NA
"32",32,"Cambodia","KHM",107,NA,NA,NA,NA,NA,32,0.29981195,31,33,15.5,17,2014,111,59,29,84,84,88,31,110,25,142,92.3333333333333,95.5,93,2012,35.8,102,29,72,153,15,123,90.75,158.5,29,11,2,1.837102,60,31,12,2013,872000,15078564,85,25,90,105,169,18,95,95.4,97.5,30,7.8,24.6,92,19,56,131,131,21,76,39,58,57.6666666666667,99,22,0.362328365363636,142,NA,NA,NA
"33",33,"Cameroon","CMR",163,106,106,99,102.5,102,33,0.29690955,30,34,80,18,2014,66,37,30,37,37,39,32,70,130,190,130,174,126,2010,20.3,112,30,51,158,17,119,86.25,148,30,6,8,2.770201,76,44,NA,NA,NA,NA,NA,26,71,96,160,95,58,96,100,31,10.79,57.1,140,30,101,6,6,22,112,37,98,82.3333333333333,132,23,0.282680392363636,97,20,0.624742936090909,38
"34",34,"Canada","CAN",81.5,NA,NA,NA,NA,NA,34,14.36243,188,35,115,NA,NA,NA,NA,31,59,59,61,33,10,40,18,22.6666666666667,5,5,2014,91.2,12,31,1,89,59,7,39,25.5,31,9,4,1.439368,45,22,13,2013,32977000,35158304,18,27,45,15,16,119,35,46,6,32,13.29,4.3,20,42,25,60,60,23,15,5,68,29.3333333333333,37,24,0.245020522363636,73,21,0.858124662636364,143
"35",35,"Caribbean small states","CSS",103,107,82,71,76.5,77,35,9.84873,175,36,41.5,19,2014,57.53753,33,32,93,93,99.5,34,33,72.5,112,72.5,51,NA,NA,NA,NA,32,18,42,120,60,60,100,32,5.461538,9,34.14234,192,118,NA,NA,NA,NA,NA,28,25,79,74,156,64,79.6,57,33,17.3627358490566,16.76787,71,54,66,NA,NA,NA,NA,NA,NA,NA,NA,NA,NA,NA,NA,NA,NA
"36",36,"Cayman Islands","CYM",15,NA,NA,NA,NA,NA,36,10.23919,176,37,119,NA,NA,NA,NA,NA,NA,NA,NA,NA,NA,NA,NA,NA,NA,51,2013,91.5,11,NA,NA,NA,NA,NA,NA,NA,NA,NA,NA,NA,NA,NA,NA,NA,NA,NA,NA,NA,NA,NA,NA,NA,NA,NA,NA,NA,NA,NA,NA,NA,NA,NA,NA,NA,NA,NA,NA,NA,NA,NA,NA,NA,NA,NA,NA
"37",37,"Central African Republic","CAF",197,108,121,119,120,119,37,0.061263075,5,38,57,20,2014,287,91,192,129,129,140.5,35,14,106.5,199,106.5,126.5,NA,NA,NA,NA,33,93,160,126.5,126.5,126.5,181.5,33,6,8,13.64892,173,105,98,2010,38000,4710678,99,29,123,165,193,191,68,148,154,34,17.3627358490566,91.5,155,54,134,20,20,NA,NA,NA,NA,NA,NA,25,0.33953714375,134,22,0.54842719425,9
"38",38,"Chad","TCD",197,12,117,118,117.5,116.5,38,0.043646485,2,39,128,21,2014,264,89,33,111,111,121,36,17,79,197,97.6666666666667,108,NA,NA,NA,NA,34,96,182,139,139,139,190,34,6,8,9.413453,154,92,14,2013,86000,13145788,100,30,151,125,168,51,50,109,126,35,17.3627358490566,85,153,54,132,23,23,24,119,37,111,89,140,26,0.301391665272727,116,23,0.560901435909091,10
"39",39,"Chile","CHL",37.5,77,30,41,35.5,33,39,4.431585,125,41,110.5,22,2014,24,16,34,108,108,118,38,43,92,20,51.6666666666667,14,114,2011,68.5,65,35,4,111,56,53,56,81.5,35,4,11,3.141414,83,52,15,2013,2999000,17575833,61,31,104,45,55,54,75,66.6,34.5,36,11.79,7,32,33,28,83,83,25,24,13,29,22,20,27,0.309222194272727,121,24,0.814671521818182,118
"40",40,"China","CHN",119.5,109,26,49,37.5,36,40,6.4413955,148,42,99.5,23,2014,85,49,35,68,68,71,39,144,73,67,94.6666666666667,101.5,52,2013,87.9,25,36,1,83,94,59,59.25,96,36,4,11,0.8211078,20,12,16,2013,98185000,1357380000,78,32,103,2,96,4,84,57.8,13,37,17.3627358490566,9.2,42,54,46,138,138,26,40,28,57,41.6666666666667,69,28,0.150707471727273,4,25,0.81469221,119
"41",41,"Colombia","COL",89,78,64,63,63.5,68,41,1.63601,81,43,26,24,2014,81,47,36,86,86,92,40,62,98,98,86,87.5,53,2013,47.4,91,37,12,103,68,100,70.75,124,37,12,1,31.84154,189,111,17,2013,3605000,47342363,74,33,133,29,83,48,74,73.4,46.5,38,22.01,13.6,64,72,74,47,47,27,54,17,2,24.3333333333333,27,29,0.289041356454545,103,26,0.826597956,128
"42",42,"Comoros","COM",187,13,94,93,93.5,91.5,42,0.20458715,24,44,158,NA,NA,NA,NA,37,168,168,181.5,41,192,178,164,178,200,NA,NA,NA,NA,38,41,134,87.5,87.5,87.5,152.5,38,6,8,8.013106,139,82,NA,NA,NA,NA,NA,NA,NA,NA,NA,NA,NA,NA,NA,39,17.3627358490566,55.1,138,54,118,NA,NA,28,92,37,74,67.6666666666667,111.5,30,0.182608094,19,27,0.6695878955,53
"43",43,"Democratic Republic of Congo","ZAR",191,60,100,95,97.5,96.5,NA,NA,NA,51,41.5,NA,NA,NA,NA,38,149,149,161,42,51,74,180,101.666666666667,116,NA,NA,NA,NA,39,87,185,1,132,101.25,171,39,6,8,13.47591,172,104,NA,NA,NA,NA,NA,39,58,104,196,35,154,109.4,127,40,17.3627358490566,74.5,152,54,131,3,3,NA,NA,NA,NA,NA,NA,NA,NA,NA,NA,NA,NA
"44",44,"Republic of Congo","COG",141,79,105,89,97,95,NA,NA,NA,151,7,25,2014,223,83,39,154,154,166,43,19,66,169,84.6666666666667,83,NA,NA,NA,NA,40,61,135,34,124,88.5,154,40,6,8,10.54171,161,97,18,2013,180000,4394334,92,118,129,128,132,84,87,112,129.5,41,17.3627358490566,33.2,105,54,92,NA,NA,103,95,40,91,75.3333333333333,125,NA,NA,NA,NA,NA,NA
"45",45,"Costa Rica","CRI",58.5,80,42,38,40,40,45,1.685076,82,45,25,26,2014,41,27,40,30,30,31,44,115,91,39,81.6666666666667,79.5,54,2013,75.5,53,41,5,124,33,78,60,100,41,10,3,8.385671,144,82,19,2013,790000,4706433,62,NA,NA,NA,NA,NA,NA,NA,NA,42,17.81,8.5,39,56,45,121,121,29,29,7,1,12.3333333333333,5,33,0.255875758181818,81,30,0.866597457181818,146
"46",46,"Cote d'Ivoire","CIV",137,61,118,117,117.5,116.5,46,0.3026146,32,46,59.5,27,2014,103,55,41,148,148,160,45,88,142,196,142,188,94,2012,18.1,115,42,49,155,14,120,84.5,144.5,42,6,8,12.43672,170,102,NA,NA,NA,NA,NA,34,81,93,156,77,57,92.8,90,43,17.3627358490566,66.6,148,54,127,NA,NA,30,117,39,107,87.6666666666667,139,NA,NA,NA,NA,NA,NA
"47",47,"Croatia","HRV",86,81,20,18,19,18,47,4.765176,130,47,101.5,NA,NA,NA,NA,42,56,56,58,46,95,30,51,58.6666666666667,23,6,2014,84.4,39,43,1,88,74,52,53.75,73.5,43,5,10,1.07106,32,19,20,2013,2927000,4255689,25,35,92,83,58,170,32,87,74.5,44,19.33,3.6,18,63,37,99,99,31,26,19,37,27.3333333333333,32.5,34,0.284600828,100,31,0.605494298,29
"48",48,"Cuba","CUB",169,62,9,6,7.5,5,48,3.2823035,109,48,121,28,2014,9,4,43,3,3,3,47,124,81,38,81,78,115,2011,77.3,52,44,1,84,88,93,66.5,116.5,NA,NA,NA,NA,NA,NA,21,2013,287000,11362505,95,36,137,57,95,82,92.75,92.75,89,45,17.3627358490566,4,19,54,32,126,126,NA,NA,NA,NA,NA,NA,35,0.276601523,92,32,0.646711767,44
"49",49,"Cyprus","CYP",94.5,82,16,24,20,19,49,6.859642,156,49,99.5,NA,NA,NA,NA,44,129,129,140.5,49,136,44,36,72,49,7,2014,82.1,45,45,1,51,109,49,52.5,70.5,44,7,7,1.036776,31,17,93,2011,1026000,1141652,20,37,96,122,35,185,14,90.4,83,46,17.01,2.5,8,52,24,103,103,32,22,17,33,24,25.5,36,0.339560144666667,135,33,0.761555936555556,89
"50",50,"Czech Republic","CZE",29,NA,NA,NA,NA,NA,50,10.52223,179,50,52,NA,NA,NA,NA,45,85,85,90,50,141,6,46,64.3333333333333,35,8,2014,82,46,46,1,62,67,30,40,32.5,45,7,7,0.9279126,26,14,22,2013,5304000,10514272,35,38,41,48,48,136,29,60.4,20,47,8.11,2.8,10,20,9,110,110,33,23,15,51,29.6666666666667,38.5,37,0.242583678777778,71,34,0.690609468444444,63
"51",51,"Denmark","DNK",13,NA,NA,NA,NA,NA,51,7.8214935,164,52,82.5,NA,NA,NA,NA,46,20,20,20,51,140,18,33,63.6666666666667,33.5,9,2014,91.1,13,47,1,105,57,32,48.75,60.5,46,8,6,0.7498858,17,8,23,2013,6977000,5614932,14,40,70,54,10,160,34,65.6,31,48,5.78,2.9,11,11,5,144,144,34,21,4,27,17.3333333333333,7.5,38,0.194103158454545,28,35,0.807401169454545,113
"52",52,"Djibouti","DJI",185,NA,NA,NA,NA,NA,52,0.59214385,45,53,204,29,2014,143,66,47,126,126,137,52,58,83,168,103,119,NA,NA,NA,NA,48,52,117,84.5,84.5,84.5,144.5,47,1,14,7.020745,127,78,NA,NA,NA,NA,NA,NA,NA,NA,NA,NA,NA,NA,NA,49,17.3627358490566,54.2,137,54,117,57,57,35,98,36,100,78,128,NA,NA,NA,NA,NA,NA
"53",53,"Dominica","DMA",54,NA,NA,NA,NA,NA,53,1.826315,85,54,88,NA,NA,NA,NA,48,75,75,78,NA,NA,NA,NA,NA,NA,NA,NA,NA,NA,49,19,66,42.5,42.5,42.5,44,48,6,8,8.404288,145,86,NA,NA,NA,NA,NA,NA,NA,NA,NA,NA,NA,NA,NA,50,17.3627358490566,19.6,80,54,72,NA,NA,NA,NA,NA,NA,NA,NA,NA,NA,NA,NA,NA,NA
"54",54,"Dominican Republic","DOM",126,14,76,74,75,74,54,2.170661,93,55,50.5,30,2014,104,56,49,79,79,83,53,166,86,102,118,153,55,2013,54.5,85,50,9,73,99,90,67.75,120,49,1,14,22.03825,183,115,24,2013,436000,10281408,91,41,15,72,100,46,119,70.4,42.5,51,21.29,25.7,93,71,96,98,98,36,61,33,36,43.3333333333333,73.5,39,0.290072584636364,105,36,0.771706261272727,97
"55",55,"Ecuador","ECU",118,15,59,65,62,65,55,2.32366,97,56,9.5,31,2014,72,41,50,8,8,8,54,81,87,66,78,72,56,2013,56.8,82,51,11,74,95,94,68.5,121.5,50,1,14,12.41258,169,107,25,2013,1138000,15661312,77,42,126,62,102,57,96,88.6,78,52,3.8,18.4,76,5,37,48,48,37,50,19,9,26,29,40,0.296965805,111,37,0.843963260090909,138
"56",56,"Egypt, Arab Rep.","EGY",111,16,87,94,90.5,89,56,2.564966,102,57,168,32,2014,14,8,193,170,170,184.5,55,112,116.5,121,116.5,144.5,57,2013,61.1,78,52,1,43,115,83,60.5,102.5,51,2,13,3.417854,89,57,26,2013,5782000,87613909,80,43,101,23,136,147,162,113.8,135,53,27.86,20.3,82,82,96,NA,NA,NA,NA,NA,NA,NA,NA,NA,NA,NA,NA,NA,NA
"57",57,"El Salvador","SLV",88,17,78,80,79,79.5,57,1.0742685,62,58,145,33,2014,93,52,51,31,31,33,56,178,81,110,123,161.5,58,2013,53.5,87,53,16,115,31,102,66,115,52,9,4,39.79261,195,116,NA,NA,NA,NA,NA,44,46,103,117,112,39,83.4,63.5,54,5.67,14.4,66,10,34,127,127,39,56,21,15,30.6666666666667,41,42,0.296153110545455,109,39,0.836136303181818,133
"58",58,"Equatorial Guinea","GNQ",160.5,18,65,50,57.5,57.5,58,7.664152,161,59,39,NA,NA,NA,NA,52,66,66,69,57,47,116,185,116,142.5,NA,NA,NA,NA,54,42,110,76,76,76,131.5,53,6,8,3.564265,92,56,NA,NA,NA,NA,NA,45,42,120,46,187,139,106.8,122,55,17.3627358490566,68.2,149,54,128,NA,NA,NA,NA,NA,NA,NA,NA,NA,NA,NA,NA,NA,NA
"59",59,"Eritrea","ERI",202.5,19,89,97,93,90,59,0.10909445,12,60,164,NA,NA,NA,NA,53,73,73,76,58,76,119,162,119,154.5,NA,NA,NA,NA,55,67,167,13,134,95.25,166.5,54,0,15,7.755835,135,84,NA,NA,NA,NA,NA,NA,NA,NA,NA,NA,NA,NA,NA,56,17.3627358490566,34.1,109,54,95,49,49,NA,NA,NA,NA,NA,NA,NA,NA,NA,NA,NA,NA
"60",60,"Estonia","EST",5,83,4,2,3,1,60,13.91154,187,61,21,NA,NA,NA,NA,54,67,67,70,59,49,36,59,48,13,10,2014,90.9,15,56,1,101,9,27,34.5,15,55,7,7,4.080404,100,59,27,2013,1166000,1317997,21,46,99,110,50,36,79,74.8,48.5,57,11.66,2.3,6,32,14,77,77,40,29,24,94,49,87,43,0.2018490447,35,40,0.6645994067,51
"61",61,"Ethiopia","ETH",200,NA,NA,NA,NA,NA,61,0.079767345,7,62,113.5,34,2014,261,88,190,47,47,49,60,118,37,160,105,121.5,59,2013,10,120,57,75,183,2,135,98.75,169,56,3,12,8.052455,140,85,NA,NA,NA,NA,NA,47,29,73,191,5,172,94,92.5,58,1.12,41.4,120,2,64,28,28,41,91,32,53,58.6666666666667,100,44,0.228788972,62,41,0.697996664,68
"62",62,"Faeroe Islands","FRO",16.5,NA,NA,NA,NA,NA,62,12.353945,185,63,202,NA,NA,NA,NA,NA,NA,NA,NA,61,52,35.5,19,35.5,8,NA,NA,NA,NA,NA,NA,NA,NA,NA,NA,NA,NA,NA,NA,NA,NA,NA,NA,NA,NA,NA,NA,NA,NA,NA,NA,NA,NA,NA,NA,NA,NA,NA,NA,NA,NA,NA,NA,NA,NA,NA,NA,NA,NA,NA,NA,NA,NA,NA,NA
"63",63,"Fiji","FJI",123.5,NA,NA,NA,NA,NA,63,1.4650365,73,64,74.5,35,2014,30,17,55,115,115,125,62,72,100,128,100,113,NA,NA,NA,NA,58,47,68,57.5,57.5,57.5,89,57,5,10,3.014216,81,49,90,2012,132000,880487,65,48,78,157,111,99,90,107,123,59,17.3627358490566,19.1,79,54,71,66,66,NA,NA,NA,NA,NA,NA,NA,NA,NA,NA,NA,NA
"64",64,"Finland","FIN",10,NA,NA,NA,NA,NA,64,10.847445,181,65,22,NA,NA,NA,NA,56,9,9,9,63,34,10,25,23,6,11,2014,86,31,59,1,126,27,6,40,32.5,58,7,7,1.717968,54,30,28,2013,8562000,5438972,7,49,72,58,19,162,47,71.6,45,60,10.17,1.9,3,28,10,142,142,42,17,4,31,17.3333333333333,7.5,45,0.187911429222222,24,42,0.777480953222222,106
"65",65,"France","FRA",72,NA,NA,NA,NA,NA,65,5.340875,134,66,53.5,NA,NA,NA,NA,57,54,54,56,64,133,35,12,60,25.5,12,2014,88.5,22,60,1,70,35,22,32,12,59,4,11,1.202896,35,21,29,2013,26243000,65925498,41,50,113,8,24,146,16,61.4,22,61,10.66,3.5,17,29,17,117,117,43,11,12,35,19.3333333333333,13.5,46,0.254419406636364,80,43,0.777224741090909,104
"66",66,"French Polynesia","PYF",115,NA,NA,NA,NA,NA,66,3.2323585,108,67,152,NA,NA,NA,NA,NA,NA,NA,NA,65,98,79,60,79,75,NA,NA,NA,NA,61,47,56,51.5,51.5,51.5,67.5,NA,NA,NA,NA,NA,NA,30,2013,80000,276766,47,NA,NA,NA,NA,NA,NA,NA,NA,NA,NA,NA,NA,NA,NA,NA,NA,NA,NA,NA,NA,NA,NA,NA,NA,NA,NA,NA,NA
"67",67,"Gabon","GAB",96.5,63,91,87,89,87,67,1.436806,72,68,12,36,2014,22,14,58,114,114,124,66,13,85.5,158,85.5,84.5,127,2010,65.4,73,62,26,152,25,101,76,131.5,60,6,8,9.409994,152,90,NA,NA,NA,NA,NA,51,62,117,68,42,54,68.6,38,62,17.3627358490566,36.1,115,54,100,11,11,44,87,39,95,73.6666666666667,123,47,0.318983102666667,128,44,0.562764937666667,11
"68",68,"Gambia","GMB",123.5,20,114,114,114,113,NA,NA,NA,69,110.5,37,2014,37,23,59,147,147,159,67,154,165,176,165,197,NA,NA,NA,NA,63,68,136,102,102,102,172,61,4,11,9.603269,155,95,NA,NA,NA,NA,NA,52,53,169,188,168,117,139,152,63,17.3627358490566,47.9,131,54,113,26,26,NA,NA,NA,NA,NA,NA,NA,NA,NA,NA,NA,NA
"69",69,"Georgia","GEO",79,21,18,8,13,12.5,69,1.617926,79,70,123,38,2014,74,43,60,137,137,149,68,100,65,94,86.3333333333333,89,60,2013,38.4,100,64,1,108,66,79,63.5,111.5,62,9,4,4.260968,102,58,31,2013,3220000,4487200,24,53,128,114,130,20,89,96.2,101,64,17.3627358490566,10.6,47,54,48,86,86,45,43,36,32,37,55.5,48,0.237194028636364,66,45,0.513151824363636,2
"70",70,"Germany","DEU",33,NA,NA,NA,NA,NA,70,9.048825,171,71,37,NA,NA,NA,NA,61,24,24,24,69,167,22,22,70.3333333333333,46,13,2014,89,20,65,1,69,77,23,42.5,44,63,6,8,0.7034825,12,5,NA,NA,NA,NA,NA,54,63,5,23,93,20,40.8,4,65,6.36,3.1,13,15,7,148,148,46,17,11,39,22.3333333333333,21.5,49,0.195858200818182,30,46,0.773614780454545,99
"71",71,"Ghana","GHA",119.5,110,97,98,97.5,96.5,71,0.40991045,39,72,64,39,2014,24,16,62,140,140,152,70,130,150.5,171,150.5,195,128,2010,18.2,114,66,43,137,28,117,81.25,143,64,7,7,1.709705,53,29,NA,NA,NA,NA,NA,55,11,81,151,13,168,84.8,70,66,17.3627358490566,42.8,122,54,105,13,13,47,94,28,81,67.6666666666667,111.5,50,0.217356203727273,50,47,0.716369921363636,78
"72",72,"Greece","GRC",70,22,31,37,34,30.5,72,7.665489,162,73,66,NA,NA,NA,NA,63,71,71,74,71,108,56,27,63.6666666666667,33.5,14,2014,64,75,67,1,75,91,36,50.75,65,65,3,12,1.37369,42,27,32,2013,4594000,11027549,40,56,118,49,39,189,18,82.6,62,67,19.15,3.6,18,61,36,152,152,48,17,29,71,39,61.5,51,0.3186026632,126,48,0.6708536269,54
"73",73,"Greenland","GRL",81.5,NA,NA,NA,NA,NA,73,12.052055,184,74,116,NA,NA,NA,NA,NA,NA,NA,NA,72,1,60,119,60,25.5,NA,NA,NA,NA,NA,NA,NA,NA,NA,NA,NA,NA,NA,NA,NA,NA,NA,NA,NA,NA,NA,NA,NA,NA,NA,NA,NA,NA,NA,NA,NA,NA,NA,NA,NA,NA,NA,NA,NA,NA,NA,NA,NA,NA,NA,NA,NA,NA,NA,NA
"74",74,"Grenada","GRD",96.5,NA,NA,NA,NA,NA,74,2.4476895,99,75,135.5,NA,NA,NA,NA,64,30,30,31,73,182,143,104,143,189,NA,NA,NA,NA,68,22,58,40,40,40,32.5,66,6,8,13.31234,171,103,NA,NA,NA,NA,NA,NA,NA,NA,NA,NA,NA,NA,NA,68,17.3627358490566,10.8,48,54,49,NA,NA,NA,NA,NA,NA,NA,NA,NA,NA,NA,NA,NA,NA
"75",75,"Guatemala","GTM",127,23,88,92,90,88,75,0.7598373,54,77,40,40,2014,92,51,65,121,121,132,75,147,96,115,119.333333333333,156,61,2013,44.5,93,69,33,150,20,113,79,139,67,9,4,34.57425,193,115,33,2013,1171000,15690793,76,57,6,78,131,117,103,87,74.5,69,29.83,24.3,91,87,106,84,84,49,67,22,22,37,55.5,52,0.284433648,99,49,0.841543929,136
"76",76,"Guinea","GIN",184,111,122,122,122,121,76,0.22759465,27,78,56,41,2014,128,65,66,74,74,77,76,74,41,182,99,112,96,2012,4.1,123,70,76,157,116.5,116.5,116.5,178,68,6,8,9.027547,149,89,NA,NA,NA,NA,NA,58,132,144,190,171,170,161.4,157,70,17.3627358490566,61,143,54,122,45,45,50,107,41,101,83,133.5,53,0.314360519166667,125,50,0.660115242,49
"77",77,"Guinea-Bissau","GNB",190,24,109,112,110.5,111,77,0.14633265,17,79,6,42,2014,120,62,67,117,117,127,77,80,93,192,121.666666666667,159,NA,NA,NA,NA,71,44,178,111,111,111,175,69,6,8,10.28675,158,95,NA,NA,NA,NA,NA,59,95,174,185,155,37,129.2,147,71,17.3627358490566,60.3,141,54,120,15,15,NA,NA,NA,NA,NA,NA,NA,NA,NA,NA,NA,NA
"78",78,"Guyana","GUY",145,NA,NA,NA,NA,NA,78,2.320293,96,80,58,43,2014,68,39,68,27,27,27,78,9,77.5,146,77.5,68.5,NA,NA,NA,NA,72,31,120,75.5,75.5,75.5,130,70,3,12,19.46301,180,112,NA,NA,NA,NA,NA,60,60,161,122,27,76,89.2,80,72,17.3627358490566,32,103,54,90,56,56,NA,NA,NA,NA,NA,NA,54,0.29641977,110,51,0.767540574,93
"79",79,"Haiti","HTI",175,NA,NA,NA,NA,NA,79,0.21496135,26,81,200,44,2014,523,94,69,165,165,177,79,190,102,167,153,196,NA,NA,NA,NA,73,65,169,11,136,95.25,166.5,71,2,13,10.1612,156,97,NA,NA,NA,NA,NA,NA,NA,NA,NA,NA,NA,NA,NA,73,17.3627358490566,52.2,133,54,115,149,149,51,93,34,44,57,97,55,0.306986563666667,119,52,0.588466147666667,20
"80",80,"Honduras","HND",140,2,84,79,81.5,81,80,1.092109,63,82,49,45,2014,84,48,70,58,58,60,80,90,99,106,98.3333333333333,110,129,2010,44.3,94,74,30,142,36,106,78.5,137.5,72,9,4,84.29273,200,119,34,2013,471000,7849059,84,61,48,109,141,98,124,104,118,74,41.43,17.4,73,96,100,132,132,52,68,35,52,51.6666666666667,90,56,0.261154846636364,83,53,0.818164988,122
"81",81,"Hong Kong SAR, China","HKG",6,NA,NA,NA,NA,NA,81,5.4307495,135,NA,NA,NA,NA,NA,NA,NA,NA,NA,NA,81,211,106,1,106,124.5,62,2013,89.9,16,75,1,13,107,33,38.5,23.5,73,8,6,0.8786156,22,10,35,2013,84414000,7187500,1,NA,NA,NA,NA,NA,NA,NA,NA,NA,NA,NA,NA,NA,NA,NA,NA,NA,NA,NA,NA,NA,NA,NA,NA,NA,NA,NA,NA
"82",82,"Hungary","HUN",48,25,51,20,35.5,33,82,4.96887,132,83,70,NA,NA,NA,NA,71,143,143,155,82,126,24,70,73.3333333333333,55,15,2014,88.7,21,76,1,59,55,50,41.25,37,74,10,3,2.665719,73,39,36,2013,15997000,9893082,5,62,34,56,60,110,86,69.2,39,75,13.62,5.3,25,44,30,130,130,54,33,32,55,40,64.5,58,0.2635436907,85,55,0.6719444573,56
"83",83,"Iceland","ISL",34.5,NA,NA,NA,NA,NA,83,6.032679,143,84,160,NA,NA,NA,NA,72,12,12,12,83,5,9,4,6,1,16,2014,87.1,28,77,1,159,5,1,41.5,38,75,5,10,0.3050962,3,2,37,2013,365000,323764,15,63,2,146,20,148,102,83.6,65,76,5.81,1.6,2,12,3,NA,NA,55,4,3,32,13,6,59,0.1608342854,6,56,0.8744273424,147
"84",84,"India","IND",154,84,95,102,98.5,98.5,84,1.6238715,80,85,145,46,2014,109,58,73,133,133,145,84,194,169,144,169,198,130,2010,18.1,115,78,32,125,63,104,81,142,76,6,8,3.341697,88,54,38,2013,16626000,1279498874,97,64,120,3,155,14,161,90.6,84.5,77,27.18,37.9,117,81,123,17,17,56,79,32,40,50.3333333333333,89,60,0.280591677545455,94,57,0.687323976636364,61
"85",85,"Indonesia","IDN",117,85,53,67,60,61.5,85,2.056191,89,86,68,47,2014,59,35,74,98,98,105,85,143,50,138,110.333333333333,132,63,2013,36.5,101,79,14,121,51,105,72.75,127,77,5,10,0.554136,7,4,39,2013,7973000,251268276,94,65,20,10,125,33,123,62.2,23,78,24.15,22.8,87,75,94,24,24,57,70,23,14,35.6666666666667,50,61,0.251465348909091,78,58,0.847905148090909,140
"86",86,"Iran","IRN",133,64,70,84,77,78,NA,NA,NA,87,165,48,2014,33,19,75,167,167,180,86,69,58,74,67,40.5,NA,NA,NA,NA,80,1,10,128,67,51.5,67.5,78,2,13,4.772256,111,69,NA,NA,NA,NA,NA,66,119,18,92,164,174,113.4,134,79,34.35,13.4,62,92,87,44,44,58,43,34,67,48,85,62,0.461754739222222,151,59,0.628183590111111,40
"87",87,"Iraq","IRQ",151,26,102,90,96,94,87,3.906035,118,88,200,49,2014,190,77,76,52,52,54,87,103,19,131,84.3333333333333,82,NA,NA,NA,NA,81,1,16,118,89,56,81.5,79,1,14,7.966569,138,85,NA,NA,NA,NA,NA,67,130,33,98,64,94,83.8,66,80,17.3627358490566,26.5,94,54,82,69,69,59,73,31,54,52.6666666666667,91.5,63,0.506446159444444,154,NA,NA,NA
"88",88,"Ireland","IRL",69,NA,NA,NA,NA,NA,88,8.345455,168,89,138,NA,NA,NA,NA,77,104,104,114,88,85,32,22,46.3333333333333,11,18,2014,82.7,43,82,1,47,87,34,42.25,41,80,7,7,1.109343,34,18,40,2013,6579000,4598294,9,68,10,59,15,109,4,39.4,2,81,15.18,3,12,47,23,134,134,60,18,8,38,21.3333333333333,18,64,0.2127121627,44,60,0.83993752,135
"89",89,"Israel","ISR",50,NA,NA,NA,NA,NA,89,8.99454,170,90,140,NA,NA,NA,NA,78,64,64,67,89,189,77,11,92.3333333333333,95.5,64,2013,87.4,27,83,1,53,116,24,48.5,59,81,6,8,1.749355,55,32,41,2013,4757000,8059500,31,69,153,53,33,100,45,76.8,51,82,15.7,3.2,14,49,26,156,156,61,9,7,43,19.6666666666667,16,65,0.324513514090909,130,61,0.682519674272727,59
"90",90,"Italy","ITA",36,27,7,19,13,12.5,90,6.7704665,155,91,66,NA,NA,NA,NA,79,38,38,40,90,162,48,9,73,53,19,2014,75.3,54,84,1,67,78,39,46.25,52,82,2,13,0.8140364,19,13,42,2013,27798000,60233948,38,70,91,11,31,183,33,69.8,40.5,83,22.04,2.9,11,73,39,155,155,62,3,21,47,23.6666666666667,24,66,0.310474611181818,123,62,0.691202960181818,65
"91",91,"Jamaica","JAM",121,28,81,77,79,79.5,91,2.7725335,103,92,126,50,2014,56,32,80,127,127,138,91,171,136,101,136,183,97,2012,59.2,79,85,20,76,79,99,68.5,121.5,83,10,3,42.88136,196,116,NA,NA,NA,NA,NA,71,28,131,105,169,156,117.8,138,84,28.8,13.5,63,86,83,135,135,63,45,24,10,26.3333333333333,30,68,0.26511883725,87,64,0.77378118025,100
"92",92,"Japan","JPN",31,NA,NA,NA,NA,NA,92,9.2095095,173,93,44.5,NA,NA,NA,NA,81,146,146,158,92,186,94,2,94,99,65,2013,88,24,86,1,37,111,21,42.5,44,84,4,11,0.2887328,2,2,43,2013,17473000,127338621,66,72,36,4,25,108,2,35,1,85,3.91,2,4,6,1,157,157,64,2,18,45,21.6666666666667,19,69,0.181189249818182,18,65,0.770779002727273,96
"93",93,"Jordan","JOR",60.5,65,43,34,38.5,38.5,93,3.5521935,114,94,195,51,2014,12,7,82,132,132,144,93,93,39,97,76.3333333333333,62.5,98,2012,84.1,40,87,5,28,117,72,55.5,80,85,0,15,2.445427,68,43,44,2013,1498000,6460000,54,73,147,85,108,149,105,118.8,139,86,24.6,15.4,69,76,81,79,79,NA,NA,NA,NA,NA,NA,70,0.294547211,107,66,0.653350429090909,46
"94",94,"Kazakhstan","KAZ",34.5,NA,NA,NA,NA,NA,94,15.47829,190,95,189,52,2014,18,11,83,55,55,57,94,12,7,124,47.6666666666667,12,66,2013,69.4,63,88,1,15,126,41,45.75,51,86,4,11,7.820038,136,82,45,2013,10144000,17035275,30,74,39,42,67,29,135,62.4,24,87,17.3627358490566,12.6,58,54,57,46,46,65,62,20,90,57.3333333333333,98,71,0.163906822181818,8,67,0.693146217909091,66
"95",95,"Kenya","KEN",136,NA,NA,NA,NA,NA,95,0.3177723,33,96,148.5,53,2014,156,70,84,88,88,94,95,101,136.5,172,136.5,184,67,2013,96.4,4,89,78,161,10,126,93.75,163,87,7,7,6.600446,123,73,NA,NA,NA,NA,NA,75,87,74,163,69,148,108.2,124,88,17.3627358490566,35.5,113,54,99,12,12,66,99,33,66,66,106,72,0.183415501545455,20,68,0.753213177909091,87
"96",96,"Kiribati","KIR",188.5,NA,NA,NA,NA,NA,96,0.6014653,46,97,95.5,54,2014,23,15,85,151,151,163,96,142,146,150,146,191,131,2010,40.5,97,90,47,27,37,37,37,20,88,4,11,7.932784,137,83,NA,NA,NA,NA,NA,NA,NA,NA,NA,NA,NA,NA,NA,89,17.3627358490566,43.6,125,54,107,NA,NA,NA,NA,NA,NA,NA,NA,NA,NA,NA,NA,NA,NA
"97",97,"Korea, Dem. Rep.","PRK",202.5,NA,NA,NA,NA,NA,97,2.973008,106,98,126,55,2014,303,92,86,103,103,113,97,161,145,129,145,190,NA,NA,NA,NA,91,73,80,84,109,86.5,149,NA,NA,NA,NA,NA,NA,NA,NA,NA,NA,NA,NA,NA,NA,NA,NA,NA,NA,NA,90,17.3627358490566,19.7,81,54,73,NA,NA,NA,NA,NA,NA,NA,NA,NA,NA,NA,NA,NA,NA
"98",98,"South Korea","KOR",44,NA,NA,NA,NA,NA,NA,NA,NA,168,69,56,2014,6,3,87,102,102,112,98,198,106.5,15,106.5,126.5,NA,NA,NA,NA,92,1,17,83,13,28.5,10,89,5,10,0.8413619,21,12,46,2013,14846000,50219669,46,132,122,13,37,70,63,61,21,91,18.8,2.9,11,59,31,158,158,113,12,19,63,31.3333333333333,42,127,0.224117868272727,60,121,0.665191363,52
"99",99,"Kuwait","KWT",4,29,40,47,43.5,45,99,28.898045,200,99,176.5,57,2014,17,10,88,171,171,186,100,163,124,85,124,165,116,2011,96.8,3,94,10,7.5,7.5,5,7.5,2,91,2,13,1.948551,62,38,NA,NA,NA,NA,NA,76,136,52,22,184,92,97.2,103,92,17.3627358490566,7.3,34,54,41,39,39,NA,NA,NA,NA,NA,NA,NA,NA,NA,NA,NA,NA
"100",100,"Kyrgyzstan","KGZ",93,NA,NA,NA,NA,NA,NA,NA,NA,100,173.5,58,2014,41,27,89,70,70,73,101,48,13,126,62.3333333333333,30.5,NA,NA,NA,NA,95,1,93,64,81,59.75,98,92,8,6,5.374548,116,68,47,2013,1401000,5719600,51,77,134,138,164,90,152,135.6,150,93,21.23,19,78,70,82,42,42,67,65,25,26,38.6666666666667,60,74,0.152486184181818,5,69,0.686720138181818,60
"101",101,"Lao PDR","LAO",171,NA,NA,NA,NA,NA,101,0.19607975,22,101,17,59,2014,154,68,90,62,62,64.5,102,46,60,151,85.6666666666667,86,132,2010,15.6,118,96,40,173,106.5,106.5,106.5,173,93,6,8,7.234306,129,77,NA,NA,NA,NA,NA,78,4,115,154,10,125,81.6,59,94,17.3627358490566,50.7,132,54,114,NA,NA,NA,NA,NA,NA,NA,NA,NA,NA,NA,NA,NA,NA
"102",102,"Latvia","LVA",42.5,86,14,1,7.5,5,102,3.8750145,117,102,29,NA,NA,NA,NA,91,94,94,101,103,50,49,96,65,38,20,2014,88.4,23,97,1,128,39,58,56.5,86,94,9,4,3.454322,90,52,94,2011,3257000,2012647,4,79,35,106,57,45,13,51.2,9,95,12.01,6.9,31,38,30,61,61,68,39,27,96,54,93,76,0.2304983213,63,71,0.6170262992,35
"103",103,"Lebanon","LBN",94.5,NA,NA,NA,NA,NA,103,4.6503625,128,103,187,60,2014,35,21,92,166,166,178.5,104,195,115,35,115,140,NA,NA,NA,NA,98,1,40,114,62,54.25,75.5,95,2,13,4.680293,107,66,NA,NA,NA,NA,NA,80,146,84,76,123,88,103.4,116,96,17.3627358490566,7.1,33,54,40,22,22,69,27,34,78,46.3333333333333,80,77,0.323759278090909,129,72,0.542541964363636,7
"104",104,"Lesotho","LSO",144,NA,NA,NA,NA,NA,104,1.1028795,64,104,197.5,61,2014,78,46,93,62,62,64.5,105,87,100,200,129,172.5,NA,NA,NA,NA,99,82,35,58.5,58.5,58.5,92,96,5,10,38.03037,194,119,NA,NA,NA,NA,NA,81,116,160,165,47,114,120.4,142,97,17.3627358490566,69.2,150,54,129,119,119,70,114,31,98,81,131,78,0.220146708,56,73,0.7629693745,91
"105",105,"Liberia","LBR",176,NA,NA,NA,NA,NA,105,0.2106621,25,105,124,62,2014,220,82,94,139,139,151,106,64,119,174,119,154.5,133,2010,18.1,115,100,94,179,136.5,136.5,136.5,189,97,8,6,3.307679,86,50,NA,NA,NA,NA,NA,82,23,167,194,62,149,119,140,98,14.5,52.8,135,46,109,5,5,71,101,33,76,70,115,79,0.375636908,146,74,0.579369545,16
"106",106,"Libya","LBY",87,30,6,75,40.5,41.5,106,8.373807,169,106,205,NA,NA,NA,NA,95,107,107,117,107,7,60.5,114,60.5,28,NA,NA,NA,NA,101,1,19,127,45,48,57,98,0,15,2.52462,72,46,NA,NA,NA,NA,NA,83,154,71,77,103,137,108.4,125,99,17.3627358490566,11.4,51,54,51,139,139,NA,NA,NA,NA,NA,NA,80,0.356042881666667,138,75,0.705539663333333,71
"107",107,"Liechtenstein","LIE",49,NA,NA,NA,NA,NA,107,1.511237,74,107,15.5,NA,NA,NA,NA,96,85,85,90,108,168,87.5,7,87.5,91.5,NA,NA,NA,NA,NA,NA,NA,NA,NA,NA,NA,NA,NA,NA,NA,NA,NA,NA,NA,NA,NA,NA,NA,NA,NA,NA,NA,NA,NA,NA,NA,NA,NA,NA,NA,NA,NA,NA,NA,NA,NA,NA,NA,NA,NA,NA,NA,NA,NA,NA
"108",108,"Lithuania","LTU",25.5,87,12,3,7.5,5,108,4.4282885,124,108,59.5,NA,NA,NA,NA,97,69,69,72,109,68,47,92,69,44,21,2014,87.9,25,102,1,100,60,57,54.5,77,99,6,8,6.762417,125,75,48,2013,1764000,2957689,29,84,125,86,54,19,41,65,28.5,100,9.91,3.3,15,26,16,105,105,72,38,20,84,47.3333333333333,82.5,81,0.273710401272727,91,76,0.571107791272727,14
"109",109,"Luxembourg","LUX",3,NA,NA,NA,NA,NA,109,21.266475,197,109,35,NA,NA,NA,NA,98,46,46,48,110,165,45,13,74.3333333333333,58,22,2014,91.1,13,103,1,34,86,8,32.25,13,100,3,12,0.191361,1,2,NA,NA,NA,NA,NA,85,9,102,3,132,55,60.2,19,101,6.26,1.5,1,14,4,NA,NA,73,8,8,110,42,70.5,82,0.20277433475,36,77,0.77735510475,105
"110",110,"Macao SAR, China","MAC",9,88,22,46,34,30.5,110,2.187977,94,NA,NA,NA,NA,NA,NA,NA,NA,NA,NA,111,214,123,32,123,161.5,70,2013,93.2,8,104,23,4,13.5,13.5,13.5,4,NA,NA,NA,NA,NA,NA,49,2013,1446000,568056,2,NA,NA,NA,NA,NA,NA,NA,NA,NA,NA,NA,NA,NA,NA,NA,NA,NA,NA,NA,NA,NA,NA,NA,NA,NA,NA,NA,NA
"111",111,"Macedonia","MKD",76,31,58,36,47,48,NA,NA,NA,110,103,NA,NA,NA,NA,99,30,30,31,112,107,89,71,89,93,NA,NA,NA,NA,105,1,81,80,55,54.25,75.5,101,6,8,1.036663,30,17,NA,NA,NA,NA,NA,86,59,127,107,94,60,89.4,81,102,25.15,4.8,23,79,49,72,72,74,37,33,72,47.3333333333333,82.5,83,0.327632119333333,132,78,0.605482432666667,28
"112",112,"Madagascar","MDG",193.5,NA,NA,NA,NA,NA,112,0.10598808,11,111,154,63,2014,208,80,100,82,82,86,113,61,69,154,94.6666666666667,101.5,100,2012,11.2,119,106,88,163,125.5,125.5,125.5,180,102,3,12,0.616712,10,7,NA,NA,NA,NA,NA,87,17,111,192,177,146,128.6,146,103,5,35.9,114,7,63,10,10,NA,NA,NA,NA,NA,NA,84,0.2085716855,40,79,0.7016041055,70
"113",113,"Malawi","MWI",192,112,112,107,109.5,109,113,0.0807055,8,112,63,64,2014,148,67,101,101,101,109.5,114,151,85,170,135.333333333333,181,NA,NA,NA,NA,107,94,164,129,129,129,185.5,103,5,10,1.786799,58,34,NA,NA,NA,NA,NA,88,55,147,197,111,173,136.6,151,104,16.7,43.4,124,51,104,14,14,75,100,39,77,72,120,85,0.232460536777778,64,80,0.715471413333333,77
"114",114,"Malaysia","MYS",32,113,62,66,64,69,114,7.9428875,165,113,34,65,2014,23,15,102,142,142,154,115,113,96.5,80,96.5,104,24,2014,75.1,55,108,1,46,112,48,51.75,69,104,7,7,1.909758,61,34,NA,NA,NA,NA,NA,89,84,26,70,37,65,56.4,11,105,1.15,6,29,3,11,59,59,76,36,17,36,29.6666666666667,38.5,86,0.2169263273,48,81,0.8030215561,111
"115",115,"Maldives","MDV",40,NA,NA,NA,NA,NA,115,2.9276845,105,NA,NA,66,2014,40,26,103,161,161,173,116,209,132.5,56,132.5,176,134,2010,65.4,73,109,1,30,15.5,15.5,15.5,6.5,105,2,13,0.8816822,23,16,NA,NA,NA,NA,NA,NA,NA,NA,NA,NA,NA,NA,NA,106,56.4,7.4,35,99,72,NA,NA,NA,NA,NA,NA,NA,NA,NA,NA,NA,NA,NA,NA
"116",116,"Mali","MLI",112,89,119,120,119.5,118,116,0.080716495,9,114,173.5,67,2014,23,15,104,150,150,162,117,21,102.5,184,102.5,118,NA,NA,NA,NA,110,77,170,123.5,123.5,123.5,179,106,6,8,11.20666,164,99,NA,NA,NA,NA,NA,90,80,129,179,151,40,115.8,136,107,13.47,74.5,152,43,120,30,30,NA,NA,NA,NA,NA,NA,87,0.1852577038,23,82,0.7425551474,84
"117",117,"Malta","MLT",41,90,50,64,57,56,117,6.175409,146,115,191,NA,NA,NA,NA,105,125,125,136,118,208,117,26,117,146.5,25,2014,86.2,30,111,1,23,125,43,48,57,107,2,13,1.630752,52,33,50,2013,363000,423374,22,91,14,148,45,105,27,67.8,36,108,11.44,5.1,24,31,20,NA,NA,77,22,19,42,27.6666666666667,34,88,0.361936491,140,83,0.69648929675,67
"118",118,"Marshall Islands","MHL",182,NA,NA,NA,NA,NA,118,1.956313,88,116,104.5,NA,NA,NA,NA,106,168,168,181.5,NA,NA,NA,NA,NA,NA,NA,NA,NA,NA,NA,NA,NA,NA,NA,NA,NA,108,10,3,3.822049,96,55,NA,NA,NA,NA,NA,NA,NA,NA,NA,NA,NA,NA,NA,109,17.3627358490566,29.6,99,54,86,NA,NA,NA,NA,NA,NA,NA,NA,NA,NA,NA,NA,NA,NA
"119",119,"Mauritania","MRT",153,NA,NA,NA,NA,NA,119,0.6112489,47,117,197.5,68,2014,41,27,107,61,61,63,119,8,86.5,165,86.5,90,NA,NA,NA,NA,112,81,114,97.5,97.5,97.5,168,109,2,13,11.36275,167,104,NA,NA,NA,NA,NA,92,127,145,159,75,111,123.4,144,110,17.3627358490566,65.1,145,54,124,54,54,78,97,29,93,73,121.5,89,0.1762072058,12,84,0.7626520515,90
"120",120,"Mauritius","MUS",83.5,91,68,76,72,72,120,3.129577,107,118,181,69,2014,36,22,108,136,136,148,120,202,52,86,113.333333333333,138,101,2012,79.4,49,113,1,32,81,74,47,55,110,6,8,2.748843,74,42,51,2013,250000,1258653,58,93,3,133,80,60,98,74.8,48.5,111,17.3627358490566,11.8,54,54,53,53,53,79,44,23,50,39,61.5,90,0.240205442,68,85,0.777119060333333,103
"121",121,"Mexico","MEX",130,32,60,59,59.5,60,121,3.8140995,116,119,82.5,70,2014,32,18,109,19,19,19,121,83,89,58,76.6666666666667,65,71,2013,67,70,114,6,55,98,76,58.75,94,111,10,3,18.91426,179,106,52,2013,15911000,123740109,67,94,13,12,73,101,97,59.2,16,112,20,11.3,50,67,60,71,71,80,45,7,2,18,11,91,0.226753314636364,61,86,0.810873860636364,115
"122",122,"Moldova","MDA",104,33,1,17,9,8,123,1.392241,71,121,171,NA,NA,NA,NA,111,76,76,79,123,134,16,137,95.6666666666667,103,26,2014,67.3,69,115,1,39,110,87,59.25,96,113,8,6,5.020185,115,67,53,2013,157000,3558566,89,95,5,141,142,17,127,86.4,71,114,28.64,13.6,64,85,83,78,78,NA,NA,NA,NA,NA,NA,92,0.282080604272727,96,87,0.584611583909091,18
"123",123,"Monaco","MCO",72,NA,NA,NA,NA,NA,NA,NA,NA,122,108,NA,NA,NA,NA,112,78,78,81.5,NA,NA,NA,NA,NA,NA,NA,NA,NA,NA,NA,NA,NA,NA,NA,NA,NA,NA,NA,NA,NA,NA,NA,NA,NA,NA,NA,NA,NA,NA,NA,NA,NA,NA,NA,NA,115,17.3627358490566,2.8,10,54,27,NA,NA,NA,NA,NA,NA,NA,NA,NA,NA,NA,NA,NA,NA
"124",124,"Mongolia","MNG",128,114,61,30,45.5,47,124,5.579241,138,123,141,71,2014,173,74,113,112,112,122,124,2,42,135,59.6666666666667,24,102,2012,47.5,90,116,25,29,113,85,63,109.5,114,5,10,7.45245,131,78,NA,NA,NA,NA,NA,96,26,121,118,3,169,87.4,76,116,1.46,19,78,4,38,118,118,81,71,28,108,69,113,93,0.176552024111111,13,88,0.652665277333333,45
"125",125,"Montenegro","MNE",27,92,39,26,32.5,26,125,4.156606,121,124,44.5,NA,NA,NA,NA,114,97,97,104,125,66,38,77,60.3333333333333,27,103,2012,82.4,44,117,1,132,44,38,53.75,73.5,115,12,1,1.604337,51,25,NA,NA,NA,NA,NA,97,94,153,87,115,42,98.2,106,117,17.3627358490566,4.3,20,54,33,NA,NA,82,31,28,62,40.3333333333333,66.5,94,0.366993069666667,145,89,0.585704564888889,19
"126",126,"Morocco","MAR",57,93,103,105,104,103.5,126,1.7403745,84,125,138,72,2014,34,20,115,100,100,107,126,96,97.5,99,97.5,106.5,104,2012,43.7,95,118,1,65,97,103,66.5,116.5,116,2,13,1.323339,40,26,54,2013,2194000,33452686,81,98,139,55,134,85,8,84.2,68,118,17.3627358490566,23.7,90,54,80,90,90,83,58,29,27,38,59,NA,NA,NA,NA,NA,NA
"127",127,"Mozambique","MOZ",179,NA,NA,NA,NA,NA,127,0.1246976,15,126,46,73,2014,204,79,116,15,15,15,127,53,123,193,123,161.5,NA,NA,NA,NA,119,83,177,3,116,94.75,164,117,1,14,3.650813,95,61,NA,NA,NA,NA,NA,99,31,124,186,38,134,102.6,113.5,119,10.12,56.7,139,27,98,25,25,84,111,29,70,70,115,95,0.2859266758,102,90,0.6072877288,32
"128",128,"Myanmar","MMR",195,34,80,68,74,73,128,0.18700995,21,127,93.5,74,2014,122,63,117,157,157,169,128,106,129,152,129,172.5,NA,NA,NA,NA,120,54,162,16,129,90.25,156,118,2,13,2.517791,71,44,NA,NA,NA,NA,NA,100,142,106.5,161,7,116,106.5,121,120,17.3627358490566,39.5,119,54,103,NA,NA,85,83,34,64,60.3333333333333,102,96,0.2215911952,57,91,0.8190974712,124
"129",129,"Namibia","NAM",131,NA,NA,NA,NA,NA,129,1.3442395,69,128,73,75,2014,278,90,118,10,10,10,129,3,79.5,156,79.5,76,72,2013,63.6,76,121,57,113,49,86,76.25,133.5,119,5,10,17.46463,178,110,NA,NA,NA,NA,NA,101,138,134,103,63,122,112,129.5,121,32.01,32.8,104,91,120,36,36,86,81,30,80,63.6666666666667,104,97,0.1993586645,32,92,0.7797661125,107
"130",130,"Nepal","NPL",155,94,98,110,104,103.5,130,0.1603062,19,129,88,76,2014,87,50,119,43,43,45,130,157,34,133,108,128.5,NA,NA,NA,NA,122,35,171,7,131,86,147,120,6,8,2.874071,80,47,55,2013,983000,27834981,93,102,85,95,177,66,157,116,137,122,9.2,29.4,98,22,62,43,43,87,74,36,34,48,85,98,0.240970725363636,69,93,0.654237758,48
"131",131,"Netherlands","NLD",29,NA,NA,NA,NA,NA,131,10.506905,178,130,77,NA,NA,NA,NA,120,21,21,21,131,197,15,21,77.6666666666667,70.5,27,2014,83.3,41,123,1,38,105,25,42.25,41,121,3,12,0.7403917,16,10,56,2013,18094000,16804432,16,103,61,25,14,161,38,59.8,17.5,123,5.02,3.2,14,8,5,151,151,88,13,2,16,10.3333333333333,3,99,0.2114655227,42,94,0.8459052384,139
"132",132,"New Caledonia","NCL",100,35,25,42,33.5,29,132,15.426695,189,131,20,NA,NA,NA,NA,NA,NA,NA,NA,132,24,38,52,38,10,NA,NA,NA,NA,124,47,33,40,40,40,32.5,NA,NA,NA,NA,NA,NA,57,2013,121000,262000,37,NA,NA,NA,NA,NA,NA,NA,NA,NA,NA,NA,NA,NA,NA,NA,NA,NA,NA,NA,NA,NA,NA,NA,NA,NA,NA,NA,NA
"133",133,"New Zealand","NZL",47,NA,NA,NA,NA,NA,133,7.2107355,157,132,48,NA,NA,NA,NA,121,34,34,36,133,32,24.5,17,24.5,7,73,2013,84.7,37,125,1,112,45,14,43,46,122,12,1,1.036016,29,11,58,2013,2193000,4442100,36,104,64,69,32,124,44,66.6,34.5,124,11.86,4.7,22,34,21,102,102,89,16,6,31,17.6666666666667,9.5,100,0.2058096602,37,95,0.851445365,142
"134",134,"Nicaragua","NIC",125,NA,NA,NA,NA,NA,134,0.82472595,55,133,50.5,77,2014,123,64,122,11,11,11,134,75,78.5,82,78.5,74,135,2010,46,92,126,34,141,29,110,78.5,137.5,123,1,14,11.3329,166,104,59,2013,994000,5945646,63,105,16,123,144,53,138,94.8,95,125,17.3627358490566,18.8,77,54,69,95,95,90,52,26,6,28,35,101,0.302954289272727,118,96,0.800667518727273,109
"135",135,"Niger","NER",199,66,123,123,123,122,135,0.083506335,10,134,159,78,2014,67,38,123,122,122,133,135,25,27,173,75,60,NA,NA,NA,NA,127,90,168,129,129,129,185.5,124,6,8,4.716067,110,65,NA,NA,NA,NA,NA,106,51,142,195,79,10,95.4,97.5,126,17.3627358490566,57.1,140,54,119,52,52,91,103,39,97,79.6666666666667,129,102,0.185192559909091,22,97,0.688556985363636,62
"136",136,"Nigeria","NGA",134,NA,NA,NA,NA,NA,136,0.53602565,42,135,138,79,2014,38,24,124,163,163,175,136,156,175,194,175,199,NA,NA,NA,NA,128,50,172,12,128,90.5,157,125,6,8,10.27662,157,94,NA,NA,NA,NA,NA,107,7,21,137,74,165,80.8,58,127,17.3627358490566,69.4,151,54,130,18,18,92,116,22,76,71.3333333333333,119,103,0.219741347777778,55,98,0.752409266,86
"137",137,"Norway","NOR",23,NA,NA,NA,NA,NA,137,10.4045345,177,137,97.5,NA,NA,NA,NA,125,14,14,14,137,22,3,16,13.6666666666667,2,28,2014,92.8,9,129,1,146,46,2,48.75,60.5,126,5,10,0.9244112,25,15,NA,NA,NA,NA,NA,108,76,47,4,158,30,63,25.5,128,5.47,2,4,9,2,146,146,93,10,3,11,8,1,105,0.196342751333333,31,100,0.828735560166667,130
"138",138,"Oman","OMN",16.5,3,44,69,56.5,55,138,19.66325,195,138,178,NA,NA,NA,NA,126,172,172,187,138,20,37,54,37,9,136,2010,96.3,5,130,10,58.6666666666667,135,31,58.6666666666667,93,127,1,14,1.209071,36,23,60,2013,3153000,3906912,23,109,157,66,47,190,67,105.4,119,129,17.3627358490566,9.9,45,54,47,91,91,94,33,11,83,42.3333333333333,72,106,0.295164108,108,NA,NA,NA
"139",139,"Pacific island small states","PSS",146.5,NA,NA,NA,NA,NA,140,1.1059235,65,139,92,80,2014,44.03216,29,127,164,164,176,139,57,93.5,130,93.5,98,NA,NA,NA,NA,131,55,94,74.5,74.5,74.5,128.5,128,8.333333,5,3.478026,91,54,NA,NA,NA,NA,NA,NA,NA,NA,NA,NA,NA,NA,NA,130,17.3627358490566,22.29326,86,54,76,NA,NA,NA,NA,NA,NA,NA,NA,NA,NA,NA,NA,NA,NA
"140",140,"Pakistan","PAK",164,67,111,113,112,112,141,0.94926425,59,140,161.5,81,2014,169,72,128,80,80,84,140,169,20,148,112.333333333333,137,NA,NA,NA,NA,132,17,131,42,115,76.25,133.5,129,3,12,7.750212,134,81,NA,NA,NA,NA,NA,110,135,24,162,126,164,122.2,143,131,17.3627358490566,65.8,146,54,125,73,73,95,90,28,30,49.3333333333333,88,107,0.318967269,127,NA,NA,NA
"141",141,"Panama","PAN",51.5,115,73,58,65.5,70,143,2.537164,101,142,37,82,2014,73,42,130,90,90,96,141,77,95,49,73.6666666666667,56.5,29,2014,67.3,69,134,22,96,73,77,67,118,131,7,7,17.15242,176,107,61,2013,619000,3805683,64,NA,NA,NA,NA,NA,NA,NA,NA,133,17.58,14.6,67,55,64,80,80,97,41,12,5,19.3333333333333,13.5,109,0.199628861181818,33,102,0.849421430636364,141
"142",142,"Papua New Guinea","PNG",186,37,113,106,109.5,109,144,0.71403995,51,143,84,NA,NA,NA,NA,131,169,169,183,142,29,97.5,166,97.5,106.5,NA,NA,NA,NA,135,85,143,114,114,114,176,132,3,12,10.39518,159,98,NA,NA,NA,NA,NA,111,12,137,143,15,115,84.4,69,134,17.3627358490566,44.5,127,54,109,1,1,NA,NA,NA,NA,NA,NA,NA,NA,NA,NA,NA,NA
"143",143,"Paraguay","PRY",113,4,57,53,55,53,145,0.82959115,56,144,104.5,83,2014,75,44,132,110,110,120,143,30,90,108,76,61,30,2014,55.6,84,136,8,148,22,92,67.5,119,133,2,13,8.894034,147,90,62,2013,440000,6465669,79,112,67,101,115,16,110,81.8,60,135,12.28,17.5,74,40,59,143,143,98,66,19,73,52.6666666666667,91.5,110,0.218259766545455,52,103,0.865312159090909,145
"144",144,"Peru","PER",122,68,56,61,58.5,59,146,1.8764775,87,145,24,84,2014,58,34,133,72,72,75,144,44,82,87,71,47,105,2012,48.2,89,137,21,107,72,98,74.5,128.5,134,8,6,6.653681,124,73,63,2013,2364000,30565461,73,113,68,46,97,34,80,65,28.5,136,15.34,13.1,61,48,54,51,51,99,51,21,19,30.3333333333333,40,111,0.358176754363636,139,104,0.770683451090909,95
"145",145,"Philippines","PHL",110,NA,NA,NA,NA,NA,147,0.8729904,58,146,143,85,2014,78,46,134,50,50,52,145,185,78,140,134.333333333333,179,74,2013,58.2,80,138,28,109,43,107,71.75,125,135,3,12,9.312997,151,93,NA,NA,NA,NA,NA,114,54,28,139,28,93,68.4,37,137,24.78,22.2,85,77,94,137,137,100,71,30,18,39.6666666666667,63,NA,NA,NA,105,0.827121821181818,129
"146",146,"Poland","POL",25.5,38,2,5,3.5,2.5,148,8.3353295,167,147,47,NA,NA,NA,NA,135,65,65,68,146,135,31,53,73,53,31,2014,78.6,50,139,1,63,104,51,54.75,78,136,7,7,0.7818633,18,9,64,2013,10050000,38040196,50,115,100,22,59,72,62,63,25.5,138,11.98,4.5,21,36,22,153,153,101,28,19,49,32,43.5,112,0.2419390067,70,106,0.7487361969,85
"147",147,"Portugal","PRT",77,95,29,55,42,43,149,4.6999725,129,148,71.5,NA,NA,NA,NA,136,36,36,38,147,128,55,31,71.3333333333333,48,32,2014,80.3,48,140,1,102,65,44,53,72,137,2,13,1.344241,41,27,NA,NA,NA,NA,NA,116,102,50,44,175,22,78.6,55,139,12.28,3,12,40,18,154,154,102,19,31,63,37.6666666666667,57.5,113,0.328870730111111,133,107,0.705886715111111,72
"148",148,"Puerto Rico","PRI",90.5,116,52,70,61,63,NA,NA,NA,149,85.5,NA,NA,NA,NA,NA,NA,NA,NA,148,191,117,43,117,146.5,106,2012,84.4,39,141,22,11,16.5,16.5,16.5,8,138,10,3,26.4944,185,110,65,2013,839000,3595839,53,NA,NA,NA,NA,NA,NA,NA,NA,NA,NA,NA,NA,NA,NA,NA,NA,NA,NA,NA,NA,NA,NA,NA,NA,NA,NA,NA,NA
"149",149,"Qatar","QAT",8,5,55,35,45,46,150,43.329005,202,150,196,NA,NA,NA,NA,137,173,173,190.5,149,152,98.5,45,98.5,111,75,2013,99.3,1,142,10,49.6666666666667,135,4,49.6666666666667,64,139,1,14,8.055669,141,87,NA,NA,NA,NA,NA,117,82,51,5,81,19,47.6,7,140,17.3627358490566,6.8,30,54,39,NA,NA,NA,NA,NA,NA,NA,NA,NA,NA,NA,NA,NA,NA
"150",150,"Romania","ROM",102,96,46,25,35.5,33,151,4.064485,119,152,71.5,NA,NA,NA,NA,138,118,118,128,150,109,12,84,68.3333333333333,43,33,2014,67.9,67,143,1,92,69,68,57.5,89,140,10,3,1.54767,50,26,66,2013,11364000,19983693,32,119,66,44,78,102,100,78,54,141,17.01,9.7,44,52,46,112,112,104,42,28,43,37.6666666666667,57.5,114,0.3102563531,122,108,0.6232634484,37
"151",151,"Russia","RUS",18.5,117,21,12,16.5,17,NA,NA,NA,153,61.5,NA,NA,NA,NA,139,119,119,129,151,15,71,118,68,42,NA,NA,NA,NA,144,1,31,103,29,41,36,141,6,8,9.000348,148,88,67,2013,54069000,143506911,44,120,144,6,64,87,141,88.4,77,142,11.99,8.2,37,37,33,106,106,105,52,22,92,55.3333333333333,96,115,0.170380990636364,11,109,0.625270269181818,39
"152",152,"Rwanda","RWA",178,69,101,103,102,101,153,0.06011429,4,154,129,86,2014,248,86,140,1,1,1,152,196,94,161,150.333333333333,194,107,2012,17.8,116,145,86,174,130,130,130,187,142,11,2,4.613937,106,60,NA,NA,NA,NA,NA,121,50,140,181,31,108,102,111,143,17.3627358490566,31.1,102,54,89,133,133,106,89,42,88,73,121.5,116,0.177945715555556,15,110,0.713365316444444,74
"153",153,"Samoa","WSM",165,97,35,21,28,25,154,1.1779905,67,155,101.5,87,2014,20,12,141,159,159,171,153,86,94.5,103,94.5,100,108,2012,64.1,74,146,1,98,49.5,49.5,49.5,63,143,5,10,3.171355,84,52,68,2013,51000,190390,49,NA,NA,NA,NA,NA,NA,NA,NA,144,38.2,15,68,93,93,NA,NA,NA,NA,NA,NA,NA,NA,NA,NA,NA,NA,NA,NA
"154",154,"Sao Tome and Principe","STP",159,NA,NA,NA,NA,NA,155,0.58365795,44,156,131.5,88,2014,42,28,143,93,93,99.5,155,155,26,147,109.333333333333,130,NA,NA,NA,NA,147,45,129,87,87,87,150.5,145,0,15,3.33479,87,57,NA,NA,NA,NA,NA,NA,NA,NA,NA,NA,NA,NA,NA,146,17.3627358490566,34.6,110,54,96,NA,NA,NA,NA,NA,NA,NA,NA,NA,NA,NA,NA,NA,NA
"155",155,"Saudi Arabia","SAU",18.5,39,38,57,47.5,49,156,18.52504,194,157,118,89,2014,10,5,144,87,87,93,156,23,57,91,57,21,77,2013,94.6,6,148,10,1,134,18,40.75,35,146,2,13,6.242683,119,74,69,2013,19154000,30201051,27,122,156,16,41,76,99,77.6,52,147,18.42,12.5,57,57,59,67,67,NA,NA,NA,NA,NA,NA,117,0.267229045,89,111,0.727747310272727,81
"156",156,"Senegal","SEN",139,40,116,116,116,115,157,0.6134109,48,158,30.5,90,2014,108,57,145,6,6,6,157,97,68,149,104.666666666667,120,117,2011,22.3,110,149,48,140,30,122,85,146,147,6,8,8.062457,142,84,NA,NA,NA,NA,NA,123,86,113,167,143,9,103.6,117,148,17.3627358490566,41.7,121,54,104,34,34,107,82,41,78,67,109,118,0.201333140818182,34,112,0.734140358181818,83
"157",157,"Serbia","SRB",75,98,33,33,33,27.5,158,6.545566,151,159,131.5,NA,NA,NA,NA,146,29,29,29,158,105,21,73,66.3333333333333,39,78,2013,67.6,68,150,1,87,90,47,56.25,84,148,5,10,1.450236,46,28,NA,NA,NA,NA,NA,124,106,82,99,134,140,112.2,131,149,19.54,5.9,28,64,43,NA,NA,108,40,28,42,36.6666666666667,53,119,0.366337263,144,113,0.529977142777778,3
"158",158,"Seychelles","SYC",39,118,47,60,53.5,52,159,7.2576435,158,160,81,NA,NA,NA,NA,147,4,4,4,159,158,124,90,124,165,118,2011,85.8,33,151,1,7,4,4,4,1,149,2,13,2.19279,65,40,91,2012,54000,89900,28,125,27,175,61,21,71.5,71.1,44,150,20,11.7,53,67,62,NA,NA,NA,NA,NA,NA,NA,NA,NA,NA,NA,NA,NA,NA
"159",159,"Sierra Leone","SLE",177,41,115,115,115,114,160,0.13887515,16,161,93.5,91,2014,190,77,148,131,131,143,160,111,43,198,117.333333333333,149,NA,NA,NA,NA,152,91,166,128.5,128.5,128.5,183.5,150,5,10,1.824312,59,35,92,2012,104000,6178859,96,126,24,150,183,6,71.5,86.9,73,151,17.3627358490566,87.1,154,54,133,27,27,109,118,34,105,85.6666666666667,135.5,120,0.361972053888889,141,114,0.542222857444444,6
"160",160,"Singapore","SGP",7,42,8,43,25.5,22,161,3.487699,111,162,157,NA,NA,NA,NA,149,60,60,62,161,212,110,8,110,131,79,2013,85.1,35,153,1,8,119,16,36,19,151,8,6,0.3129141,4,1,70,2013,8647000,5399200,6,127,131,39,12,32,85,59.8,17.5,152,18.9,2.1,5,60,28,97,97,NA,NA,NA,NA,NA,NA,121,0.1700182675,10,115,0.6994421421,69
"161",161,"Slovakia","SVK",45,NA,NA,NA,NA,NA,NA,NA,NA,163,23,NA,NA,NA,NA,150,92,92,98,162,127,5,62,64.6666666666667,36.5,NA,NA,NA,NA,154,1,60,52,40,38.25,21.5,152,7,7,1.434542,44,24,71,2013,2129000,5413393,42,128,43,68,51,83,43,57.6,12,153,12.8,5.8,27,41,29,107,107,110,30,20,46,32,43.5,122,0.27742104975,93,116,0.690816059625,64
"162",162,"Slovenia","SVN",60.5,43,11,11,11,10.5,163,7.5174325,160,164,1,NA,NA,NA,NA,151,23,23,23,163,120,2,34,52,15,35,2014,81.4,47,155,1,85,47,26,39.75,29.5,153,3,12,0.5812842,8,5,72,2013,2612000,2059953,11,129,57,97,40,163,24,76.2,50,154,9.42,2.1,5,24,8,123,123,111,20,17,65,34,49,123,0.285902649222222,101,117,0.645761615666667,43
"163",163,"Solomon Islands","SLB",180,NA,NA,NA,NA,NA,165,0.3723188,38,165,91,92,2014,77,45,152,170,170,184.5,164,38,90.5,143,90.5,94,NA,NA,NA,NA,156,79,151,115,115,115,177,154,10,3,NA,NA,123,NA,NA,NA,NA,NA,NA,NA,NA,NA,NA,NA,NA,NA,155,17.3627358490566,23.6,89,54,79,NA,NA,NA,NA,NA,NA,NA,NA,NA,NA,NA,NA,NA,NA
"164",164,"Somalia","SOM",197,NA,NA,NA,NA,NA,166,0.06130957,6,166,189,NA,NA,NA,NA,153,116,116,126,165,31,111,191,111,134,NA,NA,NA,NA,157,69,184,126.5,126.5,126.5,181.5,NA,NA,NA,NA,NA,NA,NA,NA,NA,NA,NA,130,1,94,187,94,94,94,92.5,156,17.3627358490566,85,153,54,132,16,16,NA,NA,NA,NA,NA,NA,124,0.195744529666667,29,118,0.875514845,148
"165",165,"South Africa","ZAF",53,70,49,62,55.5,54,167,9.107185,172,167,166,93,2014,16,9,154,7,7,7,166,63,103,186,117.333333333333,149,36,2014,85.9,32,158,29,82,89,46,61.5,107,155,5,10,31.86366,190,117,73,2013,5168000,53157490,70,131,47,27,85,133,120,82.4,61,157,31.31,33.6,106,89,120,8,8,112,96,28,101,75,124,126,0.206748001272727,38,120,0.772084154818182,98
"166",166,"South Sudan","SSD",183,NA,NA,NA,NA,NA,NA,NA,NA,NA,NA,NA,NA,NA,NA,155,53,53,55,NA,NA,NA,NA,NA,NA,NA,NA,NA,NA,NA,NA,NA,NA,NA,NA,NA,156,2,13,14.41558,174,109,NA,NA,NA,NA,NA,133,155,119,158,192,175,159.8,156,158,17.3627358490566,60.3,141,54,120,NA,NA,NA,NA,NA,NA,NA,NA,128,0.475790560333333,153,122,0.605024238333333,27
"167",167,"Spain","ESP",64,44,24,31,27.5,24,168,5.8032755,139,169,43,NA,NA,NA,NA,156,13,13,13,167,114,53,6,57.6666666666667,22,37,2014,82.4,44,159,1,78,62,35,44,49,157,5,10,0.6260568,11,6,74,2013,11246000,46620045,52,134,33,14,34,178,31,58,14,159,17.14,3.5,17,53,31,82,82,114,6,15,13,11.3333333333333,4,129,0.312456445090909,124,123,0.733788636545455,82
"168",168,"Sri Lanka","LKA",132,119,67,73,70,71,169,0.6890832,50,170,77,94,2014,216,81,157,162,162,174,168,183,61,89,111,134,80,2013,53.8,86,160,27,147,32,114,80,141,158,3,12,2.790799,77,48,75,2013,1262000,20483000,83,135,117,60,129,8,131,89,79,160,0.46,8.4,38,1,15,93,93,115,40,36,23,33,48,130,0.1926220297,26,124,0.8087917744,114
"169",169,"St. Kitts and Nevis","KNA",42.5,NA,NA,NA,NA,NA,170,5.0120825,133,171,142,NA,NA,NA,NA,158,120,120,130.5,NA,NA,NA,NA,NA,NA,NA,NA,NA,NA,NA,NA,NA,NA,NA,NA,NA,159,5,10,33.42504,191,118,NA,NA,NA,NA,NA,NA,NA,NA,NA,NA,NA,NA,NA,161,17.3627358490566,8.4,38,54,43,NA,NA,NA,NA,NA,NA,NA,NA,NA,NA,NA,NA,NA,NA
"170",170,"St. Lucia","LCA",108,NA,NA,NA,NA,NA,171,2.2721255,95,172,147,NA,NA,NA,NA,159,101,101,109.5,169,180,128,76,128,171,NA,NA,NA,NA,161,22,20,21,21,21,9,160,5,10,21.57453,182,112,NA,NA,NA,NA,NA,NA,NA,NA,NA,NA,NA,NA,NA,162,17.3627358490566,12.7,59,54,58,NA,NA,NA,NA,NA,NA,NA,NA,NA,NA,NA,NA,NA,NA
"171",171,"St. Vincent and the Grenadines","VCT",101,NA,NA,NA,NA,NA,172,2.1634,92,173,95.5,95,2014,41,27,160,124,124,135,171,175,141,107,141,186.5,NA,NA,NA,NA,162,37,41,39,39,39,25.5,161,5,10,25.51362,184,113,NA,NA,NA,NA,NA,NA,NA,NA,NA,NA,NA,NA,NA,163,17.3627358490566,16.6,70,54,65,NA,NA,NA,NA,NA,NA,NA,NA,NA,NA,NA,NA,NA,NA
"172",172,"Sudan","SDN",152,45,92,96,94,93,173,0.34564975,34,174,155,117,2011,176,75,161,40,40,42,172,41,102,163,102,117,NA,NA,NA,NA,163,70,149,18,127,91,160,162,3,12,6.542221,122,76,NA,NA,NA,NA,NA,NA,NA,NA,NA,NA,NA,NA,NA,164,17.3627358490566,47.6,130,54,112,NA,NA,NA,NA,NA,NA,NA,NA,131,0.2518632024,79,125,0.6210008266,36
"173",173,"Suriname","SUR",55,120,63,52,57.5,57.5,174,4.13567,120,175,18,96,2014,59,35,191,135,135,147,173,6,63,120,63,32,81,2013,2.9,124,164,1,86,43.5,43.5,43.5,48,163,2,13,9.280288,150,93,NA,NA,NA,NA,NA,NA,NA,NA,NA,NA,NA,NA,NA,165,17.3627358490566,19,78,54,70,NA,NA,116,60,15,59,44.6666666666667,76,132,0.250364989,76,126,0.764222682,92
"174",174,"Swaziland","SWZ",148.5,121,86,86,86,85,175,0.86737775,57,176,148.5,97,2014,186,76,162,158,158,170,174,92,146.5,201,146.5,192,NA,NA,NA,NA,165,60,127,93.5,93.5,93.5,162,164,4,11,17.43288,177,110,76,2013,1573000,1250641,13,136,107,151,121,142,133,130.8,149,166,17.3627358490566,44.5,127,54,109,115,115,117,115,30,104,83,133.5,133,0.251053393,77,127,0.820613265,125
"175",175,"Sweden","SWE",14,NA,NA,NA,NA,NA,176,5.5622105,137,177,30.5,NA,NA,NA,NA,163,5,5,5,175,42,11,14,22.3333333333333,4,38,2014,89.7,17,166,1,138,21,9,42.25,41,165,6,8,0.9166511,24,13,77,2013,15917000,9600379,3,137,49,38,11,114,5,43.4,5,167,7.16,2.4,7,16,6,128,128,118,7,3,48,19.3333333333333,13.5,134,0.177012875636364,14,128,0.823773871727273,127
"176",176,"Switzerland","CHE",12,NA,NA,NA,NA,NA,177,4.7888645,131,178,53.5,NA,NA,NA,NA,164,41,41,43,176,160,29,5,64.6666666666667,36.5,39,2014,84.9,36,167,1,95,37,20,38.25,21.5,166,6,8,0.7261854,15,8,78,2013,12403000,8089346,8,138,19,36,7,140,1,40.6,3,168,7.27,3.4,16,17,12,63,63,119,5,1,21,9,2,135,0.191731830333333,25,129,0.8175766865,121
"177",177,"Syria","SYR",150,46,83,81,82,82,NA,NA,NA,179,193,NA,NA,NA,NA,165,130,130,142,177,132,105,78,105,121.5,NA,NA,NA,NA,168,13,22,122,97,63.5,111.5,167,1,14,2.150223,64,40,99,2010,6259000,21789415,48,NA,NA,NA,NA,NA,NA,NA,NA,169,17.3627358490566,11.1,49,54,50,62,62,120,65,44,90,66.3333333333333,107,136,0.474348566428571,152,130,0.508668703714286,1
"178",178,"Tajikistan","TJK",142.5,47,10,7,8.5,7,179,0.36641025,36,180,182,98,2014,245,85,166,91,91,97,178,79,105.5,132,105.5,123,NA,NA,NA,NA,169,1,145,23,82,62.75,108,168,1,14,1.462197,47,30,79,2013,15000,8111894,101,139,40,135,170,25,92.5,92.5,87,170,17.3627358490566,38.5,118,54,102,76,76,121,77,31,22,43.3333333333333,73.5,138,0.184382079727273,21,132,0.653817231090909,47
"179",179,"Tanzania","TZA",188.5,71,96,91,93.5,91.5,180,0.15249675,18,181,9.5,99,2014,258,87,167,26,26,26,179,78,59,157,98,109,82,2013,16.2,117,170,89,176,6,133,101,170,169,5,10,8.193912,143,86,NA,NA,NA,NA,NA,140,30,77,172,58,163,100,107,171,31.8,35.2,112,90,127,2,2,122,86,38,77,67,109,139,0.193153214727273,27,133,0.724360276272727,79
"180",180,"Thailand","THA",83.5,122,79,44,61.5,64,181,4.502459,127,182,77,100,2014,49,31,168,160,160,172,180,139,64,88,97,105,83,2013,41.4,96,171,1,97,76,70,61,104.5,170,3,12,4.904347,114,71,80,2013,5970000,67451422,71,141,77,19,101,55,77,65.8,32,172,13.81,10.5,46,45,42,92,92,123,45,14,8,22.3333333333333,21.5,140,0.162955458909091,7,134,0.859526265727273,144
"181",181,"Timor-Leste","TMP",193.5,123,108,111,109.5,109,182,0.16779015,20,183,85.5,101,2014,197,78,169,18,18,18,181,104,124.5,145,124.5,168,138,2010,28.3,107,NA,NA,NA,NA,NA,NA,NA,171,0,15,3.612951,93,60,NA,NA,NA,NA,NA,142,115,173,166,41,155,130,148,173,17.3627358490566,44.7,128,54,110,NA,NA,NA,NA,NA,NA,NA,NA,NA,NA,NA,NA,NA,NA
"182",182,"Togo","TGO",181,99,107,108,107.5,107,183,0.2942753,29,184,113.5,102,2014,102,54,170,95,95,102,182,138,84,179,133.666666666667,178,NA,NA,NA,NA,172,71,154,8,130,90.75,158.5,172,6,8,9.411765,153,91,NA,NA,NA,NA,NA,143,93,152,184,89,48,113.2,133,174,9,52.3,134,21,88,7,7,124,102,45,110,85.6666666666667,135.5,141,0.410626928,149,135,0.540516277333333,5
"183",183,"Tonga","TON",148.5,100,28,16,22,20,184,1.0562225,61,185,145,NA,NA,NA,NA,171,173,173,190.5,183,145,127,109,127,170,NA,NA,NA,NA,173,15,14,14.5,14.5,14.5,5,173,10,3,0.9488389,27,11,NA,NA,NA,NA,NA,NA,NA,NA,NA,NA,NA,NA,NA,175,17.3627358490566,14.4,66,54,62,NA,NA,NA,NA,NA,NA,NA,NA,NA,NA,NA,NA,NA,NA
"184",184,"Trinidad and Tobago","TTO",37.5,48,27,23,25,21,185,37.738945,201,186,74.5,103,2014,67,38,172,45,45,47,184,172,148.5,125,148.5,193,84,2013,77.9,51,174,2,6,132,28,42,39,174,7,7,30.2171,188,114,100,2010,273000,1348240,57,144,18,107,49,157,143,94.8,95,176,52.52,18.2,75,98,103,50,50,125,69,14,102,61.6666666666667,103,142,0.20821353775,39,136,0.83837963625,134
"185",185,"Tunisia","TUN",78,101,77,88,82.5,83,186,2.4690375,100,187,179,104,2014,5,2,173,35,35,37,185,89,51,100,80,77,85,2013,72,61,175,1,72,93,91,64.25,113,175,2,13,3.067736,82,53,95,2011,2303000,10886500,56,145,89,75,113,127,109,102.6,113.5,177,25.4,12.1,56,80,74,74,74,126,47,34,56,45.6666666666667,78,NA,NA,NA,NA,NA,NA
"186",186,"Turkey","TUR",116,49,37,48,42.5,44,187,4.25213,122,188,176.5,105,2014,2,1,174,113,113,123,186,119,67,72,86,87.5,40,2014,66.1,71,176,1,71,92,66,57.5,89,176,3,12,4.348625,105,64,81,2013,7526000,75010202,69,146,114,17,69,39,150,77.8,53,178,24.79,11.6,52,78,68,113,113,127,46,25,55,42,70.5,NA,NA,NA,137,0.580119734454545,17
"187",187,"Turkmenistan","TKM",114,50,15,13,14,14,188,11.77089,183,189,183,106,2014,21,13,175,57,57,59,187,18,85.5,153,85.5,84.5,NA,NA,NA,NA,177,1,35,35,69,35,16,NA,NA,NA,NA,NA,NA,NA,NA,NA,NA,NA,NA,NA,NA,NA,NA,NA,NA,NA,179,17.3627358490566,43.7,126,54,108,96,96,128,84,23,106,71,117.5,143,0.180089477,16,138,0.662845628571429,50
"188",188,"Uganda","UGA",172.5,72,99,101,100,100,190,0.10959195,13,192,134,107,2014,172,73,177,28,28,28,188,153,76,183,137.333333333333,185,86,2013,19.6,113,179,84,181,132.5,132.5,132.5,188,177,6,8,10.52469,160,96,82,2013,378000,36573387,98,147,105,94,180,96,158,126.6,145,181,5.91,37.7,116,13,67,4,4,129,109,35,89,77.6666666666667,127,144,0.299547447363636,113,139,0.671435903272727,55
"189",189,"Ukraine","UKR",68,51,19,10,14.5,15,191,6.450252,149,193,161.5,NA,NA,NA,NA,178,134,134,146,189,99,1,117,72.3333333333333,50,41,2014,84.1,40,180,1,25,75,56,39.25,27,178,8,6,4.317026,103,61,83,2013,23761000,45489600,34,148,121,40,126,97,129,102.6,113.5,182,19.98,7.7,36,66,49,94,94,130,49,28,55,44,75,145,0.218657142818182,53,140,0.589814771272727,22
"190",190,"United Arab Emirates","ARE",2,NA,NA,NA,NA,NA,192,20.2774,196,194,135.5,108,2014,22,14,179,96,96,103,190,125,87.5,50,87.5,91.5,NA,NA,NA,NA,181,10,3,130,11,38.5,23.5,179,2,13,0.6136677,9,7,NA,NA,NA,NA,NA,149,152,30,28,128,11,69.8,40.5,183,17.3627358490566,5.9,28,54,38,33,33,NA,NA,NA,NA,NA,NA,NA,NA,NA,NA,NA,NA
"191",191,"United Kingdom","GBR",22,NA,NA,NA,NA,NA,193,7.4636925,159,195,90,NA,NA,NA,NA,180,44,44,46,191,173,33,23,76.3333333333333,62.5,42,2014,84.4,39,182,1,36,85,37,39.75,29.5,180,7,7,0.9571372,28,15,84,2013,58510000,64106779,19,150,111,9,26,125,81,70.4,42.5,184,11.87,3.5,17,35,18,109,109,131,21,9,28,19.3333333333333,13.5,146,0.221699103636364,58,141,0.818791465272727,123
"192",192,"United States of America","USA",66.5,NA,NA,NA,NA,NA,NA,NA,NA,196,79,NA,NA,NA,NA,181,89,89,95,192,55,70,42,55.6666666666667,19,NA,NA,NA,NA,183,1,50,82,10,35.75,18,181,11,2,3.824631,97,55,85,2013,61569000,316497531,59,151,145,1,13,118,46,64.6,27,185,16.49,5.6,26,50,34,NA,NA,132,25,10,85,40,64.5,NA,NA,NA,NA,NA,NA
"193",193,"Uruguay","URY",29,52,48,27,37.5,36,195,2.104403,90,197,185,109,2014,24,16,182,105,105,115,193,36,72,55,54.3333333333333,17,88,2013,72.4,60,184,5,133,40,64,60.5,102.5,182,4,11,7.711195,133,80,86,2013,2281000,3407969,26,152,97,90,53,26,151,83.4,63.5,186,20.51,8.7,41,69,55,125,125,133,35,16,12,21,17,148,0.262123483272727,84,143,0.812314943636364,116
"194",194,"Uzbekistan","UZB",135,53,5,15,10,9,196,3.8040945,115,198,184,110,2014,39,25,183,106,106,116,194,91,115,139,115,140,NA,NA,NA,NA,185,1,21,121,84,56.75,87,183,6,8,3.263962,85,51,101,2010,1610000,30243200,86,NA,NA,NA,NA,NA,NA,NA,NA,187,17.3627358490566,33.9,108,54,94,87,87,134,78,18,41,45.6666666666667,78,149,0.1419976541,3,144,0.7761288166,102
"195",195,"Vanuatu","VUT",168,54,85,83,84,84,197,0.5439285,43,199,156,111,2014,46,30,184,173,173,190.5,195,40,57,113,70,45,NA,NA,NA,NA,186,74,116,95,95,95,165,184,10,3,2.845013,79,42,87,2013,26000,253165,68,NA,NA,NA,NA,NA,NA,NA,NA,188,17.3627358490566,23.1,88,54,78,NA,NA,135,64,15,3,27.3333333333333,32.5,NA,NA,NA,NA,NA,NA
"196",196,"Venezuela","VEN",105,102,75,51,63,66.5,NA,NA,NA,200,8,112,2014,12,7,185,99,99,106,196,54,74.5,95,74.5,59,NA,NA,NA,NA,187,1,64,100,60,56.25,84,185,1,14,53.61968,199,121,88,2013,1931000,30276045,82,153,44,31,65,172,177,97.8,105,189,19.19,12.9,60,62,64,88,88,136,47,10,24,27,31,150,0.219652348,54,145,0.823427747636364,126
"197",197,"Vietnam","VNM",58.5,NA,NA,NA,NA,NA,199,1.866792,86,201,110.5,113,2014,99,53,186,63,63,66,197,176,63,65,101.333333333333,115,90,2013,34.8,103,188,7,119,54,95,68.75,123,186,7,7,1.511913,49,28,NA,NA,NA,NA,NA,154,109,35,146,24,160,94.8,95,190,9.34,17.3,72,23,45,122,122,137,48,22,4,24.6666666666667,28,151,0.209818264363636,41,146,0.631631406727273,41
"198",198,"Yemen","YEM",157.5,55,93,104,98.5,98.5,NA,NA,NA,203,194,114,2014,176,75,187,173,173,190.5,199,73,116,159,116,142.5,NA,NA,NA,NA,189,56,12,124,125,79.25,140,187,0,15,6.999206,126,78,NA,NA,NA,NA,NA,155,150,80,157,188,143.75,143.75,153,191,48.1,33.8,107,97,129,150,150,138,88,38,75,67,109,152,0.299955189222222,115,147,0.545320080333333,8
"199",199,"Zambia","ZMB",166,NA,NA,NA,NA,NA,201,0.20226415,23,204,2,115,2014,408,93,188,128,128,139,200,39,101,178,106,124.5,109,2012,20.4,111,190,80,175,4,111,92.5,161,188,7,7,6.158742,118,70,NA,NA,NA,NA,NA,156,75,100,149,40,145,101.8,110,192,28.3,43.3,123,84,132,35,35,139,104,29,61,64.6666666666667,105,153,0.2644052021,86,148,0.7266091525,80
"200",200,"Zimbabwe","ZWE",146.5,103,90,85,87.5,86,202,0.6688853,49,205,32.5,116,2014,244,84,189,33,33,35,201,60,124,188,124,165,110,2012,34,104,191,63,156,19,112,87.5,152.5,189,5,10,7.530804,132,79,97,2011,693000,14898092,88,157,108,130,173,11,105.5,105.5,120,193,17.3627358490566,46.6,129,54,111,101,101,140,108,28,77,71,117.5,154,0.213584839090909,45,149,0.711869039454545,73
"201",201,"Micronesia","FSM",170,NA,NA,NA,NA,NA,NA,NA,NA,120,106,NA,NA,NA,NA,110,173,173,190.5,122,146,141,136,141,186.5,NA,NA,NA,NA,NA,NA,NA,NA,NA,NA,NA,112,11,2,4.852033,113,63,NA,NA,NA,NA,NA,NA,NA,NA,NA,NA,NA,NA,NA,113,17.3627358490566,28.6,97,54,85,NA,NA,NA,NA,NA,NA,NA,NA,NA,NA,NA,NA,NA,NA
"202",202,"Tuvalu","TUV",160.5,NA,NA,NA,NA,NA,NA,NA,NA,191,167,NA,NA,NA,NA,176,156,156,168,NA,NA,NA,NA,NA,NA,NA,NA,NA,NA,NA,NA,NA,NA,NA,NA,NA,NA,NA,NA,NA,NA,NA,96,2011,2100,9876,55,NA,NA,NA,NA,NA,NA,NA,NA,180,17.3627358490566,22.8,87,54,77,NA,NA,NA,NA,NA,NA,NA,NA,NA,NA,NA,NA,NA,NA
"203",203,"San Marino","SMR",90.5,NA,NA,NA,NA,NA,NA,NA,NA,NA,NA,NA,NA,NA,NA,142,101,101,109.5,154,199,101,3,101,114,137,2010,91,14,NA,NA,NA,NA,NA,NA,NA,144,1,14,NA,NA,122,NA,NA,NA,NA,NA,NA,NA,NA,NA,NA,NA,NA,NA,145,17.3627358490566,2.6,9,54,26,NA,NA,NA,NA,NA,NA,NA,NA,NA,NA,NA,NA,NA,NA
"204",NA,"Palau",NA,NA,36,17,14,15.5,16,142,10.71235,180,141,4,NA,NA,NA,NA,129,173,173,190.5,NA,NA,NA,NA,NA,NA,NA,NA,NA,NA,133,47,24,35.5,35.5,35.5,17,130,10,3,4.824426,112,63,NA,NA,NA,NA,NA,NA,NA,NA,NA,NA,NA,NA,NA,132,17.3627358490566,14.2,65,54,61,NA,NA,NA,NA,NA,NA,NA,NA,NA,NA,NA,NA,NA,NA
"205",NA,"Bahamas, The",NA,NA,NA,NA,NA,NA,NA,13,6.0145825,142,NA,NA,NA,NA,NA,NA,NA,NA,NA,NA,NA,NA,NA,NA,NA,NA,111,2011,85.4,34,NA,NA,NA,NA,NA,NA,NA,NA,NA,NA,NA,NA,NA,NA,NA,NA,NA,NA,NA,NA,NA,NA,NA,NA,NA,NA,NA,NA,NA,NA,NA,NA,NA,NA,NA,NA,NA,NA,NA,NA,NA,NA,NA,NA,NA,NA
"206",NA,"Congo, Dem. Rep.",NA,NA,NA,NA,NA,NA,NA,43,0.049815375,3,NA,NA,NA,NA,NA,NA,NA,NA,NA,NA,NA,NA,NA,NA,NA,NA,NA,NA,NA,NA,NA,NA,NA,NA,NA,NA,NA,NA,NA,NA,NA,NA,NA,NA,NA,NA,NA,NA,NA,NA,NA,NA,NA,NA,NA,NA,NA,NA,NA,NA,NA,NA,NA,NA,NA,NA,NA,NA,NA,NA,NA,NA,NA,NA,NA,NA
"207",NA,"Congo, Rep.",NA,NA,NA,NA,NA,NA,NA,44,0.5057853,40,NA,NA,NA,NA,NA,NA,NA,NA,NA,NA,NA,NA,NA,NA,NA,NA,NA,NA,NA,NA,NA,NA,NA,NA,NA,NA,NA,NA,NA,NA,NA,NA,NA,NA,NA,NA,NA,NA,NA,NA,NA,NA,NA,NA,NA,NA,NA,NA,NA,NA,NA,NA,NA,NA,NA,NA,NA,NA,NA,NA,NA,NA,NA,NA,NA,NA
"208",NA,"Gambia, The",NA,NA,NA,NA,NA,NA,NA,68,0.2602546,28,NA,NA,NA,NA,NA,NA,NA,NA,NA,NA,NA,NA,NA,NA,NA,NA,95,2012,23.5,109,NA,NA,NA,NA,NA,NA,NA,NA,NA,NA,NA,NA,NA,NA,NA,NA,NA,NA,NA,NA,NA,NA,NA,NA,NA,NA,NA,NA,NA,NA,NA,NA,NA,NA,NA,NA,NA,NA,NA,NA,NA,NA,NA,NA,NA,NA
"209",NA,"Iran, Islamic Rep.",NA,NA,NA,NA,NA,NA,NA,86,7.750087,163,NA,NA,NA,NA,NA,NA,NA,NA,NA,NA,NA,NA,NA,NA,NA,NA,17,2014,55.9,83,NA,NA,NA,NA,NA,NA,NA,NA,NA,NA,NA,NA,NA,NA,NA,NA,NA,NA,NA,NA,NA,NA,NA,NA,NA,NA,NA,NA,NA,NA,NA,NA,NA,NA,NA,NA,NA,NA,NA,NA,NA,NA,NA,NA,NA,NA
"210",NA,"Korea, Rep.",NA,NA,NA,NA,NA,NA,NA,98,11.655175,182,NA,NA,NA,NA,NA,NA,NA,NA,NA,NA,NA,NA,NA,NA,NA,NA,68,2013,72.6,59,NA,NA,NA,NA,NA,NA,NA,NA,NA,NA,NA,NA,NA,NA,NA,NA,NA,NA,NA,NA,NA,NA,NA,NA,NA,NA,NA,NA,NA,NA,NA,NA,NA,NA,NA,NA,NA,NA,NA,NA,NA,NA,NA,NA,NA,NA
"211",NA,"Kyrgyz Republic",NA,NA,NA,NA,NA,NA,NA,100,1.16453,66,NA,NA,NA,NA,NA,NA,NA,NA,NA,NA,NA,NA,NA,NA,NA,NA,69,2013,52.7,88,NA,NA,NA,NA,NA,NA,NA,NA,NA,NA,NA,NA,NA,NA,NA,NA,NA,NA,NA,NA,NA,NA,NA,NA,NA,NA,NA,NA,NA,NA,NA,NA,NA,NA,NA,NA,NA,NA,NA,NA,NA,NA,NA,NA,NA,NA
"212",NA,"Macedonia, FYR",NA,NA,NA,NA,NA,NA,NA,111,4.3451855,123,NA,NA,NA,NA,NA,NA,NA,NA,NA,NA,NA,NA,NA,NA,NA,NA,23,2014,73.3,58,NA,NA,NA,NA,NA,NA,NA,NA,NA,NA,NA,NA,NA,NA,NA,NA,NA,NA,NA,NA,NA,NA,NA,NA,NA,NA,NA,NA,NA,NA,NA,NA,NA,NA,NA,NA,NA,NA,NA,NA,NA,NA,NA,NA,NA,NA
"213",NA,"Micronesia, Fed. Sts.",NA,NA,NA,NA,NA,NA,NA,122,1.204091,68,NA,NA,NA,NA,NA,NA,NA,NA,NA,NA,NA,NA,NA,NA,NA,NA,NA,NA,NA,NA,NA,NA,NA,NA,NA,NA,NA,NA,NA,NA,NA,NA,NA,NA,NA,NA,NA,NA,NA,NA,NA,NA,NA,NA,NA,NA,NA,NA,NA,NA,NA,NA,NA,NA,NA,NA,NA,NA,NA,NA,NA,NA,NA,NA,NA,NA
"214",NA,"Other small states",NA,NA,NA,NA,NA,NA,NA,139,1.531726,75,NA,NA,NA,NA,NA,NA,NA,NA,NA,NA,NA,NA,NA,NA,NA,NA,NA,NA,NA,NA,NA,NA,NA,NA,NA,NA,NA,NA,NA,NA,NA,NA,NA,NA,NA,NA,NA,NA,NA,NA,NA,NA,NA,NA,NA,NA,NA,NA,NA,NA,NA,NA,NA,NA,NA,NA,NA,NA,NA,NA,NA,NA,NA,NA,NA,NA
"215",NA,"Russian Federation",NA,NA,NA,NA,NA,NA,NA,152,12.422885,186,NA,NA,NA,NA,NA,NA,NA,NA,NA,NA,NA,NA,NA,NA,NA,NA,76,2013,92.7,10,NA,NA,NA,NA,NA,NA,NA,NA,NA,NA,NA,NA,NA,NA,NA,NA,NA,NA,NA,NA,NA,NA,NA,NA,NA,NA,NA,NA,NA,NA,NA,NA,NA,NA,NA,NA,NA,NA,NA,NA,NA,NA,NA,NA,NA,NA
"216",NA,"Slovak Republic",NA,NA,NA,NA,NA,NA,NA,162,6.544753,150,NA,NA,NA,NA,NA,NA,NA,NA,NA,NA,NA,NA,NA,NA,NA,NA,34,2014,84.6,38,NA,NA,NA,NA,NA,NA,NA,NA,NA,NA,NA,NA,NA,NA,NA,NA,NA,NA,NA,NA,NA,NA,NA,NA,NA,NA,NA,NA,NA,NA,NA,NA,NA,NA,NA,NA,NA,NA,NA,NA,NA,NA,NA,NA,NA,NA
"217",NA,"Small states",NA,NA,NA,NA,NA,NA,NA,164,3.496741,112,NA,NA,NA,NA,NA,NA,NA,NA,NA,NA,NA,NA,NA,NA,NA,NA,NA,NA,NA,NA,NA,NA,NA,NA,NA,NA,NA,NA,NA,NA,NA,NA,NA,NA,NA,NA,NA,NA,NA,NA,NA,NA,NA,NA,NA,NA,NA,NA,NA,NA,NA,NA,NA,NA,NA,NA,NA,NA,NA,NA,NA,NA,NA,NA,NA,NA
"218",NA,"Syrian Arab Republic",NA,NA,NA,NA,NA,NA,NA,178,2.854366,104,NA,NA,NA,NA,NA,NA,NA,NA,NA,NA,NA,NA,NA,NA,NA,NA,119,2011,62.6,77,NA,NA,NA,NA,NA,NA,NA,NA,NA,NA,NA,NA,NA,NA,NA,NA,NA,NA,NA,NA,NA,NA,NA,NA,NA,NA,NA,NA,NA,NA,NA,NA,NA,NA,NA,NA,NA,NA,NA,NA,NA,NA,NA,NA,NA,NA
"219",NA,"Turks and Caicos Islands",NA,NA,NA,NA,NA,NA,NA,189,6.0813175,145,190,131.5,NA,NA,NA,NA,NA,NA,NA,NA,NA,NA,NA,NA,NA,NA,NA,NA,NA,NA,178,22,9,15.5,15.5,15.5,6.5,NA,NA,NA,NA,NA,NA,NA,NA,NA,NA,NA,NA,NA,NA,NA,NA,NA,NA,NA,NA,NA,NA,NA,NA,NA,NA,NA,NA,NA,NA,NA,NA,NA,NA,NA,NA,NA,NA,NA
"220",NA,"United States",NA,NA,NA,NA,NA,NA,NA,194,17.252505,192,NA,NA,NA,NA,NA,NA,NA,NA,NA,NA,NA,NA,NA,NA,NA,NA,87,2013,93.4,7,NA,NA,NA,NA,NA,NA,NA,NA,NA,NA,NA,NA,NA,NA,NA,NA,NA,NA,NA,NA,NA,NA,NA,NA,NA,NA,NA,NA,NA,NA,NA,NA,85,85,NA,NA,NA,NA,NA,NA,147,0.256839553090909,82,142,0.833609060727273,132
"221",NA,"Venezuela, RB",NA,NA,NA,NA,NA,NA,NA,198,6.614045,152,NA,NA,NA,NA,NA,NA,NA,NA,NA,NA,NA,NA,NA,NA,NA,NA,89,2013,59.2,79,NA,NA,NA,NA,NA,NA,NA,NA,NA,NA,NA,NA,NA,NA,NA,NA,NA,NA,NA,NA,NA,NA,NA,NA,NA,NA,NA,NA,NA,NA,NA,NA,NA,NA,NA,NA,NA,NA,NA,NA,NA,NA,NA,NA,NA,NA
"222",NA,"Yemen, Rep.",NA,NA,NA,NA,NA,NA,NA,200,1.0050138,60,NA,NA,NA,NA,NA,NA,NA,NA,NA,NA,NA,NA,NA,NA,NA,NA,139,2010,65.9,72,NA,NA,NA,NA,NA,NA,NA,NA,NA,NA,NA,NA,NA,NA,NA,NA,NA,NA,NA,NA,NA,NA,NA,NA,NA,NA,NA,NA,NA,NA,NA,NA,NA,NA,NA,NA,NA,NA,NA,NA,NA,NA,NA,NA,NA,NA
"223",NA,"American Samoa",NA,NA,NA,NA,NA,NA,NA,NA,NA,NA,4,14,NA,NA,NA,NA,NA,NA,NA,NA,NA,NA,NA,NA,NA,NA,120,2010,96.9,2,NA,NA,NA,NA,NA,NA,NA,NA,NA,NA,NA,NA,NA,NA,NA,NA,NA,NA,NA,NA,NA,NA,NA,NA,NA,NA,NA,NA,NA,NA,NA,NA,NA,NA,NA,NA,NA,NA,NA,NA,NA,NA,NA,NA,NA,NA
"224",NA,"Channel Islands",NA,NA,NA,NA,NA,NA,NA,NA,NA,NA,40,192,NA,NA,NA,NA,NA,NA,NA,NA,37,204,116.5,29,116.5,144.5,NA,NA,NA,NA,NA,NA,NA,NA,NA,NA,NA,NA,NA,NA,NA,NA,NA,NA,NA,NA,NA,NA,NA,NA,NA,NA,NA,NA,NA,NA,NA,NA,NA,NA,NA,NA,NA,NA,NA,NA,NA,NA,NA,NA,NA,NA,NA,NA,NA,NA
"225",NA,"Guam",NA,NA,NA,NA,NA,NA,NA,NA,NA,NA,76,97.5,NA,NA,NA,NA,NA,NA,NA,NA,74,181,111,41,111,134,NA,NA,NA,NA,NA,NA,NA,NA,NA,NA,NA,NA,NA,NA,NA,NA,NA,NA,NA,NA,NA,NA,NA,NA,NA,NA,NA,NA,NA,NA,NA,NA,NA,NA,NA,NA,NA,NA,NA,NA,NA,NA,NA,NA,NA,NA,NA,NA,NA,NA
"226",NA,"Northern Mariana Islands",NA,NA,NA,NA,NA,NA,NA,NA,NA,NA,136,19,NA,NA,NA,NA,NA,NA,NA,NA,NA,NA,NA,NA,NA,NA,NA,NA,NA,NA,NA,NA,NA,NA,NA,NA,NA,NA,NA,NA,NA,NA,NA,NA,NA,NA,NA,NA,NA,NA,NA,NA,NA,NA,NA,NA,NA,NA,NA,NA,NA,NA,NA,NA,NA,NA,NA,NA,NA,NA,NA,NA,NA,NA,NA,NA
"227",NA,"Virgin Islands (U.S.)",NA,NA,NA,NA,NA,NA,NA,NA,NA,NA,202,117,NA,NA,NA,NA,NA,NA,NA,NA,198,179,108,37,108,128.5,NA,NA,NA,NA,NA,NA,NA,NA,NA,NA,NA,NA,NA,NA,NA,NA,NA,NA,NA,NA,NA,NA,NA,NA,NA,NA,NA,NA,NA,NA,NA,NA,NA,NA,NA,NA,NA,NA,NA,NA,NA,NA,NA,NA,NA,NA,NA,NA,NA,NA
"228",NA,"Curacao",NA,NA,NA,NA,NA,NA,NA,NA,NA,NA,NA,NA,NA,NA,NA,NA,NA,NA,NA,NA,48,187,117.5,48,117.5,151.5,NA,NA,NA,NA,NA,NA,NA,NA,NA,NA,NA,NA,NA,NA,NA,NA,NA,NA,NA,NA,NA,NA,NA,NA,NA,NA,NA,NA,NA,NA,NA,NA,NA,NA,NA,NA,NA,NA,NA,NA,NA,NA,NA,NA,NA,NA,NA,NA,NA,NA
"229",NA,"Kosovo",NA,NA,NA,NA,NA,NA,NA,NA,NA,NA,NA,NA,NA,NA,NA,NA,NA,NA,NA,NA,99,150,8,122,93.3333333333333,97,99,2012,74.5,57,93,1,90,96,65,63,109.5,90,8,6,2.218965,66,36,NA,NA,NA,NA,NA,NA,NA,NA,NA,NA,NA,NA,NA,NA,NA,NA,NA,NA,NA,NA,NA,NA,NA,NA,NA,NA,NA,73,0.1803419509,17,NA,NA,NA
"230",NA,"St. Martin (French part)",NA,NA,NA,NA,NA,NA,NA,NA,NA,NA,NA,NA,NA,NA,NA,NA,NA,NA,NA,NA,170,201,120.5,40,120.5,157,NA,NA,NA,NA,NA,NA,NA,NA,NA,NA,NA,NA,NA,NA,NA,NA,NA,NA,NA,NA,NA,NA,NA,NA,NA,NA,NA,NA,NA,NA,NA,NA,NA,NA,NA,NA,NA,NA,NA,NA,NA,NA,NA,NA,NA,NA,NA,NA,NA,NA
"231",NA,"Congo",NA,NA,NA,NA,NA,NA,NA,NA,NA,NA,NA,NA,NA,NA,NA,NA,NA,NA,NA,NA,NA,NA,NA,NA,NA,NA,NA,NA,NA,NA,NA,NA,NA,NA,NA,NA,NA,NA,NA,NA,NA,NA,NA,NA,NA,NA,NA,NA,NA,NA,NA,NA,NA,NA,NA,NA,NA,NA,NA,NA,NA,NA,9,9,NA,NA,NA,NA,NA,NA,NA,NA,NA,NA,NA,NA
"232",NA,"Yugoslavia (19431992)",NA,NA,NA,NA,NA,NA,NA,NA,NA,NA,NA,NA,NA,NA,NA,NA,NA,NA,NA,NA,NA,NA,NA,NA,NA,NA,NA,NA,NA,NA,NA,NA,NA,NA,NA,NA,NA,NA,NA,NA,NA,NA,NA,NA,NA,NA,NA,NA,NA,NA,NA,NA,NA,NA,NA,NA,NA,NA,NA,NA,NA,NA,19,19,NA,NA,NA,NA,NA,NA,NA,NA,NA,NA,NA,NA
"233",NA,"Ivory Coast",NA,NA,NA,NA,NA,NA,NA,NA,NA,NA,NA,NA,NA,NA,NA,NA,NA,NA,NA,NA,NA,NA,NA,NA,NA,NA,NA,NA,NA,NA,NA,NA,NA,NA,NA,NA,NA,NA,NA,NA,NA,NA,NA,NA,NA,NA,NA,NA,NA,NA,NA,NA,NA,NA,NA,NA,NA,NA,NA,NA,NA,NA,21,21,NA,NA,NA,NA,NA,NA,67,0.3016316206,117,63,0.6722905516,57
"234",NA,"USSR (19221991)",NA,NA,NA,NA,NA,NA,NA,NA,NA,NA,NA,NA,NA,NA,NA,NA,NA,NA,NA,NA,NA,NA,NA,NA,NA,NA,NA,NA,NA,NA,NA,NA,NA,NA,NA,NA,NA,NA,NA,NA,NA,NA,NA,NA,NA,NA,NA,NA,NA,NA,NA,NA,NA,NA,NA,NA,NA,NA,NA,NA,NA,NA,37,37,NA,NA,NA,NA,NA,NA,NA,NA,NA,NA,NA,NA
"235",NA,"Sudan (19552011)",NA,NA,NA,NA,NA,NA,NA,NA,NA,NA,NA,NA,NA,NA,NA,NA,NA,NA,NA,NA,NA,NA,NA,NA,NA,NA,NA,NA,NA,NA,NA,NA,NA,NA,NA,NA,NA,NA,NA,NA,NA,NA,NA,NA,NA,NA,NA,NA,NA,NA,NA,NA,NA,NA,NA,NA,NA,NA,NA,NA,NA,NA,38,38,NA,NA,NA,NA,NA,NA,NA,NA,NA,NA,NA,NA
"236",NA,"Kingdom of Yugoslavia (19181943)",NA,NA,NA,NA,NA,NA,NA,NA,NA,NA,NA,NA,NA,NA,NA,NA,NA,NA,NA,NA,NA,NA,NA,NA,NA,NA,NA,NA,NA,NA,NA,NA,NA,NA,NA,NA,NA,NA,NA,NA,NA,NA,NA,NA,NA,NA,NA,NA,NA,NA,NA,NA,NA,NA,NA,NA,NA,NA,NA,NA,NA,NA,64,64,NA,NA,NA,NA,NA,NA,NA,NA,NA,NA,NA,NA
"237",NA,"Burma",NA,NA,NA,NA,NA,NA,NA,NA,NA,NA,NA,NA,NA,NA,NA,NA,NA,NA,NA,NA,NA,NA,NA,NA,NA,NA,NA,NA,NA,NA,NA,NA,NA,NA,NA,NA,NA,NA,NA,NA,NA,NA,NA,NA,NA,NA,NA,NA,NA,NA,NA,NA,NA,NA,NA,NA,NA,NA,NA,NA,NA,NA,75,75,NA,NA,NA,NA,NA,NA,NA,NA,NA,NA,NA,NA
"238",NA,"Czechoslovakia (19181992)",NA,NA,NA,NA,NA,NA,NA,NA,NA,NA,NA,NA,NA,NA,NA,NA,NA,NA,NA,NA,NA,NA,NA,NA,NA,NA,NA,NA,NA,NA,NA,NA,NA,NA,NA,NA,NA,NA,NA,NA,NA,NA,NA,NA,NA,NA,NA,NA,NA,NA,NA,NA,NA,NA,NA,NA,NA,NA,NA,NA,NA,NA,81,81,NA,NA,NA,NA,NA,NA,NA,NA,NA,NA,NA,NA
"239",NA,"Laos",NA,NA,NA,NA,NA,NA,NA,NA,NA,NA,NA,NA,NA,NA,NA,NA,NA,NA,NA,NA,NA,NA,NA,NA,NA,NA,NA,NA,NA,NA,NA,NA,NA,NA,NA,NA,NA,NA,NA,NA,NA,NA,NA,NA,NA,NA,NA,NA,NA,NA,NA,NA,NA,NA,NA,NA,NA,NA,NA,NA,NA,NA,89,89,NA,NA,NA,NA,NA,NA,75,0.2224137694,59,70,0.8785677314,149
"240",NA,"Taiwan",NA,NA,NA,NA,NA,NA,NA,NA,NA,NA,NA,NA,NA,NA,NA,NA,NA,NA,NA,NA,NA,NA,NA,NA,NA,NA,NA,NA,NA,NA,NA,NA,NA,NA,NA,NA,NA,NA,NA,NA,NA,NA,NA,NA,NA,NA,NA,NA,NA,NA,NA,NA,NA,NA,NA,NA,NA,NA,NA,NA,NA,NA,116,116,NA,NA,NA,NA,NA,NA,NA,NA,NA,NA,NA,NA
"241",NA,"Egypt",NA,NA,NA,NA,NA,NA,NA,NA,NA,NA,NA,NA,NA,NA,NA,NA,NA,NA,NA,NA,NA,NA,NA,NA,NA,NA,NA,NA,NA,NA,NA,NA,NA,NA,NA,NA,NA,NA,NA,NA,NA,NA,NA,NA,NA,NA,NA,NA,NA,NA,NA,NA,NA,NA,NA,NA,NA,NA,NA,NA,NA,NA,136,136,38,59,37,69,55,94.5,41,0.354104285818182,137,38,0.605641663090909,30
"242",NA,"North Korea",NA,NA,NA,NA,NA,NA,NA,NA,NA,NA,NA,NA,NA,NA,NA,NA,NA,NA,NA,NA,NA,NA,NA,NA,NA,NA,NA,NA,NA,NA,NA,NA,NA,NA,NA,NA,NA,NA,NA,NA,NA,NA,NA,NA,NA,NA,NA,NA,NA,NA,NA,NA,NA,NA,NA,NA,NA,NA,NA,NA,NA,NA,159,159,NA,NA,NA,NA,NA,NA,NA,NA,NA,NA,NA,NA
"243",NA,"Hong Kong",NA,NA,NA,NA,NA,NA,NA,NA,NA,NA,NA,NA,NA,NA,NA,NA,NA,NA,NA,NA,NA,NA,NA,NA,NA,NA,NA,NA,NA,NA,NA,NA,NA,NA,NA,NA,NA,NA,NA,NA,NA,NA,NA,NA,NA,NA,NA,NA,NA,NA,NA,NA,NA,NA,NA,NA,NA,NA,NA,NA,NA,NA,NA,NA,53,1,23,97,40.3333333333333,66.5,NA,NA,NA,NA,NA,NA
"244",NA,"Palestine",NA,NA,NA,NA,NA,NA,NA,NA,NA,NA,NA,NA,NA,NA,NA,NA,NA,NA,NA,NA,NA,NA,NA,NA,NA,NA,NA,NA,NA,NA,NA,NA,NA,NA,NA,NA,NA,NA,NA,NA,NA,NA,NA,NA,NA,NA,NA,NA,NA,NA,NA,NA,NA,NA,NA,NA,NA,NA,NA,NA,NA,NA,NA,NA,96,55,33,20,36,51,NA,NA,NA,NA,NA,NA
"245",NA,"Congo (Brazzaville)",NA,NA,NA,NA,NA,NA,NA,NA,NA,NA,NA,NA,NA,NA,NA,NA,NA,NA,NA,NA,NA,NA,NA,NA,NA,NA,NA,NA,NA,NA,NA,NA,NA,NA,NA,NA,NA,NA,NA,NA,NA,NA,NA,NA,NA,NA,NA,NA,NA,NA,NA,NA,NA,NA,NA,NA,NA,NA,NA,NA,NA,NA,NA,NA,NA,NA,NA,NA,NA,NA,31,0.309173865,120,28,0.597123060857143,25
"246",NA,"Congo (Kinshasa)",NA,NA,NA,NA,NA,NA,NA,NA,NA,NA,NA,NA,NA,NA,NA,NA,NA,NA,NA,NA,NA,NA,NA,NA,NA,NA,NA,NA,NA,NA,NA,NA,NA,NA,NA,NA,NA,NA,NA,NA,NA,NA,NA,NA,NA,NA,NA,NA,NA,NA,NA,NA,NA,NA,NA,NA,NA,NA,NA,NA,NA,NA,NA,NA,NA,NA,NA,NA,NA,NA,32,0.247973814857143,74,29,0.589391052571429,21
"247",NA,"Hong Kong S.A.R., China",NA,NA,NA,NA,NA,NA,NA,NA,NA,NA,NA,NA,NA,NA,NA,NA,NA,NA,NA,NA,NA,NA,NA,NA,NA,NA,NA,NA,NA,NA,NA,NA,NA,NA,NA,NA,NA,NA,NA,NA,NA,NA,NA,NA,NA,NA,NA,NA,NA,NA,NA,NA,NA,NA,NA,NA,NA,NA,NA,NA,NA,NA,NA,NA,NA,NA,NA,NA,NA,NA,57,0.212605336625,43,54,0.713979907375,75
"248",NA,"North Cyprus",NA,NA,NA,NA,NA,NA,NA,NA,NA,NA,NA,NA,NA,NA,NA,NA,NA,NA,NA,NA,NA,NA,NA,NA,NA,NA,NA,NA,NA,NA,NA,NA,NA,NA,NA,NA,NA,NA,NA,NA,NA,NA,NA,NA,NA,NA,NA,NA,NA,NA,NA,NA,NA,NA,NA,NA,NA,NA,NA,NA,NA,NA,NA,NA,NA,NA,NA,NA,NA,NA,104,0.36502769,143,99,0.679981005,58
"249",NA,"Palestinian Territories",NA,NA,NA,NA,NA,NA,NA,NA,NA,NA,NA,NA,NA,NA,NA,NA,NA,NA,NA,NA,NA,NA,NA,NA,NA,NA,NA,NA,NA,NA,NA,NA,NA,NA,NA,NA,NA,NA,NA,NA,NA,NA,NA,NA,NA,NA,NA,NA,NA,NA,NA,NA,NA,NA,NA,NA,NA,NA,NA,NA,NA,NA,NA,NA,NA,NA,NA,NA,NA,NA,108,0.395701660454545,148,101,0.576020479272727,15
"250",NA,"Somaliland region",NA,NA,NA,NA,NA,NA,NA,NA,NA,NA,NA,NA,NA,NA,NA,NA,NA,NA,NA,NA,NA,NA,NA,NA,NA,NA,NA,NA,NA,NA,NA,NA,NA,NA,NA,NA,NA,NA,NA,NA,NA,NA,NA,NA,NA,NA,NA,NA,NA,NA,NA,NA,NA,NA,NA,NA,NA,NA,NA,NA,NA,NA,NA,NA,NA,NA,NA,NA,NA,NA,125,0.11752759125,1,119,0.768032193,94
"251",NA,"Taiwan Province of China",NA,NA,NA,NA,NA,NA,NA,NA,NA,NA,NA,NA,NA,NA,NA,NA,NA,NA,NA,NA,NA,NA,NA,NA,NA,NA,NA,NA,NA,NA,NA,NA,NA,NA,NA,NA,NA,NA,NA,NA,NA,NA,NA,NA,NA,NA,NA,NA,NA,NA,NA,NA,NA,NA,NA,NA,NA,NA,NA,NA,NA,NA,NA,NA,NA,NA,NA,NA,NA,NA,137,0.124678259888889,2,131,0.829069137555556,131
